2026-05-31 17:34:44,233 [INFO] apscheduler.scheduler - Adding job tentatively -- it will be properly scheduled when the scheduler starts
2026-05-31 17:34:44,234 [INFO] apscheduler.scheduler - Added job "startup.<locals>._expiry_job" to job store "default"
2026-05-31 17:34:44,234 [INFO] apscheduler.scheduler - Scheduler started
2026-05-31 17:35:44,246 [INFO] apscheduler.executors.default - Running job "startup.<locals>._expiry_job (trigger: interval[0:01:00], next run at: 2026-05-31 17:36:44 +03)" (scheduled at 2026-05-31 17:35:44.233104+03:00)
2026-05-31 17:35:50,082 [INFO] apscheduler.executors.default - Job "startup.<locals>._expiry_job (trigger: interval[0:01:00], next run at: 2026-05-31 17:36:44 +03)" executed successfully
2026-05-31 17:36:44,244 [INFO] apscheduler.executors.default - Running job "startup.<locals>._expiry_job (trigger: interval[0:01:00], next run at: 2026-05-31 17:37:44 +03)" (scheduled at 2026-05-31 17:36:44.233104+03:00)
2026-05-31 17:36:45,991 [INFO] apscheduler.executors.default - Job "startup.<locals>._expiry_job (trigger: interval[0:01:00], next run at: 2026-05-31 17:37:44 +03)" executed successfully
2026-05-31 17:36:58,878 [WARNING] backend.auth - Invalid or expired JWT token received.
2026-05-31 17:36:58,883 [WARNING] backend.auth - Invalid or expired JWT token received.
2026-05-31 17:36:58,886 [WARNING] backend.auth - Invalid or expired JWT token received.
2026-05-31 17:37:44,241 [INFO] apscheduler.executors.default - Running job "startup.<locals>._expiry_job (trigger: interval[0:01:00], next run at: 2026-05-31 17:38:44 +03)" (scheduled at 2026-05-31 17:37:44.233104+03:00)
2026-05-31 17:37:46,017 [INFO] apscheduler.executors.default - Job "startup.<locals>._expiry_job (trigger: interval[0:01:00], next run at: 2026-05-31 17:38:44 +03)" executed successfully
2026-05-31 17:38:44,240 [INFO] apscheduler.executors.default - Running job "startup.<locals>._expiry_job (trigger: interval[0:01:00], next run at: 2026-05-31 17:39:44 +03)" (scheduled at 2026-05-31 17:38:44.233104+03:00)
2026-05-31 17:38:45,954 [INFO] apscheduler.executors.default - Job "startup.<locals>._expiry_job (trigger: interval[0:01:00], next run at: 2026-05-31 17:39:44 +03)" executed successfully
2026-05-31 17:39:44,236 [INFO] apscheduler.executors.default - Running job "startup.<locals>._expiry_job (trigger: interval[0:01:00], next run at: 2026-05-31 17:40:44 +03)" (scheduled at 2026-05-31 17:39:44.233104+03:00)
2026-05-31 17:39:45,814 [INFO] apscheduler.executors.default - Job "startup.<locals>._expiry_job (trigger: interval[0:01:00], next run at: 2026-05-31 17:40:44 +03)" executed successfully
2026-05-31 17:40:44,238 [INFO] apscheduler.executors.default - Running job "startup.<locals>._expiry_job (trigger: interval[0:01:00], next run at: 2026-05-31 17:41:44 +03)" (scheduled at 2026-05-31 17:40:44.233104+03:00)
2026-05-31 17:40:46,122 [INFO] apscheduler.executors.default - Job "startup.<locals>._expiry_job (trigger: interval[0:01:00], next run at: 2026-05-31 17:41:44 +03)" executed successfully
2026-05-31 17:41:44,236 [INFO] apscheduler.executors.default - Running job "startup.<locals>._expiry_job (trigger: interval[0:01:00], next run at: 2026-05-31 17:42:44 +03)" (scheduled at 2026-05-31 17:41:44.233104+03:00)
2026-05-31 17:41:47,358 [INFO] apscheduler.executors.default - Job "startup.<locals>._expiry_job (trigger: interval[0:01:00], next run at: 2026-05-31 17:42:44 +03)" executed successfully
2026-05-31 17:42:44,246 [INFO] apscheduler.executors.default - Running job "startup.<locals>._expiry_job (trigger: interval[0:01:00], next run at: 2026-05-31 17:43:44 +03)" (scheduled at 2026-05-31 17:42:44.233104+03:00)
2026-05-31 17:42:46,238 [INFO] apscheduler.executors.default - Job "startup.<locals>._expiry_job (trigger: interval[0:01:00], next run at: 2026-05-31 17:43:44 +03)" executed successfully
2026-05-31 17:43:44,238 [INFO] apscheduler.executors.default - Running job "startup.<locals>._expiry_job (trigger: interval[0:01:00], next run at: 2026-05-31 17:44:44 +03)" (scheduled at 2026-05-31 17:43:44.233104+03:00)
2026-05-31 17:43:46,041 [INFO] apscheduler.executors.default - Job "startup.<locals>._expiry_job (trigger: interval[0:01:00], next run at: 2026-05-31 17:44:44 +03)" executed successfully
2026-05-31 17:44:44,238 [INFO] apscheduler.executors.default - Running job "startup.<locals>._expiry_job (trigger: interval[0:01:00], next run at: 2026-05-31 17:45:44 +03)" (scheduled at 2026-05-31 17:44:44.233104+03:00)
2026-05-31 17:44:45,560 [INFO] apscheduler.executors.default - Job "startup.<locals>._expiry_job (trigger: interval[0:01:00], next run at: 2026-05-31 17:45:44 +03)" executed successfully
2026-05-31 17:45:44,236 [INFO] apscheduler.executors.default - Running job "startup.<locals>._expiry_job (trigger: interval[0:01:00], next run at: 2026-05-31 17:46:44 +03)" (scheduled at 2026-05-31 17:45:44.233104+03:00)
2026-05-31 17:45:45,791 [INFO] apscheduler.executors.default - Job "startup.<locals>._expiry_job (trigger: interval[0:01:00], next run at: 2026-05-31 17:46:44 +03)" executed successfully
2026-05-31 17:46:44,238 [INFO] apscheduler.executors.default - Running job "startup.<locals>._expiry_job (trigger: interval[0:01:00], next run at: 2026-05-31 17:47:44 +03)" (scheduled at 2026-05-31 17:46:44.233104+03:00)
2026-05-31 17:46:45,958 [INFO] apscheduler.executors.default - Job "startup.<locals>._expiry_job (trigger: interval[0:01:00], next run at: 2026-05-31 17:47:44 +03)" executed successfully
2026-05-31 17:47:44,236 [INFO] apscheduler.executors.default - Running job "startup.<locals>._expiry_job (trigger: interval[0:01:00], next run at: 2026-05-31 17:48:44 +03)" (scheduled at 2026-05-31 17:47:44.233104+03:00)
2026-05-31 17:47:47,194 [INFO] apscheduler.executors.default - Job "startup.<locals>._expiry_job (trigger: interval[0:01:00], next run at: 2026-05-31 17:48:44 +03)" executed successfully
2026-05-31 17:48:44,237 [INFO] apscheduler.executors.default - Running job "startup.<locals>._expiry_job (trigger: interval[0:01:00], next run at: 2026-05-31 17:49:44 +03)" (scheduled at 2026-05-31 17:48:44.233104+03:00)
2026-05-31 17:48:45,939 [INFO] apscheduler.executors.default - Job "startup.<locals>._expiry_job (trigger: interval[0:01:00], next run at: 2026-05-31 17:49:44 +03)" executed successfully
2026-05-31 17:49:44,235 [INFO] apscheduler.executors.default - Running job "startup.<locals>._expiry_job (trigger: interval[0:01:00], next run at: 2026-05-31 17:50:44 +03)" (scheduled at 2026-05-31 17:49:44.233104+03:00)
2026-05-31 17:49:45,699 [INFO] apscheduler.executors.default - Job "startup.<locals>._expiry_job (trigger: interval[0:01:00], next run at: 2026-05-31 17:50:44 +03)" executed successfully
2026-05-31 17:50:44,236 [INFO] apscheduler.executors.default - Running job "startup.<locals>._expiry_job (trigger: interval[0:01:00], next run at: 2026-05-31 17:51:44 +03)" (scheduled at 2026-05-31 17:50:44.233104+03:00)
2026-05-31 17:50:45,884 [INFO] apscheduler.executors.default - Job "startup.<locals>._expiry_job (trigger: interval[0:01:00], next run at: 2026-05-31 17:51:44 +03)" executed successfully
2026-05-31 17:51:44,242 [INFO] apscheduler.executors.default - Running job "startup.<locals>._expiry_job (trigger: interval[0:01:00], next run at: 2026-05-31 17:52:44 +03)" (scheduled at 2026-05-31 17:51:44.233104+03:00)
2026-05-31 17:51:45,733 [INFO] apscheduler.executors.default - Job "startup.<locals>._expiry_job (trigger: interval[0:01:00], next run at: 2026-05-31 17:52:44 +03)" executed successfully
2026-05-31 17:52:44,239 [INFO] apscheduler.executors.default - Running job "startup.<locals>._expiry_job (trigger: interval[0:01:00], next run at: 2026-05-31 17:53:44 +03)" (scheduled at 2026-05-31 17:52:44.233104+03:00)
2026-05-31 17:52:45,680 [INFO] apscheduler.executors.default - Job "startup.<locals>._expiry_job (trigger: interval[0:01:00], next run at: 2026-05-31 17:53:44 +03)" executed successfully
2026-05-31 17:53:44,247 [INFO] apscheduler.executors.default - Running job "startup.<locals>._expiry_job (trigger: interval[0:01:00], next run at: 2026-05-31 17:54:44 +03)" (scheduled at 2026-05-31 17:53:44.233104+03:00)
2026-05-31 17:53:57,579 [INFO] apscheduler.executors.default - Job "startup.<locals>._expiry_job (trigger: interval[0:01:00], next run at: 2026-05-31 17:54:44 +03)" executed successfully
2026-05-31 17:54:44,234 [INFO] apscheduler.executors.default - Running job "startup.<locals>._expiry_job (trigger: interval[0:01:00], next run at: 2026-05-31 17:55:44 +03)" (scheduled at 2026-05-31 17:54:44.233104+03:00)
2026-05-31 17:54:46,321 [INFO] apscheduler.executors.default - Job "startup.<locals>._expiry_job (trigger: interval[0:01:00], next run at: 2026-05-31 17:55:44 +03)" executed successfully
2026-05-31 17:55:44,242 [INFO] apscheduler.executors.default - Running job "startup.<locals>._expiry_job (trigger: interval[0:01:00], next run at: 2026-05-31 17:56:44 +03)" (scheduled at 2026-05-31 17:55:44.233104+03:00)
2026-05-31 17:55:45,816 [INFO] apscheduler.executors.default - Job "startup.<locals>._expiry_job (trigger: interval[0:01:00], next run at: 2026-05-31 17:56:44 +03)" executed successfully
2026-05-31 17:56:44,248 [INFO] apscheduler.executors.default - Running job "startup.<locals>._expiry_job (trigger: interval[0:01:00], next run at: 2026-05-31 17:57:44 +03)" (scheduled at 2026-05-31 17:56:44.233104+03:00)
2026-05-31 17:56:46,006 [INFO] apscheduler.executors.default - Job "startup.<locals>._expiry_job (trigger: interval[0:01:00], next run at: 2026-05-31 17:57:44 +03)" executed successfully
2026-05-31 17:56:46,713 [WARNING] backend.auth - Invalid or expired JWT token received.
2026-05-31 17:56:46,714 [WARNING] backend.auth - Invalid or expired JWT token received.
2026-05-31 17:56:46,719 [WARNING] backend.auth - Invalid or expired JWT token received.
2026-05-31 17:57:44,242 [INFO] apscheduler.executors.default - Running job "startup.<locals>._expiry_job (trigger: interval[0:01:00], next run at: 2026-05-31 17:58:44 +03)" (scheduled at 2026-05-31 17:57:44.233104+03:00)
2026-05-31 17:57:45,979 [INFO] apscheduler.executors.default - Job "startup.<locals>._expiry_job (trigger: interval[0:01:00], next run at: 2026-05-31 17:58:44 +03)" executed successfully
2026-05-31 17:58:17,807 [INFO] apscheduler.scheduler - Scheduler has been shut down
2026-05-31 17:58:22,179 [INFO] apscheduler.scheduler - Adding job tentatively -- it will be properly scheduled when the scheduler starts
2026-05-31 17:58:22,180 [INFO] apscheduler.scheduler - Added job "startup.<locals>._expiry_job" to job store "default"
2026-05-31 17:58:22,180 [INFO] apscheduler.scheduler - Scheduler started
2026-05-31 17:59:22,182 [INFO] apscheduler.executors.default - Running job "startup.<locals>._expiry_job (trigger: interval[0:01:00], next run at: 2026-05-31 18:00:22 +03)" (scheduled at 2026-05-31 17:59:22.178765+03:00)
2026-05-31 17:59:26,500 [ERROR] apscheduler.executors.default - Job "startup.<locals>._expiry_job (trigger: interval[0:01:00], next run at: 2026-05-31 18:00:22 +03)" raised an exception
Traceback (most recent call last):
  File "C:\Users\hp\AppData\Local\Programs\Python\Python314\Lib\site-packages\sqlalchemy\orm\mapper.py", line 2531, in get_property
    return self._props[key]
           ~~~~~~~~~~~^^^^^
KeyError: 'subjects'

The above exception was the direct cause of the following exception:

Traceback (most recent call last):
  File "C:\Users\hp\AppData\Local\Programs\Python\Python314\Lib\site-packages\apscheduler\executors\base.py", line 181, in run_coroutine_job
    retval = await job.func(*job.args, **job.kwargs)
             ^^^^^^^^^^^^^^^^^^^^^^^^^^^^^^^^^^^^^^^
  File "C:\Users\hp\Documents\Coding Projects\SchoolSync - internship\SchoolSync\backend\main.py", line 122, in _expiry_job
    await expire_overdue_assignments(db)
  File "C:\Users\hp\Documents\Coding Projects\SchoolSync - internship\SchoolSync\backend\relief_dispatch.py", line 58, in expire_overdue_assignments
    result = await db.execute(
             ^^^^^^^^^^^^^^^^^
    ...<5 lines>...
    )
    ^
  File "C:\Users\hp\AppData\Local\Programs\Python\Python314\Lib\site-packages\sqlalchemy\ext\asyncio\session.py", line 449, in execute
    result = await greenlet_spawn(
             ^^^^^^^^^^^^^^^^^^^^^
    ...<6 lines>...
    )
    ^
  File "C:\Users\hp\AppData\Local\Programs\Python\Python314\Lib\site-packages\sqlalchemy\util\_concurrency_py3k.py", line 203, in greenlet_spawn
    result = context.switch(value)
  File "C:\Users\hp\AppData\Local\Programs\Python\Python314\Lib\site-packages\sqlalchemy\orm\session.py", line 2351, in execute
    return self._execute_internal(
           ~~~~~~~~~~~~~~~~~~~~~~^
        statement,
        ^^^^^^^^^^
    ...<4 lines>...
        _add_event=_add_event,
        ^^^^^^^^^^^^^^^^^^^^^^
    )
    ^
  File "C:\Users\hp\AppData\Local\Programs\Python\Python314\Lib\site-packages\sqlalchemy\orm\session.py", line 2249, in _execute_internal
    result: Result[Any] = compile_state_cls.orm_execute_statement(
                          ~~~~~~~~~~~~~~~~~~~~~~~~~~~~~~~~~~~~~~~^
        self,
        ^^^^^
    ...<4 lines>...
        conn,
        ^^^^^
    )
    ^
  File "C:\Users\hp\AppData\Local\Programs\Python\Python314\Lib\site-packages\sqlalchemy\orm\context.py", line 306, in orm_execute_statement
    result = conn.execute(
        statement, params or {}, execution_options=execution_options
    )
  File "C:\Users\hp\AppData\Local\Programs\Python\Python314\Lib\site-packages\sqlalchemy\engine\base.py", line 1419, in execute
    return meth(
        self,
        distilled_parameters,
        execution_options or NO_OPTIONS,
    )
  File "C:\Users\hp\AppData\Local\Programs\Python\Python314\Lib\site-packages\sqlalchemy\sql\elements.py", line 527, in _execute_on_connection
    return connection._execute_clauseelement(
           ~~~~~~~~~~~~~~~~~~~~~~~~~~~~~~~~~^
        self, distilled_params, execution_options
        ^^^^^^^^^^^^^^^^^^^^^^^^^^^^^^^^^^^^^^^^^
    )
    ^
  File "C:\Users\hp\AppData\Local\Programs\Python\Python314\Lib\site-packages\sqlalchemy\engine\base.py", line 1633, in _execute_clauseelement
    compiled_sql, extracted_params, cache_hit = elem._compile_w_cache(
                                                ~~~~~~~~~~~~~~~~~~~~~^
        dialect=dialect,
        ^^^^^^^^^^^^^^^^
    ...<4 lines>...
        linting=self.dialect.compiler_linting | compiler.WARN_LINTING,
        ^^^^^^^^^^^^^^^^^^^^^^^^^^^^^^^^^^^^^^^^^^^^^^^^^^^^^^^^^^^^^^
    )
    ^
  File "C:\Users\hp\AppData\Local\Programs\Python\Python314\Lib\site-packages\sqlalchemy\sql\elements.py", line 716, in _compile_w_cache
    compiled_sql = self._compiler(
        dialect,
    ...<4 lines>...
        **kw,
    )
  File "C:\Users\hp\AppData\Local\Programs\Python\Python314\Lib\site-packages\sqlalchemy\sql\elements.py", line 324, in _compiler
    return dialect.statement_compiler(dialect, self, **kw)
           ~~~~~~~~~~~~~~~~~~~~~~~~~~^^^^^^^^^^^^^^^^^^^^^
  File "C:\Users\hp\AppData\Local\Programs\Python\Python314\Lib\site-packages\sqlalchemy\sql\compiler.py", line 1461, in __init__
    Compiled.__init__(self, dialect, statement, **kwargs)
    ~~~~~~~~~~~~~~~~~^^^^^^^^^^^^^^^^^^^^^^^^^^^^^^^^^^^^
  File "C:\Users\hp\AppData\Local\Programs\Python\Python314\Lib\site-packages\sqlalchemy\sql\compiler.py", line 901, in __init__
    self.string = self.process(self.statement, **compile_kwargs)
                  ~~~~~~~~~~~~^^^^^^^^^^^^^^^^^^^^^^^^^^^^^^^^^^
  File "C:\Users\hp\AppData\Local\Programs\Python\Python314\Lib\site-packages\sqlalchemy\sql\compiler.py", line 947, in process
    return obj._compiler_dispatch(self, **kwargs)
           ~~~~~~~~~~~~~~~~~~~~~~^^^^^^^^^^^^^^^^
  File "C:\Users\hp\AppData\Local\Programs\Python\Python314\Lib\site-packages\sqlalchemy\sql\visitors.py", line 138, in _compiler_dispatch
    return meth(self, **kw)  # type: ignore  # noqa: E501
  File "C:\Users\hp\AppData\Local\Programs\Python\Python314\Lib\site-packages\sqlalchemy\sql\compiler.py", line 4809, in visit_select
    compile_state = select_stmt._compile_state_factory(
        select_stmt, self, **kwargs
    )
  File "C:\Users\hp\AppData\Local\Programs\Python\Python314\Lib\site-packages\sqlalchemy\sql\base.py", line 775, in create_for_statement
    return klass.create_for_statement(statement, compiler, **kw)
           ~~~~~~~~~~~~~~~~~~~~~~~~~~^^^^^^^^^^^^^^^^^^^^^^^^^^^
  File "C:\Users\hp\AppData\Local\Programs\Python\Python314\Lib\site-packages\sqlalchemy\orm\context.py", line 447, in create_for_statement
    return cls._create_orm_context(
           ~~~~~~~~~~~~~~~~~~~~~~~^
        cast("Union[Select, FromStatement]", statement),
        ^^^^^^^^^^^^^^^^^^^^^^^^^^^^^^^^^^^^^^^^^^^^^^^^
    ...<2 lines>...
        **kw,
        ^^^^^
    )
    ^
  File "C:\Users\hp\AppData\Local\Programs\Python\Python314\Lib\site-packages\sqlalchemy\orm\context.py", line 1175, in _create_orm_context
    _QueryEntity.to_compile_state(
    ~~~~~~~~~~~~~~~~~~~~~~~~~~~~~^
        self,
        ^^^^^
    ...<2 lines>...
        is_current_entities=True,
        ^^^^^^^^^^^^^^^^^^^^^^^^^
    )
    ^
  File "C:\Users\hp\AppData\Local\Programs\Python\Python314\Lib\site-packages\sqlalchemy\orm\context.py", line 2628, in to_compile_state
    _MapperEntity(
    ~~~~~~~~~~~~~^
        compile_state,
        ^^^^^^^^^^^^^^
    ...<2 lines>...
        is_current_entities,
        ^^^^^^^^^^^^^^^^^^^^
    )
    ^
  File "C:\Users\hp\AppData\Local\Programs\Python\Python314\Lib\site-packages\sqlalchemy\orm\context.py", line 2708, in __init__
    entity._post_inspect
  File "C:\Users\hp\AppData\Local\Programs\Python\Python314\Lib\site-packages\sqlalchemy\util\langhelpers.py", line 1235, in __get__
    obj.__dict__[self.__name__] = result = self.fget(obj)
                                           ~~~~~~~~~^^^^^
  File "C:\Users\hp\AppData\Local\Programs\Python\Python314\Lib\site-packages\sqlalchemy\orm\mapper.py", line 2733, in _post_inspect
    self._check_configure()
    ~~~~~~~~~~~~~~~~~~~~~^^
  File "C:\Users\hp\AppData\Local\Programs\Python\Python314\Lib\site-packages\sqlalchemy\orm\mapper.py", line 2410, in _check_configure
    _configure_registries({self.registry}, cascade=True)
    ~~~~~~~~~~~~~~~~~~~~~^^^^^^^^^^^^^^^^^^^^^^^^^^^^^^^
  File "C:\Users\hp\AppData\Local\Programs\Python\Python314\Lib\site-packages\sqlalchemy\orm\mapper.py", line 4227, in _configure_registries
    _do_configure_registries(registries, cascade)
    ~~~~~~~~~~~~~~~~~~~~~~~~^^^^^^^^^^^^^^^^^^^^^
  File "C:\Users\hp\AppData\Local\Programs\Python\Python314\Lib\site-packages\sqlalchemy\orm\mapper.py", line 4268, in _do_configure_registries
    mapper._post_configure_properties()
    ~~~~~~~~~~~~~~~~~~~~~~~~~~~~~~~~~^^
  File "C:\Users\hp\AppData\Local\Programs\Python\Python314\Lib\site-packages\sqlalchemy\orm\mapper.py", line 2427, in _post_configure_properties
    prop.init()
    ~~~~~~~~~^^
  File "C:\Users\hp\AppData\Local\Programs\Python\Python314\Lib\site-packages\sqlalchemy\orm\interfaces.py", line 595, in init
    self.do_init()
    ~~~~~~~~~~~~^^
  File "C:\Users\hp\AppData\Local\Programs\Python\Python314\Lib\site-packages\sqlalchemy\orm\relationships.py", line 1660, in do_init
    self._generate_backref()
    ~~~~~~~~~~~~~~~~~~~~~~^^
  File "C:\Users\hp\AppData\Local\Programs\Python\Python314\Lib\site-packages\sqlalchemy\orm\relationships.py", line 2144, in _generate_backref
    self._add_reverse_property(self.back_populates)
    ~~~~~~~~~~~~~~~~~~~~~~~~~~^^^^^^^^^^^^^^^^^^^^^
  File "C:\Users\hp\AppData\Local\Programs\Python\Python314\Lib\site-packages\sqlalchemy\orm\relationships.py", line 1591, in _add_reverse_property
    other = self.mapper.get_property(key, _configure_mappers=False)
  File "C:\Users\hp\AppData\Local\Programs\Python\Python314\Lib\site-packages\sqlalchemy\orm\mapper.py", line 2533, in get_property
    raise sa_exc.InvalidRequestError(
    ...<3 lines>...
    ) from err
sqlalchemy.exc.InvalidRequestError: Mapper 'Mapper[Department(departments)]' has no property 'subjects'.  If this property was indicated from other mappers or configure events, ensure registry.configure() has been called.
2026-05-31 18:00:22,184 [INFO] apscheduler.executors.default - Running job "startup.<locals>._expiry_job (trigger: interval[0:01:00], next run at: 2026-05-31 18:01:22 +03)" (scheduled at 2026-05-31 18:00:22.178765+03:00)
2026-05-31 18:00:23,294 [ERROR] apscheduler.executors.default - Job "startup.<locals>._expiry_job (trigger: interval[0:01:00], next run at: 2026-05-31 18:01:22 +03)" raised an exception
Traceback (most recent call last):
  File "C:\Users\hp\AppData\Local\Programs\Python\Python314\Lib\site-packages\apscheduler\executors\base.py", line 181, in run_coroutine_job
    retval = await job.func(*job.args, **job.kwargs)
             ^^^^^^^^^^^^^^^^^^^^^^^^^^^^^^^^^^^^^^^
  File "C:\Users\hp\Documents\Coding Projects\SchoolSync - internship\SchoolSync\backend\main.py", line 122, in _expiry_job
    await expire_overdue_assignments(db)
  File "C:\Users\hp\Documents\Coding Projects\SchoolSync - internship\SchoolSync\backend\relief_dispatch.py", line 58, in expire_overdue_assignments
    result = await db.execute(
             ^^^^^^^^^^^^^^^^^
    ...<5 lines>...
    )
    ^
  File "C:\Users\hp\AppData\Local\Programs\Python\Python314\Lib\site-packages\sqlalchemy\ext\asyncio\session.py", line 449, in execute
    result = await greenlet_spawn(
             ^^^^^^^^^^^^^^^^^^^^^
    ...<6 lines>...
    )
    ^
  File "C:\Users\hp\AppData\Local\Programs\Python\Python314\Lib\site-packages\sqlalchemy\util\_concurrency_py3k.py", line 203, in greenlet_spawn
    result = context.switch(value)
  File "C:\Users\hp\AppData\Local\Programs\Python\Python314\Lib\site-packages\sqlalchemy\orm\session.py", line 2351, in execute
    return self._execute_internal(
           ~~~~~~~~~~~~~~~~~~~~~~^
        statement,
        ^^^^^^^^^^
    ...<4 lines>...
        _add_event=_add_event,
        ^^^^^^^^^^^^^^^^^^^^^^
    )
    ^
  File "C:\Users\hp\AppData\Local\Programs\Python\Python314\Lib\site-packages\sqlalchemy\orm\session.py", line 2249, in _execute_internal
    result: Result[Any] = compile_state_cls.orm_execute_statement(
                          ~~~~~~~~~~~~~~~~~~~~~~~~~~~~~~~~~~~~~~~^
        self,
        ^^^^^
    ...<4 lines>...
        conn,
        ^^^^^
    )
    ^
  File "C:\Users\hp\AppData\Local\Programs\Python\Python314\Lib\site-packages\sqlalchemy\orm\context.py", line 306, in orm_execute_statement
    result = conn.execute(
        statement, params or {}, execution_options=execution_options
    )
  File "C:\Users\hp\AppData\Local\Programs\Python\Python314\Lib\site-packages\sqlalchemy\engine\base.py", line 1419, in execute
    return meth(
        self,
        distilled_parameters,
        execution_options or NO_OPTIONS,
    )
  File "C:\Users\hp\AppData\Local\Programs\Python\Python314\Lib\site-packages\sqlalchemy\sql\elements.py", line 527, in _execute_on_connection
    return connection._execute_clauseelement(
           ~~~~~~~~~~~~~~~~~~~~~~~~~~~~~~~~~^
        self, distilled_params, execution_options
        ^^^^^^^^^^^^^^^^^^^^^^^^^^^^^^^^^^^^^^^^^
    )
    ^
  File "C:\Users\hp\AppData\Local\Programs\Python\Python314\Lib\site-packages\sqlalchemy\engine\base.py", line 1633, in _execute_clauseelement
    compiled_sql, extracted_params, cache_hit = elem._compile_w_cache(
                                                ~~~~~~~~~~~~~~~~~~~~~^
        dialect=dialect,
        ^^^^^^^^^^^^^^^^
    ...<4 lines>...
        linting=self.dialect.compiler_linting | compiler.WARN_LINTING,
        ^^^^^^^^^^^^^^^^^^^^^^^^^^^^^^^^^^^^^^^^^^^^^^^^^^^^^^^^^^^^^^
    )
    ^
  File "C:\Users\hp\AppData\Local\Programs\Python\Python314\Lib\site-packages\sqlalchemy\sql\elements.py", line 716, in _compile_w_cache
    compiled_sql = self._compiler(
        dialect,
    ...<4 lines>...
        **kw,
    )
  File "C:\Users\hp\AppData\Local\Programs\Python\Python314\Lib\site-packages\sqlalchemy\sql\elements.py", line 324, in _compiler
    return dialect.statement_compiler(dialect, self, **kw)
           ~~~~~~~~~~~~~~~~~~~~~~~~~~^^^^^^^^^^^^^^^^^^^^^
  File "C:\Users\hp\AppData\Local\Programs\Python\Python314\Lib\site-packages\sqlalchemy\sql\compiler.py", line 1461, in __init__
    Compiled.__init__(self, dialect, statement, **kwargs)
    ~~~~~~~~~~~~~~~~~^^^^^^^^^^^^^^^^^^^^^^^^^^^^^^^^^^^^
  File "C:\Users\hp\AppData\Local\Programs\Python\Python314\Lib\site-packages\sqlalchemy\sql\compiler.py", line 901, in __init__
    self.string = self.process(self.statement, **compile_kwargs)
                  ~~~~~~~~~~~~^^^^^^^^^^^^^^^^^^^^^^^^^^^^^^^^^^
  File "C:\Users\hp\AppData\Local\Programs\Python\Python314\Lib\site-packages\sqlalchemy\sql\compiler.py", line 947, in process
    return obj._compiler_dispatch(self, **kwargs)
           ~~~~~~~~~~~~~~~~~~~~~~^^^^^^^^^^^^^^^^
  File "C:\Users\hp\AppData\Local\Programs\Python\Python314\Lib\site-packages\sqlalchemy\sql\visitors.py", line 138, in _compiler_dispatch
    return meth(self, **kw)  # type: ignore  # noqa: E501
  File "C:\Users\hp\AppData\Local\Programs\Python\Python314\Lib\site-packages\sqlalchemy\sql\compiler.py", line 4809, in visit_select
    compile_state = select_stmt._compile_state_factory(
        select_stmt, self, **kwargs
    )
  File "C:\Users\hp\AppData\Local\Programs\Python\Python314\Lib\site-packages\sqlalchemy\sql\base.py", line 775, in create_for_statement
    return klass.create_for_statement(statement, compiler, **kw)
           ~~~~~~~~~~~~~~~~~~~~~~~~~~^^^^^^^^^^^^^^^^^^^^^^^^^^^
  File "C:\Users\hp\AppData\Local\Programs\Python\Python314\Lib\site-packages\sqlalchemy\orm\context.py", line 447, in create_for_statement
    return cls._create_orm_context(
           ~~~~~~~~~~~~~~~~~~~~~~~^
        cast("Union[Select, FromStatement]", statement),
        ^^^^^^^^^^^^^^^^^^^^^^^^^^^^^^^^^^^^^^^^^^^^^^^^
    ...<2 lines>...
        **kw,
        ^^^^^
    )
    ^
  File "C:\Users\hp\AppData\Local\Programs\Python\Python314\Lib\site-packages\sqlalchemy\orm\context.py", line 1175, in _create_orm_context
    _QueryEntity.to_compile_state(
    ~~~~~~~~~~~~~~~~~~~~~~~~~~~~~^
        self,
        ^^^^^
    ...<2 lines>...
        is_current_entities=True,
        ^^^^^^^^^^^^^^^^^^^^^^^^^
    )
    ^
  File "C:\Users\hp\AppData\Local\Programs\Python\Python314\Lib\site-packages\sqlalchemy\orm\context.py", line 2628, in to_compile_state
    _MapperEntity(
    ~~~~~~~~~~~~~^
        compile_state,
        ^^^^^^^^^^^^^^
    ...<2 lines>...
        is_current_entities,
        ^^^^^^^^^^^^^^^^^^^^
    )
    ^
  File "C:\Users\hp\AppData\Local\Programs\Python\Python314\Lib\site-packages\sqlalchemy\orm\context.py", line 2708, in __init__
    entity._post_inspect
  File "C:\Users\hp\AppData\Local\Programs\Python\Python314\Lib\site-packages\sqlalchemy\util\langhelpers.py", line 1235, in __get__
    obj.__dict__[self.__name__] = result = self.fget(obj)
                                           ~~~~~~~~~^^^^^
  File "C:\Users\hp\AppData\Local\Programs\Python\Python314\Lib\site-packages\sqlalchemy\orm\mapper.py", line 2733, in _post_inspect
    self._check_configure()
    ~~~~~~~~~~~~~~~~~~~~~^^
  File "C:\Users\hp\AppData\Local\Programs\Python\Python314\Lib\site-packages\sqlalchemy\orm\mapper.py", line 2410, in _check_configure
    _configure_registries({self.registry}, cascade=True)
    ~~~~~~~~~~~~~~~~~~~~~^^^^^^^^^^^^^^^^^^^^^^^^^^^^^^^
  File "C:\Users\hp\AppData\Local\Programs\Python\Python314\Lib\site-packages\sqlalchemy\orm\mapper.py", line 4227, in _configure_registries
    _do_configure_registries(registries, cascade)
    ~~~~~~~~~~~~~~~~~~~~~~~~^^^^^^^^^^^^^^^^^^^^^
  File "C:\Users\hp\AppData\Local\Programs\Python\Python314\Lib\site-packages\sqlalchemy\orm\mapper.py", line 4264, in _do_configure_registries
    raise e
sqlalchemy.exc.InvalidRequestError: One or more mappers failed to initialize - can't proceed with initialization of other mappers. Triggering mapper: 'Mapper[Subject(subjects)]'. Original exception was: Mapper 'Mapper[Department(departments)]' has no property 'subjects'.  If this property was indicated from other mappers or configure events, ensure registry.configure() has been called.
2026-05-31 18:01:22,181 [INFO] apscheduler.executors.default - Running job "startup.<locals>._expiry_job (trigger: interval[0:01:00], next run at: 2026-05-31 18:02:22 +03)" (scheduled at 2026-05-31 18:01:22.178765+03:00)
2026-05-31 18:01:23,049 [ERROR] apscheduler.executors.default - Job "startup.<locals>._expiry_job (trigger: interval[0:01:00], next run at: 2026-05-31 18:02:22 +03)" raised an exception
Traceback (most recent call last):
  File "C:\Users\hp\AppData\Local\Programs\Python\Python314\Lib\site-packages\apscheduler\executors\base.py", line 181, in run_coroutine_job
    retval = await job.func(*job.args, **job.kwargs)
             ^^^^^^^^^^^^^^^^^^^^^^^^^^^^^^^^^^^^^^^
  File "C:\Users\hp\Documents\Coding Projects\SchoolSync - internship\SchoolSync\backend\main.py", line 122, in _expiry_job
    await expire_overdue_assignments(db)
  File "C:\Users\hp\Documents\Coding Projects\SchoolSync - internship\SchoolSync\backend\relief_dispatch.py", line 58, in expire_overdue_assignments
    result = await db.execute(
             ^^^^^^^^^^^^^^^^^
    ...<5 lines>...
    )
    ^
  File "C:\Users\hp\AppData\Local\Programs\Python\Python314\Lib\site-packages\sqlalchemy\ext\asyncio\session.py", line 449, in execute
    result = await greenlet_spawn(
             ^^^^^^^^^^^^^^^^^^^^^
    ...<6 lines>...
    )
    ^
  File "C:\Users\hp\AppData\Local\Programs\Python\Python314\Lib\site-packages\sqlalchemy\util\_concurrency_py3k.py", line 203, in greenlet_spawn
    result = context.switch(value)
  File "C:\Users\hp\AppData\Local\Programs\Python\Python314\Lib\site-packages\sqlalchemy\orm\session.py", line 2351, in execute
    return self._execute_internal(
           ~~~~~~~~~~~~~~~~~~~~~~^
        statement,
        ^^^^^^^^^^
    ...<4 lines>...
        _add_event=_add_event,
        ^^^^^^^^^^^^^^^^^^^^^^
    )
    ^
  File "C:\Users\hp\AppData\Local\Programs\Python\Python314\Lib\site-packages\sqlalchemy\orm\session.py", line 2249, in _execute_internal
    result: Result[Any] = compile_state_cls.orm_execute_statement(
                          ~~~~~~~~~~~~~~~~~~~~~~~~~~~~~~~~~~~~~~~^
        self,
        ^^^^^
    ...<4 lines>...
        conn,
        ^^^^^
    )
    ^
  File "C:\Users\hp\AppData\Local\Programs\Python\Python314\Lib\site-packages\sqlalchemy\orm\context.py", line 306, in orm_execute_statement
    result = conn.execute(
        statement, params or {}, execution_options=execution_options
    )
  File "C:\Users\hp\AppData\Local\Programs\Python\Python314\Lib\site-packages\sqlalchemy\engine\base.py", line 1419, in execute
    return meth(
        self,
        distilled_parameters,
        execution_options or NO_OPTIONS,
    )
  File "C:\Users\hp\AppData\Local\Programs\Python\Python314\Lib\site-packages\sqlalchemy\sql\elements.py", line 527, in _execute_on_connection
    return connection._execute_clauseelement(
           ~~~~~~~~~~~~~~~~~~~~~~~~~~~~~~~~~^
        self, distilled_params, execution_options
        ^^^^^^^^^^^^^^^^^^^^^^^^^^^^^^^^^^^^^^^^^
    )
    ^
  File "C:\Users\hp\AppData\Local\Programs\Python\Python314\Lib\site-packages\sqlalchemy\engine\base.py", line 1633, in _execute_clauseelement
    compiled_sql, extracted_params, cache_hit = elem._compile_w_cache(
                                                ~~~~~~~~~~~~~~~~~~~~~^
        dialect=dialect,
        ^^^^^^^^^^^^^^^^
    ...<4 lines>...
        linting=self.dialect.compiler_linting | compiler.WARN_LINTING,
        ^^^^^^^^^^^^^^^^^^^^^^^^^^^^^^^^^^^^^^^^^^^^^^^^^^^^^^^^^^^^^^
    )
    ^
  File "C:\Users\hp\AppData\Local\Programs\Python\Python314\Lib\site-packages\sqlalchemy\sql\elements.py", line 716, in _compile_w_cache
    compiled_sql = self._compiler(
        dialect,
    ...<4 lines>...
        **kw,
    )
  File "C:\Users\hp\AppData\Local\Programs\Python\Python314\Lib\site-packages\sqlalchemy\sql\elements.py", line 324, in _compiler
    return dialect.statement_compiler(dialect, self, **kw)
           ~~~~~~~~~~~~~~~~~~~~~~~~~~^^^^^^^^^^^^^^^^^^^^^
  File "C:\Users\hp\AppData\Local\Programs\Python\Python314\Lib\site-packages\sqlalchemy\sql\compiler.py", line 1461, in __init__
    Compiled.__init__(self, dialect, statement, **kwargs)
    ~~~~~~~~~~~~~~~~~^^^^^^^^^^^^^^^^^^^^^^^^^^^^^^^^^^^^
  File "C:\Users\hp\AppData\Local\Programs\Python\Python314\Lib\site-packages\sqlalchemy\sql\compiler.py", line 901, in __init__
    self.string = self.process(self.statement, **compile_kwargs)
                  ~~~~~~~~~~~~^^^^^^^^^^^^^^^^^^^^^^^^^^^^^^^^^^
  File "C:\Users\hp\AppData\Local\Programs\Python\Python314\Lib\site-packages\sqlalchemy\sql\compiler.py", line 947, in process
    return obj._compiler_dispatch(self, **kwargs)
           ~~~~~~~~~~~~~~~~~~~~~~^^^^^^^^^^^^^^^^
  File "C:\Users\hp\AppData\Local\Programs\Python\Python314\Lib\site-packages\sqlalchemy\sql\visitors.py", line 138, in _compiler_dispatch
    return meth(self, **kw)  # type: ignore  # noqa: E501
  File "C:\Users\hp\AppData\Local\Programs\Python\Python314\Lib\site-packages\sqlalchemy\sql\compiler.py", line 4809, in visit_select
    compile_state = select_stmt._compile_state_factory(
        select_stmt, self, **kwargs
    )
  File "C:\Users\hp\AppData\Local\Programs\Python\Python314\Lib\site-packages\sqlalchemy\sql\base.py", line 775, in create_for_statement
    return klass.create_for_statement(statement, compiler, **kw)
           ~~~~~~~~~~~~~~~~~~~~~~~~~~^^^^^^^^^^^^^^^^^^^^^^^^^^^
  File "C:\Users\hp\AppData\Local\Programs\Python\Python314\Lib\site-packages\sqlalchemy\orm\context.py", line 447, in create_for_statement
    return cls._create_orm_context(
           ~~~~~~~~~~~~~~~~~~~~~~~^
        cast("Union[Select, FromStatement]", statement),
        ^^^^^^^^^^^^^^^^^^^^^^^^^^^^^^^^^^^^^^^^^^^^^^^^
    ...<2 lines>...
        **kw,
        ^^^^^
    )
    ^
  File "C:\Users\hp\AppData\Local\Programs\Python\Python314\Lib\site-packages\sqlalchemy\orm\context.py", line 1175, in _create_orm_context
    _QueryEntity.to_compile_state(
    ~~~~~~~~~~~~~~~~~~~~~~~~~~~~~^
        self,
        ^^^^^
    ...<2 lines>...
        is_current_entities=True,
        ^^^^^^^^^^^^^^^^^^^^^^^^^
    )
    ^
  File "C:\Users\hp\AppData\Local\Programs\Python\Python314\Lib\site-packages\sqlalchemy\orm\context.py", line 2628, in to_compile_state
    _MapperEntity(
    ~~~~~~~~~~~~~^
        compile_state,
        ^^^^^^^^^^^^^^
    ...<2 lines>...
        is_current_entities,
        ^^^^^^^^^^^^^^^^^^^^
    )
    ^
  File "C:\Users\hp\AppData\Local\Programs\Python\Python314\Lib\site-packages\sqlalchemy\orm\context.py", line 2708, in __init__
    entity._post_inspect
  File "C:\Users\hp\AppData\Local\Programs\Python\Python314\Lib\site-packages\sqlalchemy\util\langhelpers.py", line 1235, in __get__
    obj.__dict__[self.__name__] = result = self.fget(obj)
                                           ~~~~~~~~~^^^^^
  File "C:\Users\hp\AppData\Local\Programs\Python\Python314\Lib\site-packages\sqlalchemy\orm\mapper.py", line 2733, in _post_inspect
    self._check_configure()
    ~~~~~~~~~~~~~~~~~~~~~^^
  File "C:\Users\hp\AppData\Local\Programs\Python\Python314\Lib\site-packages\sqlalchemy\orm\mapper.py", line 2410, in _check_configure
    _configure_registries({self.registry}, cascade=True)
    ~~~~~~~~~~~~~~~~~~~~~^^^^^^^^^^^^^^^^^^^^^^^^^^^^^^^
  File "C:\Users\hp\AppData\Local\Programs\Python\Python314\Lib\site-packages\sqlalchemy\orm\mapper.py", line 4227, in _configure_registries
    _do_configure_registries(registries, cascade)
    ~~~~~~~~~~~~~~~~~~~~~~~~^^^^^^^^^^^^^^^^^^^^^
  File "C:\Users\hp\AppData\Local\Programs\Python\Python314\Lib\site-packages\sqlalchemy\orm\mapper.py", line 4264, in _do_configure_registries
    raise e
sqlalchemy.exc.InvalidRequestError: One or more mappers failed to initialize - can't proceed with initialization of other mappers. Triggering mapper: 'Mapper[Subject(subjects)]'. Original exception was: Mapper 'Mapper[Department(departments)]' has no property 'subjects'.  If this property was indicated from other mappers or configure events, ensure registry.configure() has been called.
2026-05-31 18:02:22,187 [INFO] apscheduler.executors.default - Running job "startup.<locals>._expiry_job (trigger: interval[0:01:00], next run at: 2026-05-31 18:03:22 +03)" (scheduled at 2026-05-31 18:02:22.178765+03:00)
2026-05-31 18:02:23,057 [ERROR] apscheduler.executors.default - Job "startup.<locals>._expiry_job (trigger: interval[0:01:00], next run at: 2026-05-31 18:03:22 +03)" raised an exception
Traceback (most recent call last):
  File "C:\Users\hp\AppData\Local\Programs\Python\Python314\Lib\site-packages\apscheduler\executors\base.py", line 181, in run_coroutine_job
    retval = await job.func(*job.args, **job.kwargs)
             ^^^^^^^^^^^^^^^^^^^^^^^^^^^^^^^^^^^^^^^
  File "C:\Users\hp\Documents\Coding Projects\SchoolSync - internship\SchoolSync\backend\main.py", line 122, in _expiry_job
    await expire_overdue_assignments(db)
  File "C:\Users\hp\Documents\Coding Projects\SchoolSync - internship\SchoolSync\backend\relief_dispatch.py", line 58, in expire_overdue_assignments
    result = await db.execute(
             ^^^^^^^^^^^^^^^^^
    ...<5 lines>...
    )
    ^
  File "C:\Users\hp\AppData\Local\Programs\Python\Python314\Lib\site-packages\sqlalchemy\ext\asyncio\session.py", line 449, in execute
    result = await greenlet_spawn(
             ^^^^^^^^^^^^^^^^^^^^^
    ...<6 lines>...
    )
    ^
  File "C:\Users\hp\AppData\Local\Programs\Python\Python314\Lib\site-packages\sqlalchemy\util\_concurrency_py3k.py", line 203, in greenlet_spawn
    result = context.switch(value)
  File "C:\Users\hp\AppData\Local\Programs\Python\Python314\Lib\site-packages\sqlalchemy\orm\session.py", line 2351, in execute
    return self._execute_internal(
           ~~~~~~~~~~~~~~~~~~~~~~^
        statement,
        ^^^^^^^^^^
    ...<4 lines>...
        _add_event=_add_event,
        ^^^^^^^^^^^^^^^^^^^^^^
    )
    ^
  File "C:\Users\hp\AppData\Local\Programs\Python\Python314\Lib\site-packages\sqlalchemy\orm\session.py", line 2249, in _execute_internal
    result: Result[Any] = compile_state_cls.orm_execute_statement(
                          ~~~~~~~~~~~~~~~~~~~~~~~~~~~~~~~~~~~~~~~^
        self,
        ^^^^^
    ...<4 lines>...
        conn,
        ^^^^^
    )
    ^
  File "C:\Users\hp\AppData\Local\Programs\Python\Python314\Lib\site-packages\sqlalchemy\orm\context.py", line 306, in orm_execute_statement
    result = conn.execute(
        statement, params or {}, execution_options=execution_options
    )
  File "C:\Users\hp\AppData\Local\Programs\Python\Python314\Lib\site-packages\sqlalchemy\engine\base.py", line 1419, in execute
    return meth(
        self,
        distilled_parameters,
        execution_options or NO_OPTIONS,
    )
  File "C:\Users\hp\AppData\Local\Programs\Python\Python314\Lib\site-packages\sqlalchemy\sql\elements.py", line 527, in _execute_on_connection
    return connection._execute_clauseelement(
           ~~~~~~~~~~~~~~~~~~~~~~~~~~~~~~~~~^
        self, distilled_params, execution_options
        ^^^^^^^^^^^^^^^^^^^^^^^^^^^^^^^^^^^^^^^^^
    )
    ^
  File "C:\Users\hp\AppData\Local\Programs\Python\Python314\Lib\site-packages\sqlalchemy\engine\base.py", line 1633, in _execute_clauseelement
    compiled_sql, extracted_params, cache_hit = elem._compile_w_cache(
                                                ~~~~~~~~~~~~~~~~~~~~~^
        dialect=dialect,
        ^^^^^^^^^^^^^^^^
    ...<4 lines>...
        linting=self.dialect.compiler_linting | compiler.WARN_LINTING,
        ^^^^^^^^^^^^^^^^^^^^^^^^^^^^^^^^^^^^^^^^^^^^^^^^^^^^^^^^^^^^^^
    )
    ^
  File "C:\Users\hp\AppData\Local\Programs\Python\Python314\Lib\site-packages\sqlalchemy\sql\elements.py", line 716, in _compile_w_cache
    compiled_sql = self._compiler(
        dialect,
    ...<4 lines>...
        **kw,
    )
  File "C:\Users\hp\AppData\Local\Programs\Python\Python314\Lib\site-packages\sqlalchemy\sql\elements.py", line 324, in _compiler
    return dialect.statement_compiler(dialect, self, **kw)
           ~~~~~~~~~~~~~~~~~~~~~~~~~~^^^^^^^^^^^^^^^^^^^^^
  File "C:\Users\hp\AppData\Local\Programs\Python\Python314\Lib\site-packages\sqlalchemy\sql\compiler.py", line 1461, in __init__
    Compiled.__init__(self, dialect, statement, **kwargs)
    ~~~~~~~~~~~~~~~~~^^^^^^^^^^^^^^^^^^^^^^^^^^^^^^^^^^^^
  File "C:\Users\hp\AppData\Local\Programs\Python\Python314\Lib\site-packages\sqlalchemy\sql\compiler.py", line 901, in __init__
    self.string = self.process(self.statement, **compile_kwargs)
                  ~~~~~~~~~~~~^^^^^^^^^^^^^^^^^^^^^^^^^^^^^^^^^^
  File "C:\Users\hp\AppData\Local\Programs\Python\Python314\Lib\site-packages\sqlalchemy\sql\compiler.py", line 947, in process
    return obj._compiler_dispatch(self, **kwargs)
           ~~~~~~~~~~~~~~~~~~~~~~^^^^^^^^^^^^^^^^
  File "C:\Users\hp\AppData\Local\Programs\Python\Python314\Lib\site-packages\sqlalchemy\sql\visitors.py", line 138, in _compiler_dispatch
    return meth(self, **kw)  # type: ignore  # noqa: E501
  File "C:\Users\hp\AppData\Local\Programs\Python\Python314\Lib\site-packages\sqlalchemy\sql\compiler.py", line 4809, in visit_select
    compile_state = select_stmt._compile_state_factory(
        select_stmt, self, **kwargs
    )
  File "C:\Users\hp\AppData\Local\Programs\Python\Python314\Lib\site-packages\sqlalchemy\sql\base.py", line 775, in create_for_statement
    return klass.create_for_statement(statement, compiler, **kw)
           ~~~~~~~~~~~~~~~~~~~~~~~~~~^^^^^^^^^^^^^^^^^^^^^^^^^^^
  File "C:\Users\hp\AppData\Local\Programs\Python\Python314\Lib\site-packages\sqlalchemy\orm\context.py", line 447, in create_for_statement
    return cls._create_orm_context(
           ~~~~~~~~~~~~~~~~~~~~~~~^
        cast("Union[Select, FromStatement]", statement),
        ^^^^^^^^^^^^^^^^^^^^^^^^^^^^^^^^^^^^^^^^^^^^^^^^
    ...<2 lines>...
        **kw,
        ^^^^^
    )
    ^
  File "C:\Users\hp\AppData\Local\Programs\Python\Python314\Lib\site-packages\sqlalchemy\orm\context.py", line 1175, in _create_orm_context
    _QueryEntity.to_compile_state(
    ~~~~~~~~~~~~~~~~~~~~~~~~~~~~~^
        self,
        ^^^^^
    ...<2 lines>...
        is_current_entities=True,
        ^^^^^^^^^^^^^^^^^^^^^^^^^
    )
    ^
  File "C:\Users\hp\AppData\Local\Programs\Python\Python314\Lib\site-packages\sqlalchemy\orm\context.py", line 2628, in to_compile_state
    _MapperEntity(
    ~~~~~~~~~~~~~^
        compile_state,
        ^^^^^^^^^^^^^^
    ...<2 lines>...
        is_current_entities,
        ^^^^^^^^^^^^^^^^^^^^
    )
    ^
  File "C:\Users\hp\AppData\Local\Programs\Python\Python314\Lib\site-packages\sqlalchemy\orm\context.py", line 2708, in __init__
    entity._post_inspect
  File "C:\Users\hp\AppData\Local\Programs\Python\Python314\Lib\site-packages\sqlalchemy\util\langhelpers.py", line 1235, in __get__
    obj.__dict__[self.__name__] = result = self.fget(obj)
                                           ~~~~~~~~~^^^^^
  File "C:\Users\hp\AppData\Local\Programs\Python\Python314\Lib\site-packages\sqlalchemy\orm\mapper.py", line 2733, in _post_inspect
    self._check_configure()
    ~~~~~~~~~~~~~~~~~~~~~^^
  File "C:\Users\hp\AppData\Local\Programs\Python\Python314\Lib\site-packages\sqlalchemy\orm\mapper.py", line 2410, in _check_configure
    _configure_registries({self.registry}, cascade=True)
    ~~~~~~~~~~~~~~~~~~~~~^^^^^^^^^^^^^^^^^^^^^^^^^^^^^^^
  File "C:\Users\hp\AppData\Local\Programs\Python\Python314\Lib\site-packages\sqlalchemy\orm\mapper.py", line 4227, in _configure_registries
    _do_configure_registries(registries, cascade)
    ~~~~~~~~~~~~~~~~~~~~~~~~^^^^^^^^^^^^^^^^^^^^^
  File "C:\Users\hp\AppData\Local\Programs\Python\Python314\Lib\site-packages\sqlalchemy\orm\mapper.py", line 4264, in _do_configure_registries
    raise e
sqlalchemy.exc.InvalidRequestError: One or more mappers failed to initialize - can't proceed with initialization of other mappers. Triggering mapper: 'Mapper[Subject(subjects)]'. Original exception was: Mapper 'Mapper[Department(departments)]' has no property 'subjects'.  If this property was indicated from other mappers or configure events, ensure registry.configure() has been called.
2026-05-31 18:03:22,186 [INFO] apscheduler.executors.default - Running job "startup.<locals>._expiry_job (trigger: interval[0:01:00], next run at: 2026-05-31 18:04:22 +03)" (scheduled at 2026-05-31 18:03:22.178765+03:00)
2026-05-31 18:03:23,269 [ERROR] apscheduler.executors.default - Job "startup.<locals>._expiry_job (trigger: interval[0:01:00], next run at: 2026-05-31 18:04:22 +03)" raised an exception
Traceback (most recent call last):
  File "C:\Users\hp\AppData\Local\Programs\Python\Python314\Lib\site-packages\apscheduler\executors\base.py", line 181, in run_coroutine_job
    retval = await job.func(*job.args, **job.kwargs)
             ^^^^^^^^^^^^^^^^^^^^^^^^^^^^^^^^^^^^^^^
  File "C:\Users\hp\Documents\Coding Projects\SchoolSync - internship\SchoolSync\backend\main.py", line 122, in _expiry_job
    await expire_overdue_assignments(db)
  File "C:\Users\hp\Documents\Coding Projects\SchoolSync - internship\SchoolSync\backend\relief_dispatch.py", line 58, in expire_overdue_assignments
    result = await db.execute(
             ^^^^^^^^^^^^^^^^^
    ...<5 lines>...
    )
    ^
  File "C:\Users\hp\AppData\Local\Programs\Python\Python314\Lib\site-packages\sqlalchemy\ext\asyncio\session.py", line 449, in execute
    result = await greenlet_spawn(
             ^^^^^^^^^^^^^^^^^^^^^
    ...<6 lines>...
    )
    ^
  File "C:\Users\hp\AppData\Local\Programs\Python\Python314\Lib\site-packages\sqlalchemy\util\_concurrency_py3k.py", line 203, in greenlet_spawn
    result = context.switch(value)
  File "C:\Users\hp\AppData\Local\Programs\Python\Python314\Lib\site-packages\sqlalchemy\orm\session.py", line 2351, in execute
    return self._execute_internal(
           ~~~~~~~~~~~~~~~~~~~~~~^
        statement,
        ^^^^^^^^^^
    ...<4 lines>...
        _add_event=_add_event,
        ^^^^^^^^^^^^^^^^^^^^^^
    )
    ^
  File "C:\Users\hp\AppData\Local\Programs\Python\Python314\Lib\site-packages\sqlalchemy\orm\session.py", line 2249, in _execute_internal
    result: Result[Any] = compile_state_cls.orm_execute_statement(
                          ~~~~~~~~~~~~~~~~~~~~~~~~~~~~~~~~~~~~~~~^
        self,
        ^^^^^
    ...<4 lines>...
        conn,
        ^^^^^
    )
    ^
  File "C:\Users\hp\AppData\Local\Programs\Python\Python314\Lib\site-packages\sqlalchemy\orm\context.py", line 306, in orm_execute_statement
    result = conn.execute(
        statement, params or {}, execution_options=execution_options
    )
  File "C:\Users\hp\AppData\Local\Programs\Python\Python314\Lib\site-packages\sqlalchemy\engine\base.py", line 1419, in execute
    return meth(
        self,
        distilled_parameters,
        execution_options or NO_OPTIONS,
    )
  File "C:\Users\hp\AppData\Local\Programs\Python\Python314\Lib\site-packages\sqlalchemy\sql\elements.py", line 527, in _execute_on_connection
    return connection._execute_clauseelement(
           ~~~~~~~~~~~~~~~~~~~~~~~~~~~~~~~~~^
        self, distilled_params, execution_options
        ^^^^^^^^^^^^^^^^^^^^^^^^^^^^^^^^^^^^^^^^^
    )
    ^
  File "C:\Users\hp\AppData\Local\Programs\Python\Python314\Lib\site-packages\sqlalchemy\engine\base.py", line 1633, in _execute_clauseelement
    compiled_sql, extracted_params, cache_hit = elem._compile_w_cache(
                                                ~~~~~~~~~~~~~~~~~~~~~^
        dialect=dialect,
        ^^^^^^^^^^^^^^^^
    ...<4 lines>...
        linting=self.dialect.compiler_linting | compiler.WARN_LINTING,
        ^^^^^^^^^^^^^^^^^^^^^^^^^^^^^^^^^^^^^^^^^^^^^^^^^^^^^^^^^^^^^^
    )
    ^
  File "C:\Users\hp\AppData\Local\Programs\Python\Python314\Lib\site-packages\sqlalchemy\sql\elements.py", line 716, in _compile_w_cache
    compiled_sql = self._compiler(
        dialect,
    ...<4 lines>...
        **kw,
    )
  File "C:\Users\hp\AppData\Local\Programs\Python\Python314\Lib\site-packages\sqlalchemy\sql\elements.py", line 324, in _compiler
    return dialect.statement_compiler(dialect, self, **kw)
           ~~~~~~~~~~~~~~~~~~~~~~~~~~^^^^^^^^^^^^^^^^^^^^^
  File "C:\Users\hp\AppData\Local\Programs\Python\Python314\Lib\site-packages\sqlalchemy\sql\compiler.py", line 1461, in __init__
    Compiled.__init__(self, dialect, statement, **kwargs)
    ~~~~~~~~~~~~~~~~~^^^^^^^^^^^^^^^^^^^^^^^^^^^^^^^^^^^^
  File "C:\Users\hp\AppData\Local\Programs\Python\Python314\Lib\site-packages\sqlalchemy\sql\compiler.py", line 901, in __init__
    self.string = self.process(self.statement, **compile_kwargs)
                  ~~~~~~~~~~~~^^^^^^^^^^^^^^^^^^^^^^^^^^^^^^^^^^
  File "C:\Users\hp\AppData\Local\Programs\Python\Python314\Lib\site-packages\sqlalchemy\sql\compiler.py", line 947, in process
    return obj._compiler_dispatch(self, **kwargs)
           ~~~~~~~~~~~~~~~~~~~~~~^^^^^^^^^^^^^^^^
  File "C:\Users\hp\AppData\Local\Programs\Python\Python314\Lib\site-packages\sqlalchemy\sql\visitors.py", line 138, in _compiler_dispatch
    return meth(self, **kw)  # type: ignore  # noqa: E501
  File "C:\Users\hp\AppData\Local\Programs\Python\Python314\Lib\site-packages\sqlalchemy\sql\compiler.py", line 4809, in visit_select
    compile_state = select_stmt._compile_state_factory(
        select_stmt, self, **kwargs
    )
  File "C:\Users\hp\AppData\Local\Programs\Python\Python314\Lib\site-packages\sqlalchemy\sql\base.py", line 775, in create_for_statement
    return klass.create_for_statement(statement, compiler, **kw)
           ~~~~~~~~~~~~~~~~~~~~~~~~~~^^^^^^^^^^^^^^^^^^^^^^^^^^^
  File "C:\Users\hp\AppData\Local\Programs\Python\Python314\Lib\site-packages\sqlalchemy\orm\context.py", line 447, in create_for_statement
    return cls._create_orm_context(
           ~~~~~~~~~~~~~~~~~~~~~~~^
        cast("Union[Select, FromStatement]", statement),
        ^^^^^^^^^^^^^^^^^^^^^^^^^^^^^^^^^^^^^^^^^^^^^^^^
    ...<2 lines>...
        **kw,
        ^^^^^
    )
    ^
  File "C:\Users\hp\AppData\Local\Programs\Python\Python314\Lib\site-packages\sqlalchemy\orm\context.py", line 1175, in _create_orm_context
    _QueryEntity.to_compile_state(
    ~~~~~~~~~~~~~~~~~~~~~~~~~~~~~^
        self,
        ^^^^^
    ...<2 lines>...
        is_current_entities=True,
        ^^^^^^^^^^^^^^^^^^^^^^^^^
    )
    ^
  File "C:\Users\hp\AppData\Local\Programs\Python\Python314\Lib\site-packages\sqlalchemy\orm\context.py", line 2628, in to_compile_state
    _MapperEntity(
    ~~~~~~~~~~~~~^
        compile_state,
        ^^^^^^^^^^^^^^
    ...<2 lines>...
        is_current_entities,
        ^^^^^^^^^^^^^^^^^^^^
    )
    ^
  File "C:\Users\hp\AppData\Local\Programs\Python\Python314\Lib\site-packages\sqlalchemy\orm\context.py", line 2708, in __init__
    entity._post_inspect
  File "C:\Users\hp\AppData\Local\Programs\Python\Python314\Lib\site-packages\sqlalchemy\util\langhelpers.py", line 1235, in __get__
    obj.__dict__[self.__name__] = result = self.fget(obj)
                                           ~~~~~~~~~^^^^^
  File "C:\Users\hp\AppData\Local\Programs\Python\Python314\Lib\site-packages\sqlalchemy\orm\mapper.py", line 2733, in _post_inspect
    self._check_configure()
    ~~~~~~~~~~~~~~~~~~~~~^^
  File "C:\Users\hp\AppData\Local\Programs\Python\Python314\Lib\site-packages\sqlalchemy\orm\mapper.py", line 2410, in _check_configure
    _configure_registries({self.registry}, cascade=True)
    ~~~~~~~~~~~~~~~~~~~~~^^^^^^^^^^^^^^^^^^^^^^^^^^^^^^^
  File "C:\Users\hp\AppData\Local\Programs\Python\Python314\Lib\site-packages\sqlalchemy\orm\mapper.py", line 4227, in _configure_registries
    _do_configure_registries(registries, cascade)
    ~~~~~~~~~~~~~~~~~~~~~~~~^^^^^^^^^^^^^^^^^^^^^
  File "C:\Users\hp\AppData\Local\Programs\Python\Python314\Lib\site-packages\sqlalchemy\orm\mapper.py", line 4264, in _do_configure_registries
    raise e
sqlalchemy.exc.InvalidRequestError: One or more mappers failed to initialize - can't proceed with initialization of other mappers. Triggering mapper: 'Mapper[Subject(subjects)]'. Original exception was: Mapper 'Mapper[Department(departments)]' has no property 'subjects'.  If this property was indicated from other mappers or configure events, ensure registry.configure() has been called.
2026-05-31 18:04:09,066 [WARNING] backend.auth - Invalid or expired JWT token received.
2026-05-31 18:04:22,188 [INFO] apscheduler.executors.default - Running job "startup.<locals>._expiry_job (trigger: interval[0:01:00], next run at: 2026-05-31 18:05:22 +03)" (scheduled at 2026-05-31 18:04:22.178765+03:00)
2026-05-31 18:04:23,667 [ERROR] apscheduler.executors.default - Job "startup.<locals>._expiry_job (trigger: interval[0:01:00], next run at: 2026-05-31 18:05:22 +03)" raised an exception
Traceback (most recent call last):
  File "C:\Users\hp\AppData\Local\Programs\Python\Python314\Lib\site-packages\apscheduler\executors\base.py", line 181, in run_coroutine_job
    retval = await job.func(*job.args, **job.kwargs)
             ^^^^^^^^^^^^^^^^^^^^^^^^^^^^^^^^^^^^^^^
  File "C:\Users\hp\Documents\Coding Projects\SchoolSync - internship\SchoolSync\backend\main.py", line 122, in _expiry_job
    await expire_overdue_assignments(db)
  File "C:\Users\hp\Documents\Coding Projects\SchoolSync - internship\SchoolSync\backend\relief_dispatch.py", line 58, in expire_overdue_assignments
    result = await db.execute(
             ^^^^^^^^^^^^^^^^^
    ...<5 lines>...
    )
    ^
  File "C:\Users\hp\AppData\Local\Programs\Python\Python314\Lib\site-packages\sqlalchemy\ext\asyncio\session.py", line 449, in execute
    result = await greenlet_spawn(
             ^^^^^^^^^^^^^^^^^^^^^
    ...<6 lines>...
    )
    ^
  File "C:\Users\hp\AppData\Local\Programs\Python\Python314\Lib\site-packages\sqlalchemy\util\_concurrency_py3k.py", line 203, in greenlet_spawn
    result = context.switch(value)
  File "C:\Users\hp\AppData\Local\Programs\Python\Python314\Lib\site-packages\sqlalchemy\orm\session.py", line 2351, in execute
    return self._execute_internal(
           ~~~~~~~~~~~~~~~~~~~~~~^
        statement,
        ^^^^^^^^^^
    ...<4 lines>...
        _add_event=_add_event,
        ^^^^^^^^^^^^^^^^^^^^^^
    )
    ^
  File "C:\Users\hp\AppData\Local\Programs\Python\Python314\Lib\site-packages\sqlalchemy\orm\session.py", line 2249, in _execute_internal
    result: Result[Any] = compile_state_cls.orm_execute_statement(
                          ~~~~~~~~~~~~~~~~~~~~~~~~~~~~~~~~~~~~~~~^
        self,
        ^^^^^
    ...<4 lines>...
        conn,
        ^^^^^
    )
    ^
  File "C:\Users\hp\AppData\Local\Programs\Python\Python314\Lib\site-packages\sqlalchemy\orm\context.py", line 306, in orm_execute_statement
    result = conn.execute(
        statement, params or {}, execution_options=execution_options
    )
  File "C:\Users\hp\AppData\Local\Programs\Python\Python314\Lib\site-packages\sqlalchemy\engine\base.py", line 1419, in execute
    return meth(
        self,
        distilled_parameters,
        execution_options or NO_OPTIONS,
    )
  File "C:\Users\hp\AppData\Local\Programs\Python\Python314\Lib\site-packages\sqlalchemy\sql\elements.py", line 527, in _execute_on_connection
    return connection._execute_clauseelement(
           ~~~~~~~~~~~~~~~~~~~~~~~~~~~~~~~~~^
        self, distilled_params, execution_options
        ^^^^^^^^^^^^^^^^^^^^^^^^^^^^^^^^^^^^^^^^^
    )
    ^
  File "C:\Users\hp\AppData\Local\Programs\Python\Python314\Lib\site-packages\sqlalchemy\engine\base.py", line 1633, in _execute_clauseelement
    compiled_sql, extracted_params, cache_hit = elem._compile_w_cache(
                                                ~~~~~~~~~~~~~~~~~~~~~^
        dialect=dialect,
        ^^^^^^^^^^^^^^^^
    ...<4 lines>...
        linting=self.dialect.compiler_linting | compiler.WARN_LINTING,
        ^^^^^^^^^^^^^^^^^^^^^^^^^^^^^^^^^^^^^^^^^^^^^^^^^^^^^^^^^^^^^^
    )
    ^
  File "C:\Users\hp\AppData\Local\Programs\Python\Python314\Lib\site-packages\sqlalchemy\sql\elements.py", line 716, in _compile_w_cache
    compiled_sql = self._compiler(
        dialect,
    ...<4 lines>...
        **kw,
    )
  File "C:\Users\hp\AppData\Local\Programs\Python\Python314\Lib\site-packages\sqlalchemy\sql\elements.py", line 324, in _compiler
    return dialect.statement_compiler(dialect, self, **kw)
           ~~~~~~~~~~~~~~~~~~~~~~~~~~^^^^^^^^^^^^^^^^^^^^^
  File "C:\Users\hp\AppData\Local\Programs\Python\Python314\Lib\site-packages\sqlalchemy\sql\compiler.py", line 1461, in __init__
    Compiled.__init__(self, dialect, statement, **kwargs)
    ~~~~~~~~~~~~~~~~~^^^^^^^^^^^^^^^^^^^^^^^^^^^^^^^^^^^^
  File "C:\Users\hp\AppData\Local\Programs\Python\Python314\Lib\site-packages\sqlalchemy\sql\compiler.py", line 901, in __init__
    self.string = self.process(self.statement, **compile_kwargs)
                  ~~~~~~~~~~~~^^^^^^^^^^^^^^^^^^^^^^^^^^^^^^^^^^
  File "C:\Users\hp\AppData\Local\Programs\Python\Python314\Lib\site-packages\sqlalchemy\sql\compiler.py", line 947, in process
    return obj._compiler_dispatch(self, **kwargs)
           ~~~~~~~~~~~~~~~~~~~~~~^^^^^^^^^^^^^^^^
  File "C:\Users\hp\AppData\Local\Programs\Python\Python314\Lib\site-packages\sqlalchemy\sql\visitors.py", line 138, in _compiler_dispatch
    return meth(self, **kw)  # type: ignore  # noqa: E501
  File "C:\Users\hp\AppData\Local\Programs\Python\Python314\Lib\site-packages\sqlalchemy\sql\compiler.py", line 4809, in visit_select
    compile_state = select_stmt._compile_state_factory(
        select_stmt, self, **kwargs
    )
  File "C:\Users\hp\AppData\Local\Programs\Python\Python314\Lib\site-packages\sqlalchemy\sql\base.py", line 775, in create_for_statement
    return klass.create_for_statement(statement, compiler, **kw)
           ~~~~~~~~~~~~~~~~~~~~~~~~~~^^^^^^^^^^^^^^^^^^^^^^^^^^^
  File "C:\Users\hp\AppData\Local\Programs\Python\Python314\Lib\site-packages\sqlalchemy\orm\context.py", line 447, in create_for_statement
    return cls._create_orm_context(
           ~~~~~~~~~~~~~~~~~~~~~~~^
        cast("Union[Select, FromStatement]", statement),
        ^^^^^^^^^^^^^^^^^^^^^^^^^^^^^^^^^^^^^^^^^^^^^^^^
    ...<2 lines>...
        **kw,
        ^^^^^
    )
    ^
  File "C:\Users\hp\AppData\Local\Programs\Python\Python314\Lib\site-packages\sqlalchemy\orm\context.py", line 1175, in _create_orm_context
    _QueryEntity.to_compile_state(
    ~~~~~~~~~~~~~~~~~~~~~~~~~~~~~^
        self,
        ^^^^^
    ...<2 lines>...
        is_current_entities=True,
        ^^^^^^^^^^^^^^^^^^^^^^^^^
    )
    ^
  File "C:\Users\hp\AppData\Local\Programs\Python\Python314\Lib\site-packages\sqlalchemy\orm\context.py", line 2628, in to_compile_state
    _MapperEntity(
    ~~~~~~~~~~~~~^
        compile_state,
        ^^^^^^^^^^^^^^
    ...<2 lines>...
        is_current_entities,
        ^^^^^^^^^^^^^^^^^^^^
    )
    ^
  File "C:\Users\hp\AppData\Local\Programs\Python\Python314\Lib\site-packages\sqlalchemy\orm\context.py", line 2708, in __init__
    entity._post_inspect
  File "C:\Users\hp\AppData\Local\Programs\Python\Python314\Lib\site-packages\sqlalchemy\util\langhelpers.py", line 1235, in __get__
    obj.__dict__[self.__name__] = result = self.fget(obj)
                                           ~~~~~~~~~^^^^^
  File "C:\Users\hp\AppData\Local\Programs\Python\Python314\Lib\site-packages\sqlalchemy\orm\mapper.py", line 2733, in _post_inspect
    self._check_configure()
    ~~~~~~~~~~~~~~~~~~~~~^^
  File "C:\Users\hp\AppData\Local\Programs\Python\Python314\Lib\site-packages\sqlalchemy\orm\mapper.py", line 2410, in _check_configure
    _configure_registries({self.registry}, cascade=True)
    ~~~~~~~~~~~~~~~~~~~~~^^^^^^^^^^^^^^^^^^^^^^^^^^^^^^^
  File "C:\Users\hp\AppData\Local\Programs\Python\Python314\Lib\site-packages\sqlalchemy\orm\mapper.py", line 4227, in _configure_registries
    _do_configure_registries(registries, cascade)
    ~~~~~~~~~~~~~~~~~~~~~~~~^^^^^^^^^^^^^^^^^^^^^
  File "C:\Users\hp\AppData\Local\Programs\Python\Python314\Lib\site-packages\sqlalchemy\orm\mapper.py", line 4264, in _do_configure_registries
    raise e
sqlalchemy.exc.InvalidRequestError: One or more mappers failed to initialize - can't proceed with initialization of other mappers. Triggering mapper: 'Mapper[Subject(subjects)]'. Original exception was: Mapper 'Mapper[Department(departments)]' has no property 'subjects'.  If this property was indicated from other mappers or configure events, ensure registry.configure() has been called.
2026-05-31 18:05:22,189 [INFO] apscheduler.executors.default - Running job "startup.<locals>._expiry_job (trigger: interval[0:01:00], next run at: 2026-05-31 18:06:22 +03)" (scheduled at 2026-05-31 18:05:22.178765+03:00)
2026-05-31 18:05:23,058 [ERROR] apscheduler.executors.default - Job "startup.<locals>._expiry_job (trigger: interval[0:01:00], next run at: 2026-05-31 18:06:22 +03)" raised an exception
Traceback (most recent call last):
  File "C:\Users\hp\AppData\Local\Programs\Python\Python314\Lib\site-packages\apscheduler\executors\base.py", line 181, in run_coroutine_job
    retval = await job.func(*job.args, **job.kwargs)
             ^^^^^^^^^^^^^^^^^^^^^^^^^^^^^^^^^^^^^^^
  File "C:\Users\hp\Documents\Coding Projects\SchoolSync - internship\SchoolSync\backend\main.py", line 122, in _expiry_job
    await expire_overdue_assignments(db)
  File "C:\Users\hp\Documents\Coding Projects\SchoolSync - internship\SchoolSync\backend\relief_dispatch.py", line 58, in expire_overdue_assignments
    result = await db.execute(
             ^^^^^^^^^^^^^^^^^
    ...<5 lines>...
    )
    ^
  File "C:\Users\hp\AppData\Local\Programs\Python\Python314\Lib\site-packages\sqlalchemy\ext\asyncio\session.py", line 449, in execute
    result = await greenlet_spawn(
             ^^^^^^^^^^^^^^^^^^^^^
    ...<6 lines>...
    )
    ^
  File "C:\Users\hp\AppData\Local\Programs\Python\Python314\Lib\site-packages\sqlalchemy\util\_concurrency_py3k.py", line 203, in greenlet_spawn
    result = context.switch(value)
  File "C:\Users\hp\AppData\Local\Programs\Python\Python314\Lib\site-packages\sqlalchemy\orm\session.py", line 2351, in execute
    return self._execute_internal(
           ~~~~~~~~~~~~~~~~~~~~~~^
        statement,
        ^^^^^^^^^^
    ...<4 lines>...
        _add_event=_add_event,
        ^^^^^^^^^^^^^^^^^^^^^^
    )
    ^
  File "C:\Users\hp\AppData\Local\Programs\Python\Python314\Lib\site-packages\sqlalchemy\orm\session.py", line 2249, in _execute_internal
    result: Result[Any] = compile_state_cls.orm_execute_statement(
                          ~~~~~~~~~~~~~~~~~~~~~~~~~~~~~~~~~~~~~~~^
        self,
        ^^^^^
    ...<4 lines>...
        conn,
        ^^^^^
    )
    ^
  File "C:\Users\hp\AppData\Local\Programs\Python\Python314\Lib\site-packages\sqlalchemy\orm\context.py", line 306, in orm_execute_statement
    result = conn.execute(
        statement, params or {}, execution_options=execution_options
    )
  File "C:\Users\hp\AppData\Local\Programs\Python\Python314\Lib\site-packages\sqlalchemy\engine\base.py", line 1419, in execute
    return meth(
        self,
        distilled_parameters,
        execution_options or NO_OPTIONS,
    )
  File "C:\Users\hp\AppData\Local\Programs\Python\Python314\Lib\site-packages\sqlalchemy\sql\elements.py", line 527, in _execute_on_connection
    return connection._execute_clauseelement(
           ~~~~~~~~~~~~~~~~~~~~~~~~~~~~~~~~~^
        self, distilled_params, execution_options
        ^^^^^^^^^^^^^^^^^^^^^^^^^^^^^^^^^^^^^^^^^
    )
    ^
  File "C:\Users\hp\AppData\Local\Programs\Python\Python314\Lib\site-packages\sqlalchemy\engine\base.py", line 1633, in _execute_clauseelement
    compiled_sql, extracted_params, cache_hit = elem._compile_w_cache(
                                                ~~~~~~~~~~~~~~~~~~~~~^
        dialect=dialect,
        ^^^^^^^^^^^^^^^^
    ...<4 lines>...
        linting=self.dialect.compiler_linting | compiler.WARN_LINTING,
        ^^^^^^^^^^^^^^^^^^^^^^^^^^^^^^^^^^^^^^^^^^^^^^^^^^^^^^^^^^^^^^
    )
    ^
  File "C:\Users\hp\AppData\Local\Programs\Python\Python314\Lib\site-packages\sqlalchemy\sql\elements.py", line 716, in _compile_w_cache
    compiled_sql = self._compiler(
        dialect,
    ...<4 lines>...
        **kw,
    )
  File "C:\Users\hp\AppData\Local\Programs\Python\Python314\Lib\site-packages\sqlalchemy\sql\elements.py", line 324, in _compiler
    return dialect.statement_compiler(dialect, self, **kw)
           ~~~~~~~~~~~~~~~~~~~~~~~~~~^^^^^^^^^^^^^^^^^^^^^
  File "C:\Users\hp\AppData\Local\Programs\Python\Python314\Lib\site-packages\sqlalchemy\sql\compiler.py", line 1461, in __init__
    Compiled.__init__(self, dialect, statement, **kwargs)
    ~~~~~~~~~~~~~~~~~^^^^^^^^^^^^^^^^^^^^^^^^^^^^^^^^^^^^
  File "C:\Users\hp\AppData\Local\Programs\Python\Python314\Lib\site-packages\sqlalchemy\sql\compiler.py", line 901, in __init__
    self.string = self.process(self.statement, **compile_kwargs)
                  ~~~~~~~~~~~~^^^^^^^^^^^^^^^^^^^^^^^^^^^^^^^^^^
  File "C:\Users\hp\AppData\Local\Programs\Python\Python314\Lib\site-packages\sqlalchemy\sql\compiler.py", line 947, in process
    return obj._compiler_dispatch(self, **kwargs)
           ~~~~~~~~~~~~~~~~~~~~~~^^^^^^^^^^^^^^^^
  File "C:\Users\hp\AppData\Local\Programs\Python\Python314\Lib\site-packages\sqlalchemy\sql\visitors.py", line 138, in _compiler_dispatch
    return meth(self, **kw)  # type: ignore  # noqa: E501
  File "C:\Users\hp\AppData\Local\Programs\Python\Python314\Lib\site-packages\sqlalchemy\sql\compiler.py", line 4809, in visit_select
    compile_state = select_stmt._compile_state_factory(
        select_stmt, self, **kwargs
    )
  File "C:\Users\hp\AppData\Local\Programs\Python\Python314\Lib\site-packages\sqlalchemy\sql\base.py", line 775, in create_for_statement
    return klass.create_for_statement(statement, compiler, **kw)
           ~~~~~~~~~~~~~~~~~~~~~~~~~~^^^^^^^^^^^^^^^^^^^^^^^^^^^
  File "C:\Users\hp\AppData\Local\Programs\Python\Python314\Lib\site-packages\sqlalchemy\orm\context.py", line 447, in create_for_statement
    return cls._create_orm_context(
           ~~~~~~~~~~~~~~~~~~~~~~~^
        cast("Union[Select, FromStatement]", statement),
        ^^^^^^^^^^^^^^^^^^^^^^^^^^^^^^^^^^^^^^^^^^^^^^^^
    ...<2 lines>...
        **kw,
        ^^^^^
    )
    ^
  File "C:\Users\hp\AppData\Local\Programs\Python\Python314\Lib\site-packages\sqlalchemy\orm\context.py", line 1175, in _create_orm_context
    _QueryEntity.to_compile_state(
    ~~~~~~~~~~~~~~~~~~~~~~~~~~~~~^
        self,
        ^^^^^
    ...<2 lines>...
        is_current_entities=True,
        ^^^^^^^^^^^^^^^^^^^^^^^^^
    )
    ^
  File "C:\Users\hp\AppData\Local\Programs\Python\Python314\Lib\site-packages\sqlalchemy\orm\context.py", line 2628, in to_compile_state
    _MapperEntity(
    ~~~~~~~~~~~~~^
        compile_state,
        ^^^^^^^^^^^^^^
    ...<2 lines>...
        is_current_entities,
        ^^^^^^^^^^^^^^^^^^^^
    )
    ^
  File "C:\Users\hp\AppData\Local\Programs\Python\Python314\Lib\site-packages\sqlalchemy\orm\context.py", line 2708, in __init__
    entity._post_inspect
  File "C:\Users\hp\AppData\Local\Programs\Python\Python314\Lib\site-packages\sqlalchemy\util\langhelpers.py", line 1235, in __get__
    obj.__dict__[self.__name__] = result = self.fget(obj)
                                           ~~~~~~~~~^^^^^
  File "C:\Users\hp\AppData\Local\Programs\Python\Python314\Lib\site-packages\sqlalchemy\orm\mapper.py", line 2733, in _post_inspect
    self._check_configure()
    ~~~~~~~~~~~~~~~~~~~~~^^
  File "C:\Users\hp\AppData\Local\Programs\Python\Python314\Lib\site-packages\sqlalchemy\orm\mapper.py", line 2410, in _check_configure
    _configure_registries({self.registry}, cascade=True)
    ~~~~~~~~~~~~~~~~~~~~~^^^^^^^^^^^^^^^^^^^^^^^^^^^^^^^
  File "C:\Users\hp\AppData\Local\Programs\Python\Python314\Lib\site-packages\sqlalchemy\orm\mapper.py", line 4227, in _configure_registries
    _do_configure_registries(registries, cascade)
    ~~~~~~~~~~~~~~~~~~~~~~~~^^^^^^^^^^^^^^^^^^^^^
  File "C:\Users\hp\AppData\Local\Programs\Python\Python314\Lib\site-packages\sqlalchemy\orm\mapper.py", line 4264, in _do_configure_registries
    raise e
sqlalchemy.exc.InvalidRequestError: One or more mappers failed to initialize - can't proceed with initialization of other mappers. Triggering mapper: 'Mapper[Subject(subjects)]'. Original exception was: Mapper 'Mapper[Department(departments)]' has no property 'subjects'.  If this property was indicated from other mappers or configure events, ensure registry.configure() has been called.
2026-05-31 18:06:22,186 [INFO] apscheduler.executors.default - Running job "startup.<locals>._expiry_job (trigger: interval[0:01:00], next run at: 2026-05-31 18:07:22 +03)" (scheduled at 2026-05-31 18:06:22.178765+03:00)
2026-05-31 18:06:22,927 [ERROR] apscheduler.executors.default - Job "startup.<locals>._expiry_job (trigger: interval[0:01:00], next run at: 2026-05-31 18:07:22 +03)" raised an exception
Traceback (most recent call last):
  File "C:\Users\hp\AppData\Local\Programs\Python\Python314\Lib\site-packages\apscheduler\executors\base.py", line 181, in run_coroutine_job
    retval = await job.func(*job.args, **job.kwargs)
             ^^^^^^^^^^^^^^^^^^^^^^^^^^^^^^^^^^^^^^^
  File "C:\Users\hp\Documents\Coding Projects\SchoolSync - internship\SchoolSync\backend\main.py", line 122, in _expiry_job
    await expire_overdue_assignments(db)
  File "C:\Users\hp\Documents\Coding Projects\SchoolSync - internship\SchoolSync\backend\relief_dispatch.py", line 58, in expire_overdue_assignments
    result = await db.execute(
             ^^^^^^^^^^^^^^^^^
    ...<5 lines>...
    )
    ^
  File "C:\Users\hp\AppData\Local\Programs\Python\Python314\Lib\site-packages\sqlalchemy\ext\asyncio\session.py", line 449, in execute
    result = await greenlet_spawn(
             ^^^^^^^^^^^^^^^^^^^^^
    ...<6 lines>...
    )
    ^
  File "C:\Users\hp\AppData\Local\Programs\Python\Python314\Lib\site-packages\sqlalchemy\util\_concurrency_py3k.py", line 203, in greenlet_spawn
    result = context.switch(value)
  File "C:\Users\hp\AppData\Local\Programs\Python\Python314\Lib\site-packages\sqlalchemy\orm\session.py", line 2351, in execute
    return self._execute_internal(
           ~~~~~~~~~~~~~~~~~~~~~~^
        statement,
        ^^^^^^^^^^
    ...<4 lines>...
        _add_event=_add_event,
        ^^^^^^^^^^^^^^^^^^^^^^
    )
    ^
  File "C:\Users\hp\AppData\Local\Programs\Python\Python314\Lib\site-packages\sqlalchemy\orm\session.py", line 2249, in _execute_internal
    result: Result[Any] = compile_state_cls.orm_execute_statement(
                          ~~~~~~~~~~~~~~~~~~~~~~~~~~~~~~~~~~~~~~~^
        self,
        ^^^^^
    ...<4 lines>...
        conn,
        ^^^^^
    )
    ^
  File "C:\Users\hp\AppData\Local\Programs\Python\Python314\Lib\site-packages\sqlalchemy\orm\context.py", line 306, in orm_execute_statement
    result = conn.execute(
        statement, params or {}, execution_options=execution_options
    )
  File "C:\Users\hp\AppData\Local\Programs\Python\Python314\Lib\site-packages\sqlalchemy\engine\base.py", line 1419, in execute
    return meth(
        self,
        distilled_parameters,
        execution_options or NO_OPTIONS,
    )
  File "C:\Users\hp\AppData\Local\Programs\Python\Python314\Lib\site-packages\sqlalchemy\sql\elements.py", line 527, in _execute_on_connection
    return connection._execute_clauseelement(
           ~~~~~~~~~~~~~~~~~~~~~~~~~~~~~~~~~^
        self, distilled_params, execution_options
        ^^^^^^^^^^^^^^^^^^^^^^^^^^^^^^^^^^^^^^^^^
    )
    ^
  File "C:\Users\hp\AppData\Local\Programs\Python\Python314\Lib\site-packages\sqlalchemy\engine\base.py", line 1633, in _execute_clauseelement
    compiled_sql, extracted_params, cache_hit = elem._compile_w_cache(
                                                ~~~~~~~~~~~~~~~~~~~~~^
        dialect=dialect,
        ^^^^^^^^^^^^^^^^
    ...<4 lines>...
        linting=self.dialect.compiler_linting | compiler.WARN_LINTING,
        ^^^^^^^^^^^^^^^^^^^^^^^^^^^^^^^^^^^^^^^^^^^^^^^^^^^^^^^^^^^^^^
    )
    ^
  File "C:\Users\hp\AppData\Local\Programs\Python\Python314\Lib\site-packages\sqlalchemy\sql\elements.py", line 716, in _compile_w_cache
    compiled_sql = self._compiler(
        dialect,
    ...<4 lines>...
        **kw,
    )
  File "C:\Users\hp\AppData\Local\Programs\Python\Python314\Lib\site-packages\sqlalchemy\sql\elements.py", line 324, in _compiler
    return dialect.statement_compiler(dialect, self, **kw)
           ~~~~~~~~~~~~~~~~~~~~~~~~~~^^^^^^^^^^^^^^^^^^^^^
  File "C:\Users\hp\AppData\Local\Programs\Python\Python314\Lib\site-packages\sqlalchemy\sql\compiler.py", line 1461, in __init__
    Compiled.__init__(self, dialect, statement, **kwargs)
    ~~~~~~~~~~~~~~~~~^^^^^^^^^^^^^^^^^^^^^^^^^^^^^^^^^^^^
  File "C:\Users\hp\AppData\Local\Programs\Python\Python314\Lib\site-packages\sqlalchemy\sql\compiler.py", line 901, in __init__
    self.string = self.process(self.statement, **compile_kwargs)
                  ~~~~~~~~~~~~^^^^^^^^^^^^^^^^^^^^^^^^^^^^^^^^^^
  File "C:\Users\hp\AppData\Local\Programs\Python\Python314\Lib\site-packages\sqlalchemy\sql\compiler.py", line 947, in process
    return obj._compiler_dispatch(self, **kwargs)
           ~~~~~~~~~~~~~~~~~~~~~~^^^^^^^^^^^^^^^^
  File "C:\Users\hp\AppData\Local\Programs\Python\Python314\Lib\site-packages\sqlalchemy\sql\visitors.py", line 138, in _compiler_dispatch
    return meth(self, **kw)  # type: ignore  # noqa: E501
  File "C:\Users\hp\AppData\Local\Programs\Python\Python314\Lib\site-packages\sqlalchemy\sql\compiler.py", line 4809, in visit_select
    compile_state = select_stmt._compile_state_factory(
        select_stmt, self, **kwargs
    )
  File "C:\Users\hp\AppData\Local\Programs\Python\Python314\Lib\site-packages\sqlalchemy\sql\base.py", line 775, in create_for_statement
    return klass.create_for_statement(statement, compiler, **kw)
           ~~~~~~~~~~~~~~~~~~~~~~~~~~^^^^^^^^^^^^^^^^^^^^^^^^^^^
  File "C:\Users\hp\AppData\Local\Programs\Python\Python314\Lib\site-packages\sqlalchemy\orm\context.py", line 447, in create_for_statement
    return cls._create_orm_context(
           ~~~~~~~~~~~~~~~~~~~~~~~^
        cast("Union[Select, FromStatement]", statement),
        ^^^^^^^^^^^^^^^^^^^^^^^^^^^^^^^^^^^^^^^^^^^^^^^^
    ...<2 lines>...
        **kw,
        ^^^^^
    )
    ^
  File "C:\Users\hp\AppData\Local\Programs\Python\Python314\Lib\site-packages\sqlalchemy\orm\context.py", line 1175, in _create_orm_context
    _QueryEntity.to_compile_state(
    ~~~~~~~~~~~~~~~~~~~~~~~~~~~~~^
        self,
        ^^^^^
    ...<2 lines>...
        is_current_entities=True,
        ^^^^^^^^^^^^^^^^^^^^^^^^^
    )
    ^
  File "C:\Users\hp\AppData\Local\Programs\Python\Python314\Lib\site-packages\sqlalchemy\orm\context.py", line 2628, in to_compile_state
    _MapperEntity(
    ~~~~~~~~~~~~~^
        compile_state,
        ^^^^^^^^^^^^^^
    ...<2 lines>...
        is_current_entities,
        ^^^^^^^^^^^^^^^^^^^^
    )
    ^
  File "C:\Users\hp\AppData\Local\Programs\Python\Python314\Lib\site-packages\sqlalchemy\orm\context.py", line 2708, in __init__
    entity._post_inspect
  File "C:\Users\hp\AppData\Local\Programs\Python\Python314\Lib\site-packages\sqlalchemy\util\langhelpers.py", line 1235, in __get__
    obj.__dict__[self.__name__] = result = self.fget(obj)
                                           ~~~~~~~~~^^^^^
  File "C:\Users\hp\AppData\Local\Programs\Python\Python314\Lib\site-packages\sqlalchemy\orm\mapper.py", line 2733, in _post_inspect
    self._check_configure()
    ~~~~~~~~~~~~~~~~~~~~~^^
  File "C:\Users\hp\AppData\Local\Programs\Python\Python314\Lib\site-packages\sqlalchemy\orm\mapper.py", line 2410, in _check_configure
    _configure_registries({self.registry}, cascade=True)
    ~~~~~~~~~~~~~~~~~~~~~^^^^^^^^^^^^^^^^^^^^^^^^^^^^^^^
  File "C:\Users\hp\AppData\Local\Programs\Python\Python314\Lib\site-packages\sqlalchemy\orm\mapper.py", line 4227, in _configure_registries
    _do_configure_registries(registries, cascade)
    ~~~~~~~~~~~~~~~~~~~~~~~~^^^^^^^^^^^^^^^^^^^^^
  File "C:\Users\hp\AppData\Local\Programs\Python\Python314\Lib\site-packages\sqlalchemy\orm\mapper.py", line 4264, in _do_configure_registries
    raise e
sqlalchemy.exc.InvalidRequestError: One or more mappers failed to initialize - can't proceed with initialization of other mappers. Triggering mapper: 'Mapper[Subject(subjects)]'. Original exception was: Mapper 'Mapper[Department(departments)]' has no property 'subjects'.  If this property was indicated from other mappers or configure events, ensure registry.configure() has been called.
2026-05-31 18:07:22,187 [INFO] apscheduler.executors.default - Running job "startup.<locals>._expiry_job (trigger: interval[0:01:00], next run at: 2026-05-31 18:08:22 +03)" (scheduled at 2026-05-31 18:07:22.178765+03:00)
2026-05-31 18:07:22,811 [ERROR] apscheduler.executors.default - Job "startup.<locals>._expiry_job (trigger: interval[0:01:00], next run at: 2026-05-31 18:08:22 +03)" raised an exception
Traceback (most recent call last):
  File "C:\Users\hp\AppData\Local\Programs\Python\Python314\Lib\site-packages\apscheduler\executors\base.py", line 181, in run_coroutine_job
    retval = await job.func(*job.args, **job.kwargs)
             ^^^^^^^^^^^^^^^^^^^^^^^^^^^^^^^^^^^^^^^
  File "C:\Users\hp\Documents\Coding Projects\SchoolSync - internship\SchoolSync\backend\main.py", line 122, in _expiry_job
    await expire_overdue_assignments(db)
  File "C:\Users\hp\Documents\Coding Projects\SchoolSync - internship\SchoolSync\backend\relief_dispatch.py", line 58, in expire_overdue_assignments
    result = await db.execute(
             ^^^^^^^^^^^^^^^^^
    ...<5 lines>...
    )
    ^
  File "C:\Users\hp\AppData\Local\Programs\Python\Python314\Lib\site-packages\sqlalchemy\ext\asyncio\session.py", line 449, in execute
    result = await greenlet_spawn(
             ^^^^^^^^^^^^^^^^^^^^^
    ...<6 lines>...
    )
    ^
  File "C:\Users\hp\AppData\Local\Programs\Python\Python314\Lib\site-packages\sqlalchemy\util\_concurrency_py3k.py", line 203, in greenlet_spawn
    result = context.switch(value)
  File "C:\Users\hp\AppData\Local\Programs\Python\Python314\Lib\site-packages\sqlalchemy\orm\session.py", line 2351, in execute
    return self._execute_internal(
           ~~~~~~~~~~~~~~~~~~~~~~^
        statement,
        ^^^^^^^^^^
    ...<4 lines>...
        _add_event=_add_event,
        ^^^^^^^^^^^^^^^^^^^^^^
    )
    ^
  File "C:\Users\hp\AppData\Local\Programs\Python\Python314\Lib\site-packages\sqlalchemy\orm\session.py", line 2249, in _execute_internal
    result: Result[Any] = compile_state_cls.orm_execute_statement(
                          ~~~~~~~~~~~~~~~~~~~~~~~~~~~~~~~~~~~~~~~^
        self,
        ^^^^^
    ...<4 lines>...
        conn,
        ^^^^^
    )
    ^
  File "C:\Users\hp\AppData\Local\Programs\Python\Python314\Lib\site-packages\sqlalchemy\orm\context.py", line 306, in orm_execute_statement
    result = conn.execute(
        statement, params or {}, execution_options=execution_options
    )
  File "C:\Users\hp\AppData\Local\Programs\Python\Python314\Lib\site-packages\sqlalchemy\engine\base.py", line 1419, in execute
    return meth(
        self,
        distilled_parameters,
        execution_options or NO_OPTIONS,
    )
  File "C:\Users\hp\AppData\Local\Programs\Python\Python314\Lib\site-packages\sqlalchemy\sql\elements.py", line 527, in _execute_on_connection
    return connection._execute_clauseelement(
           ~~~~~~~~~~~~~~~~~~~~~~~~~~~~~~~~~^
        self, distilled_params, execution_options
        ^^^^^^^^^^^^^^^^^^^^^^^^^^^^^^^^^^^^^^^^^
    )
    ^
  File "C:\Users\hp\AppData\Local\Programs\Python\Python314\Lib\site-packages\sqlalchemy\engine\base.py", line 1633, in _execute_clauseelement
    compiled_sql, extracted_params, cache_hit = elem._compile_w_cache(
                                                ~~~~~~~~~~~~~~~~~~~~~^
        dialect=dialect,
        ^^^^^^^^^^^^^^^^
    ...<4 lines>...
        linting=self.dialect.compiler_linting | compiler.WARN_LINTING,
        ^^^^^^^^^^^^^^^^^^^^^^^^^^^^^^^^^^^^^^^^^^^^^^^^^^^^^^^^^^^^^^
    )
    ^
  File "C:\Users\hp\AppData\Local\Programs\Python\Python314\Lib\site-packages\sqlalchemy\sql\elements.py", line 716, in _compile_w_cache
    compiled_sql = self._compiler(
        dialect,
    ...<4 lines>...
        **kw,
    )
  File "C:\Users\hp\AppData\Local\Programs\Python\Python314\Lib\site-packages\sqlalchemy\sql\elements.py", line 324, in _compiler
    return dialect.statement_compiler(dialect, self, **kw)
           ~~~~~~~~~~~~~~~~~~~~~~~~~~^^^^^^^^^^^^^^^^^^^^^
  File "C:\Users\hp\AppData\Local\Programs\Python\Python314\Lib\site-packages\sqlalchemy\sql\compiler.py", line 1461, in __init__
    Compiled.__init__(self, dialect, statement, **kwargs)
    ~~~~~~~~~~~~~~~~~^^^^^^^^^^^^^^^^^^^^^^^^^^^^^^^^^^^^
  File "C:\Users\hp\AppData\Local\Programs\Python\Python314\Lib\site-packages\sqlalchemy\sql\compiler.py", line 901, in __init__
    self.string = self.process(self.statement, **compile_kwargs)
                  ~~~~~~~~~~~~^^^^^^^^^^^^^^^^^^^^^^^^^^^^^^^^^^
  File "C:\Users\hp\AppData\Local\Programs\Python\Python314\Lib\site-packages\sqlalchemy\sql\compiler.py", line 947, in process
    return obj._compiler_dispatch(self, **kwargs)
           ~~~~~~~~~~~~~~~~~~~~~~^^^^^^^^^^^^^^^^
  File "C:\Users\hp\AppData\Local\Programs\Python\Python314\Lib\site-packages\sqlalchemy\sql\visitors.py", line 138, in _compiler_dispatch
    return meth(self, **kw)  # type: ignore  # noqa: E501
  File "C:\Users\hp\AppData\Local\Programs\Python\Python314\Lib\site-packages\sqlalchemy\sql\compiler.py", line 4809, in visit_select
    compile_state = select_stmt._compile_state_factory(
        select_stmt, self, **kwargs
    )
  File "C:\Users\hp\AppData\Local\Programs\Python\Python314\Lib\site-packages\sqlalchemy\sql\base.py", line 775, in create_for_statement
    return klass.create_for_statement(statement, compiler, **kw)
           ~~~~~~~~~~~~~~~~~~~~~~~~~~^^^^^^^^^^^^^^^^^^^^^^^^^^^
  File "C:\Users\hp\AppData\Local\Programs\Python\Python314\Lib\site-packages\sqlalchemy\orm\context.py", line 447, in create_for_statement
    return cls._create_orm_context(
           ~~~~~~~~~~~~~~~~~~~~~~~^
        cast("Union[Select, FromStatement]", statement),
        ^^^^^^^^^^^^^^^^^^^^^^^^^^^^^^^^^^^^^^^^^^^^^^^^
    ...<2 lines>...
        **kw,
        ^^^^^
    )
    ^
  File "C:\Users\hp\AppData\Local\Programs\Python\Python314\Lib\site-packages\sqlalchemy\orm\context.py", line 1175, in _create_orm_context
    _QueryEntity.to_compile_state(
    ~~~~~~~~~~~~~~~~~~~~~~~~~~~~~^
        self,
        ^^^^^
    ...<2 lines>...
        is_current_entities=True,
        ^^^^^^^^^^^^^^^^^^^^^^^^^
    )
    ^
  File "C:\Users\hp\AppData\Local\Programs\Python\Python314\Lib\site-packages\sqlalchemy\orm\context.py", line 2628, in to_compile_state
    _MapperEntity(
    ~~~~~~~~~~~~~^
        compile_state,
        ^^^^^^^^^^^^^^
    ...<2 lines>...
        is_current_entities,
        ^^^^^^^^^^^^^^^^^^^^
    )
    ^
  File "C:\Users\hp\AppData\Local\Programs\Python\Python314\Lib\site-packages\sqlalchemy\orm\context.py", line 2708, in __init__
    entity._post_inspect
  File "C:\Users\hp\AppData\Local\Programs\Python\Python314\Lib\site-packages\sqlalchemy\util\langhelpers.py", line 1235, in __get__
    obj.__dict__[self.__name__] = result = self.fget(obj)
                                           ~~~~~~~~~^^^^^
  File "C:\Users\hp\AppData\Local\Programs\Python\Python314\Lib\site-packages\sqlalchemy\orm\mapper.py", line 2733, in _post_inspect
    self._check_configure()
    ~~~~~~~~~~~~~~~~~~~~~^^
  File "C:\Users\hp\AppData\Local\Programs\Python\Python314\Lib\site-packages\sqlalchemy\orm\mapper.py", line 2410, in _check_configure
    _configure_registries({self.registry}, cascade=True)
    ~~~~~~~~~~~~~~~~~~~~~^^^^^^^^^^^^^^^^^^^^^^^^^^^^^^^
  File "C:\Users\hp\AppData\Local\Programs\Python\Python314\Lib\site-packages\sqlalchemy\orm\mapper.py", line 4227, in _configure_registries
    _do_configure_registries(registries, cascade)
    ~~~~~~~~~~~~~~~~~~~~~~~~^^^^^^^^^^^^^^^^^^^^^
  File "C:\Users\hp\AppData\Local\Programs\Python\Python314\Lib\site-packages\sqlalchemy\orm\mapper.py", line 4264, in _do_configure_registries
    raise e
sqlalchemy.exc.InvalidRequestError: One or more mappers failed to initialize - can't proceed with initialization of other mappers. Triggering mapper: 'Mapper[Subject(subjects)]'. Original exception was: Mapper 'Mapper[Department(departments)]' has no property 'subjects'.  If this property was indicated from other mappers or configure events, ensure registry.configure() has been called.
2026-05-31 18:08:22,186 [INFO] apscheduler.executors.default - Running job "startup.<locals>._expiry_job (trigger: interval[0:01:00], next run at: 2026-05-31 18:09:22 +03)" (scheduled at 2026-05-31 18:08:22.178765+03:00)
2026-05-31 18:08:22,997 [ERROR] apscheduler.executors.default - Job "startup.<locals>._expiry_job (trigger: interval[0:01:00], next run at: 2026-05-31 18:09:22 +03)" raised an exception
Traceback (most recent call last):
  File "C:\Users\hp\AppData\Local\Programs\Python\Python314\Lib\site-packages\apscheduler\executors\base.py", line 181, in run_coroutine_job
    retval = await job.func(*job.args, **job.kwargs)
             ^^^^^^^^^^^^^^^^^^^^^^^^^^^^^^^^^^^^^^^
  File "C:\Users\hp\Documents\Coding Projects\SchoolSync - internship\SchoolSync\backend\main.py", line 122, in _expiry_job
    await expire_overdue_assignments(db)
  File "C:\Users\hp\Documents\Coding Projects\SchoolSync - internship\SchoolSync\backend\relief_dispatch.py", line 58, in expire_overdue_assignments
    result = await db.execute(
             ^^^^^^^^^^^^^^^^^
    ...<5 lines>...
    )
    ^
  File "C:\Users\hp\AppData\Local\Programs\Python\Python314\Lib\site-packages\sqlalchemy\ext\asyncio\session.py", line 449, in execute
    result = await greenlet_spawn(
             ^^^^^^^^^^^^^^^^^^^^^
    ...<6 lines>...
    )
    ^
  File "C:\Users\hp\AppData\Local\Programs\Python\Python314\Lib\site-packages\sqlalchemy\util\_concurrency_py3k.py", line 203, in greenlet_spawn
    result = context.switch(value)
  File "C:\Users\hp\AppData\Local\Programs\Python\Python314\Lib\site-packages\sqlalchemy\orm\session.py", line 2351, in execute
    return self._execute_internal(
           ~~~~~~~~~~~~~~~~~~~~~~^
        statement,
        ^^^^^^^^^^
    ...<4 lines>...
        _add_event=_add_event,
        ^^^^^^^^^^^^^^^^^^^^^^
    )
    ^
  File "C:\Users\hp\AppData\Local\Programs\Python\Python314\Lib\site-packages\sqlalchemy\orm\session.py", line 2249, in _execute_internal
    result: Result[Any] = compile_state_cls.orm_execute_statement(
                          ~~~~~~~~~~~~~~~~~~~~~~~~~~~~~~~~~~~~~~~^
        self,
        ^^^^^
    ...<4 lines>...
        conn,
        ^^^^^
    )
    ^
  File "C:\Users\hp\AppData\Local\Programs\Python\Python314\Lib\site-packages\sqlalchemy\orm\context.py", line 306, in orm_execute_statement
    result = conn.execute(
        statement, params or {}, execution_options=execution_options
    )
  File "C:\Users\hp\AppData\Local\Programs\Python\Python314\Lib\site-packages\sqlalchemy\engine\base.py", line 1419, in execute
    return meth(
        self,
        distilled_parameters,
        execution_options or NO_OPTIONS,
    )
  File "C:\Users\hp\AppData\Local\Programs\Python\Python314\Lib\site-packages\sqlalchemy\sql\elements.py", line 527, in _execute_on_connection
    return connection._execute_clauseelement(
           ~~~~~~~~~~~~~~~~~~~~~~~~~~~~~~~~~^
        self, distilled_params, execution_options
        ^^^^^^^^^^^^^^^^^^^^^^^^^^^^^^^^^^^^^^^^^
    )
    ^
  File "C:\Users\hp\AppData\Local\Programs\Python\Python314\Lib\site-packages\sqlalchemy\engine\base.py", line 1633, in _execute_clauseelement
    compiled_sql, extracted_params, cache_hit = elem._compile_w_cache(
                                                ~~~~~~~~~~~~~~~~~~~~~^
        dialect=dialect,
        ^^^^^^^^^^^^^^^^
    ...<4 lines>...
        linting=self.dialect.compiler_linting | compiler.WARN_LINTING,
        ^^^^^^^^^^^^^^^^^^^^^^^^^^^^^^^^^^^^^^^^^^^^^^^^^^^^^^^^^^^^^^
    )
    ^
  File "C:\Users\hp\AppData\Local\Programs\Python\Python314\Lib\site-packages\sqlalchemy\sql\elements.py", line 716, in _compile_w_cache
    compiled_sql = self._compiler(
        dialect,
    ...<4 lines>...
        **kw,
    )
  File "C:\Users\hp\AppData\Local\Programs\Python\Python314\Lib\site-packages\sqlalchemy\sql\elements.py", line 324, in _compiler
    return dialect.statement_compiler(dialect, self, **kw)
           ~~~~~~~~~~~~~~~~~~~~~~~~~~^^^^^^^^^^^^^^^^^^^^^
  File "C:\Users\hp\AppData\Local\Programs\Python\Python314\Lib\site-packages\sqlalchemy\sql\compiler.py", line 1461, in __init__
    Compiled.__init__(self, dialect, statement, **kwargs)
    ~~~~~~~~~~~~~~~~~^^^^^^^^^^^^^^^^^^^^^^^^^^^^^^^^^^^^
  File "C:\Users\hp\AppData\Local\Programs\Python\Python314\Lib\site-packages\sqlalchemy\sql\compiler.py", line 901, in __init__
    self.string = self.process(self.statement, **compile_kwargs)
                  ~~~~~~~~~~~~^^^^^^^^^^^^^^^^^^^^^^^^^^^^^^^^^^
  File "C:\Users\hp\AppData\Local\Programs\Python\Python314\Lib\site-packages\sqlalchemy\sql\compiler.py", line 947, in process
    return obj._compiler_dispatch(self, **kwargs)
           ~~~~~~~~~~~~~~~~~~~~~~^^^^^^^^^^^^^^^^
  File "C:\Users\hp\AppData\Local\Programs\Python\Python314\Lib\site-packages\sqlalchemy\sql\visitors.py", line 138, in _compiler_dispatch
    return meth(self, **kw)  # type: ignore  # noqa: E501
  File "C:\Users\hp\AppData\Local\Programs\Python\Python314\Lib\site-packages\sqlalchemy\sql\compiler.py", line 4809, in visit_select
    compile_state = select_stmt._compile_state_factory(
        select_stmt, self, **kwargs
    )
  File "C:\Users\hp\AppData\Local\Programs\Python\Python314\Lib\site-packages\sqlalchemy\sql\base.py", line 775, in create_for_statement
    return klass.create_for_statement(statement, compiler, **kw)
           ~~~~~~~~~~~~~~~~~~~~~~~~~~^^^^^^^^^^^^^^^^^^^^^^^^^^^
  File "C:\Users\hp\AppData\Local\Programs\Python\Python314\Lib\site-packages\sqlalchemy\orm\context.py", line 447, in create_for_statement
    return cls._create_orm_context(
           ~~~~~~~~~~~~~~~~~~~~~~~^
        cast("Union[Select, FromStatement]", statement),
        ^^^^^^^^^^^^^^^^^^^^^^^^^^^^^^^^^^^^^^^^^^^^^^^^
    ...<2 lines>...
        **kw,
        ^^^^^
    )
    ^
  File "C:\Users\hp\AppData\Local\Programs\Python\Python314\Lib\site-packages\sqlalchemy\orm\context.py", line 1175, in _create_orm_context
    _QueryEntity.to_compile_state(
    ~~~~~~~~~~~~~~~~~~~~~~~~~~~~~^
        self,
        ^^^^^
    ...<2 lines>...
        is_current_entities=True,
        ^^^^^^^^^^^^^^^^^^^^^^^^^
    )
    ^
  File "C:\Users\hp\AppData\Local\Programs\Python\Python314\Lib\site-packages\sqlalchemy\orm\context.py", line 2628, in to_compile_state
    _MapperEntity(
    ~~~~~~~~~~~~~^
        compile_state,
        ^^^^^^^^^^^^^^
    ...<2 lines>...
        is_current_entities,
        ^^^^^^^^^^^^^^^^^^^^
    )
    ^
  File "C:\Users\hp\AppData\Local\Programs\Python\Python314\Lib\site-packages\sqlalchemy\orm\context.py", line 2708, in __init__
    entity._post_inspect
  File "C:\Users\hp\AppData\Local\Programs\Python\Python314\Lib\site-packages\sqlalchemy\util\langhelpers.py", line 1235, in __get__
    obj.__dict__[self.__name__] = result = self.fget(obj)
                                           ~~~~~~~~~^^^^^
  File "C:\Users\hp\AppData\Local\Programs\Python\Python314\Lib\site-packages\sqlalchemy\orm\mapper.py", line 2733, in _post_inspect
    self._check_configure()
    ~~~~~~~~~~~~~~~~~~~~~^^
  File "C:\Users\hp\AppData\Local\Programs\Python\Python314\Lib\site-packages\sqlalchemy\orm\mapper.py", line 2410, in _check_configure
    _configure_registries({self.registry}, cascade=True)
    ~~~~~~~~~~~~~~~~~~~~~^^^^^^^^^^^^^^^^^^^^^^^^^^^^^^^
  File "C:\Users\hp\AppData\Local\Programs\Python\Python314\Lib\site-packages\sqlalchemy\orm\mapper.py", line 4227, in _configure_registries
    _do_configure_registries(registries, cascade)
    ~~~~~~~~~~~~~~~~~~~~~~~~^^^^^^^^^^^^^^^^^^^^^
  File "C:\Users\hp\AppData\Local\Programs\Python\Python314\Lib\site-packages\sqlalchemy\orm\mapper.py", line 4264, in _do_configure_registries
    raise e
sqlalchemy.exc.InvalidRequestError: One or more mappers failed to initialize - can't proceed with initialization of other mappers. Triggering mapper: 'Mapper[Subject(subjects)]'. Original exception was: Mapper 'Mapper[Department(departments)]' has no property 'subjects'.  If this property was indicated from other mappers or configure events, ensure registry.configure() has been called.
2026-05-31 18:09:22,187 [INFO] apscheduler.executors.default - Running job "startup.<locals>._expiry_job (trigger: interval[0:01:00], next run at: 2026-05-31 18:10:22 +03)" (scheduled at 2026-05-31 18:09:22.178765+03:00)
2026-05-31 18:09:22,790 [ERROR] apscheduler.executors.default - Job "startup.<locals>._expiry_job (trigger: interval[0:01:00], next run at: 2026-05-31 18:10:22 +03)" raised an exception
Traceback (most recent call last):
  File "C:\Users\hp\AppData\Local\Programs\Python\Python314\Lib\site-packages\apscheduler\executors\base.py", line 181, in run_coroutine_job
    retval = await job.func(*job.args, **job.kwargs)
             ^^^^^^^^^^^^^^^^^^^^^^^^^^^^^^^^^^^^^^^
  File "C:\Users\hp\Documents\Coding Projects\SchoolSync - internship\SchoolSync\backend\main.py", line 122, in _expiry_job
    await expire_overdue_assignments(db)
  File "C:\Users\hp\Documents\Coding Projects\SchoolSync - internship\SchoolSync\backend\relief_dispatch.py", line 58, in expire_overdue_assignments
    result = await db.execute(
             ^^^^^^^^^^^^^^^^^
    ...<5 lines>...
    )
    ^
  File "C:\Users\hp\AppData\Local\Programs\Python\Python314\Lib\site-packages\sqlalchemy\ext\asyncio\session.py", line 449, in execute
    result = await greenlet_spawn(
             ^^^^^^^^^^^^^^^^^^^^^
    ...<6 lines>...
    )
    ^
  File "C:\Users\hp\AppData\Local\Programs\Python\Python314\Lib\site-packages\sqlalchemy\util\_concurrency_py3k.py", line 203, in greenlet_spawn
    result = context.switch(value)
  File "C:\Users\hp\AppData\Local\Programs\Python\Python314\Lib\site-packages\sqlalchemy\orm\session.py", line 2351, in execute
    return self._execute_internal(
           ~~~~~~~~~~~~~~~~~~~~~~^
        statement,
        ^^^^^^^^^^
    ...<4 lines>...
        _add_event=_add_event,
        ^^^^^^^^^^^^^^^^^^^^^^
    )
    ^
  File "C:\Users\hp\AppData\Local\Programs\Python\Python314\Lib\site-packages\sqlalchemy\orm\session.py", line 2249, in _execute_internal
    result: Result[Any] = compile_state_cls.orm_execute_statement(
                          ~~~~~~~~~~~~~~~~~~~~~~~~~~~~~~~~~~~~~~~^
        self,
        ^^^^^
    ...<4 lines>...
        conn,
        ^^^^^
    )
    ^
  File "C:\Users\hp\AppData\Local\Programs\Python\Python314\Lib\site-packages\sqlalchemy\orm\context.py", line 306, in orm_execute_statement
    result = conn.execute(
        statement, params or {}, execution_options=execution_options
    )
  File "C:\Users\hp\AppData\Local\Programs\Python\Python314\Lib\site-packages\sqlalchemy\engine\base.py", line 1419, in execute
    return meth(
        self,
        distilled_parameters,
        execution_options or NO_OPTIONS,
    )
  File "C:\Users\hp\AppData\Local\Programs\Python\Python314\Lib\site-packages\sqlalchemy\sql\elements.py", line 527, in _execute_on_connection
    return connection._execute_clauseelement(
           ~~~~~~~~~~~~~~~~~~~~~~~~~~~~~~~~~^
        self, distilled_params, execution_options
        ^^^^^^^^^^^^^^^^^^^^^^^^^^^^^^^^^^^^^^^^^
    )
    ^
  File "C:\Users\hp\AppData\Local\Programs\Python\Python314\Lib\site-packages\sqlalchemy\engine\base.py", line 1633, in _execute_clauseelement
    compiled_sql, extracted_params, cache_hit = elem._compile_w_cache(
                                                ~~~~~~~~~~~~~~~~~~~~~^
        dialect=dialect,
        ^^^^^^^^^^^^^^^^
    ...<4 lines>...
        linting=self.dialect.compiler_linting | compiler.WARN_LINTING,
        ^^^^^^^^^^^^^^^^^^^^^^^^^^^^^^^^^^^^^^^^^^^^^^^^^^^^^^^^^^^^^^
    )
    ^
  File "C:\Users\hp\AppData\Local\Programs\Python\Python314\Lib\site-packages\sqlalchemy\sql\elements.py", line 716, in _compile_w_cache
    compiled_sql = self._compiler(
        dialect,
    ...<4 lines>...
        **kw,
    )
  File "C:\Users\hp\AppData\Local\Programs\Python\Python314\Lib\site-packages\sqlalchemy\sql\elements.py", line 324, in _compiler
    return dialect.statement_compiler(dialect, self, **kw)
           ~~~~~~~~~~~~~~~~~~~~~~~~~~^^^^^^^^^^^^^^^^^^^^^
  File "C:\Users\hp\AppData\Local\Programs\Python\Python314\Lib\site-packages\sqlalchemy\sql\compiler.py", line 1461, in __init__
    Compiled.__init__(self, dialect, statement, **kwargs)
    ~~~~~~~~~~~~~~~~~^^^^^^^^^^^^^^^^^^^^^^^^^^^^^^^^^^^^
  File "C:\Users\hp\AppData\Local\Programs\Python\Python314\Lib\site-packages\sqlalchemy\sql\compiler.py", line 901, in __init__
    self.string = self.process(self.statement, **compile_kwargs)
                  ~~~~~~~~~~~~^^^^^^^^^^^^^^^^^^^^^^^^^^^^^^^^^^
  File "C:\Users\hp\AppData\Local\Programs\Python\Python314\Lib\site-packages\sqlalchemy\sql\compiler.py", line 947, in process
    return obj._compiler_dispatch(self, **kwargs)
           ~~~~~~~~~~~~~~~~~~~~~~^^^^^^^^^^^^^^^^
  File "C:\Users\hp\AppData\Local\Programs\Python\Python314\Lib\site-packages\sqlalchemy\sql\visitors.py", line 138, in _compiler_dispatch
    return meth(self, **kw)  # type: ignore  # noqa: E501
  File "C:\Users\hp\AppData\Local\Programs\Python\Python314\Lib\site-packages\sqlalchemy\sql\compiler.py", line 4809, in visit_select
    compile_state = select_stmt._compile_state_factory(
        select_stmt, self, **kwargs
    )
  File "C:\Users\hp\AppData\Local\Programs\Python\Python314\Lib\site-packages\sqlalchemy\sql\base.py", line 775, in create_for_statement
    return klass.create_for_statement(statement, compiler, **kw)
           ~~~~~~~~~~~~~~~~~~~~~~~~~~^^^^^^^^^^^^^^^^^^^^^^^^^^^
  File "C:\Users\hp\AppData\Local\Programs\Python\Python314\Lib\site-packages\sqlalchemy\orm\context.py", line 447, in create_for_statement
    return cls._create_orm_context(
           ~~~~~~~~~~~~~~~~~~~~~~~^
        cast("Union[Select, FromStatement]", statement),
        ^^^^^^^^^^^^^^^^^^^^^^^^^^^^^^^^^^^^^^^^^^^^^^^^
    ...<2 lines>...
        **kw,
        ^^^^^
    )
    ^
  File "C:\Users\hp\AppData\Local\Programs\Python\Python314\Lib\site-packages\sqlalchemy\orm\context.py", line 1175, in _create_orm_context
    _QueryEntity.to_compile_state(
    ~~~~~~~~~~~~~~~~~~~~~~~~~~~~~^
        self,
        ^^^^^
    ...<2 lines>...
        is_current_entities=True,
        ^^^^^^^^^^^^^^^^^^^^^^^^^
    )
    ^
  File "C:\Users\hp\AppData\Local\Programs\Python\Python314\Lib\site-packages\sqlalchemy\orm\context.py", line 2628, in to_compile_state
    _MapperEntity(
    ~~~~~~~~~~~~~^
        compile_state,
        ^^^^^^^^^^^^^^
    ...<2 lines>...
        is_current_entities,
        ^^^^^^^^^^^^^^^^^^^^
    )
    ^
  File "C:\Users\hp\AppData\Local\Programs\Python\Python314\Lib\site-packages\sqlalchemy\orm\context.py", line 2708, in __init__
    entity._post_inspect
  File "C:\Users\hp\AppData\Local\Programs\Python\Python314\Lib\site-packages\sqlalchemy\util\langhelpers.py", line 1235, in __get__
    obj.__dict__[self.__name__] = result = self.fget(obj)
                                           ~~~~~~~~~^^^^^
  File "C:\Users\hp\AppData\Local\Programs\Python\Python314\Lib\site-packages\sqlalchemy\orm\mapper.py", line 2733, in _post_inspect
    self._check_configure()
    ~~~~~~~~~~~~~~~~~~~~~^^
  File "C:\Users\hp\AppData\Local\Programs\Python\Python314\Lib\site-packages\sqlalchemy\orm\mapper.py", line 2410, in _check_configure
    _configure_registries({self.registry}, cascade=True)
    ~~~~~~~~~~~~~~~~~~~~~^^^^^^^^^^^^^^^^^^^^^^^^^^^^^^^
  File "C:\Users\hp\AppData\Local\Programs\Python\Python314\Lib\site-packages\sqlalchemy\orm\mapper.py", line 4227, in _configure_registries
    _do_configure_registries(registries, cascade)
    ~~~~~~~~~~~~~~~~~~~~~~~~^^^^^^^^^^^^^^^^^^^^^
  File "C:\Users\hp\AppData\Local\Programs\Python\Python314\Lib\site-packages\sqlalchemy\orm\mapper.py", line 4264, in _do_configure_registries
    raise e
sqlalchemy.exc.InvalidRequestError: One or more mappers failed to initialize - can't proceed with initialization of other mappers. Triggering mapper: 'Mapper[Subject(subjects)]'. Original exception was: Mapper 'Mapper[Department(departments)]' has no property 'subjects'.  If this property was indicated from other mappers or configure events, ensure registry.configure() has been called.
2026-05-31 18:10:22,192 [INFO] apscheduler.executors.default - Running job "startup.<locals>._expiry_job (trigger: interval[0:01:00], next run at: 2026-05-31 18:11:22 +03)" (scheduled at 2026-05-31 18:10:22.178765+03:00)
2026-05-31 18:10:23,356 [ERROR] apscheduler.executors.default - Job "startup.<locals>._expiry_job (trigger: interval[0:01:00], next run at: 2026-05-31 18:11:22 +03)" raised an exception
Traceback (most recent call last):
  File "C:\Users\hp\AppData\Local\Programs\Python\Python314\Lib\site-packages\apscheduler\executors\base.py", line 181, in run_coroutine_job
    retval = await job.func(*job.args, **job.kwargs)
             ^^^^^^^^^^^^^^^^^^^^^^^^^^^^^^^^^^^^^^^
  File "C:\Users\hp\Documents\Coding Projects\SchoolSync - internship\SchoolSync\backend\main.py", line 122, in _expiry_job
    await expire_overdue_assignments(db)
  File "C:\Users\hp\Documents\Coding Projects\SchoolSync - internship\SchoolSync\backend\relief_dispatch.py", line 58, in expire_overdue_assignments
    result = await db.execute(
             ^^^^^^^^^^^^^^^^^
    ...<5 lines>...
    )
    ^
  File "C:\Users\hp\AppData\Local\Programs\Python\Python314\Lib\site-packages\sqlalchemy\ext\asyncio\session.py", line 449, in execute
    result = await greenlet_spawn(
             ^^^^^^^^^^^^^^^^^^^^^
    ...<6 lines>...
    )
    ^
  File "C:\Users\hp\AppData\Local\Programs\Python\Python314\Lib\site-packages\sqlalchemy\util\_concurrency_py3k.py", line 203, in greenlet_spawn
    result = context.switch(value)
  File "C:\Users\hp\AppData\Local\Programs\Python\Python314\Lib\site-packages\sqlalchemy\orm\session.py", line 2351, in execute
    return self._execute_internal(
           ~~~~~~~~~~~~~~~~~~~~~~^
        statement,
        ^^^^^^^^^^
    ...<4 lines>...
        _add_event=_add_event,
        ^^^^^^^^^^^^^^^^^^^^^^
    )
    ^
  File "C:\Users\hp\AppData\Local\Programs\Python\Python314\Lib\site-packages\sqlalchemy\orm\session.py", line 2249, in _execute_internal
    result: Result[Any] = compile_state_cls.orm_execute_statement(
                          ~~~~~~~~~~~~~~~~~~~~~~~~~~~~~~~~~~~~~~~^
        self,
        ^^^^^
    ...<4 lines>...
        conn,
        ^^^^^
    )
    ^
  File "C:\Users\hp\AppData\Local\Programs\Python\Python314\Lib\site-packages\sqlalchemy\orm\context.py", line 306, in orm_execute_statement
    result = conn.execute(
        statement, params or {}, execution_options=execution_options
    )
  File "C:\Users\hp\AppData\Local\Programs\Python\Python314\Lib\site-packages\sqlalchemy\engine\base.py", line 1419, in execute
    return meth(
        self,
        distilled_parameters,
        execution_options or NO_OPTIONS,
    )
  File "C:\Users\hp\AppData\Local\Programs\Python\Python314\Lib\site-packages\sqlalchemy\sql\elements.py", line 527, in _execute_on_connection
    return connection._execute_clauseelement(
           ~~~~~~~~~~~~~~~~~~~~~~~~~~~~~~~~~^
        self, distilled_params, execution_options
        ^^^^^^^^^^^^^^^^^^^^^^^^^^^^^^^^^^^^^^^^^
    )
    ^
  File "C:\Users\hp\AppData\Local\Programs\Python\Python314\Lib\site-packages\sqlalchemy\engine\base.py", line 1633, in _execute_clauseelement
    compiled_sql, extracted_params, cache_hit = elem._compile_w_cache(
                                                ~~~~~~~~~~~~~~~~~~~~~^
        dialect=dialect,
        ^^^^^^^^^^^^^^^^
    ...<4 lines>...
        linting=self.dialect.compiler_linting | compiler.WARN_LINTING,
        ^^^^^^^^^^^^^^^^^^^^^^^^^^^^^^^^^^^^^^^^^^^^^^^^^^^^^^^^^^^^^^
    )
    ^
  File "C:\Users\hp\AppData\Local\Programs\Python\Python314\Lib\site-packages\sqlalchemy\sql\elements.py", line 716, in _compile_w_cache
    compiled_sql = self._compiler(
        dialect,
    ...<4 lines>...
        **kw,
    )
  File "C:\Users\hp\AppData\Local\Programs\Python\Python314\Lib\site-packages\sqlalchemy\sql\elements.py", line 324, in _compiler
    return dialect.statement_compiler(dialect, self, **kw)
           ~~~~~~~~~~~~~~~~~~~~~~~~~~^^^^^^^^^^^^^^^^^^^^^
  File "C:\Users\hp\AppData\Local\Programs\Python\Python314\Lib\site-packages\sqlalchemy\sql\compiler.py", line 1461, in __init__
    Compiled.__init__(self, dialect, statement, **kwargs)
    ~~~~~~~~~~~~~~~~~^^^^^^^^^^^^^^^^^^^^^^^^^^^^^^^^^^^^
  File "C:\Users\hp\AppData\Local\Programs\Python\Python314\Lib\site-packages\sqlalchemy\sql\compiler.py", line 901, in __init__
    self.string = self.process(self.statement, **compile_kwargs)
                  ~~~~~~~~~~~~^^^^^^^^^^^^^^^^^^^^^^^^^^^^^^^^^^
  File "C:\Users\hp\AppData\Local\Programs\Python\Python314\Lib\site-packages\sqlalchemy\sql\compiler.py", line 947, in process
    return obj._compiler_dispatch(self, **kwargs)
           ~~~~~~~~~~~~~~~~~~~~~~^^^^^^^^^^^^^^^^
  File "C:\Users\hp\AppData\Local\Programs\Python\Python314\Lib\site-packages\sqlalchemy\sql\visitors.py", line 138, in _compiler_dispatch
    return meth(self, **kw)  # type: ignore  # noqa: E501
  File "C:\Users\hp\AppData\Local\Programs\Python\Python314\Lib\site-packages\sqlalchemy\sql\compiler.py", line 4809, in visit_select
    compile_state = select_stmt._compile_state_factory(
        select_stmt, self, **kwargs
    )
  File "C:\Users\hp\AppData\Local\Programs\Python\Python314\Lib\site-packages\sqlalchemy\sql\base.py", line 775, in create_for_statement
    return klass.create_for_statement(statement, compiler, **kw)
           ~~~~~~~~~~~~~~~~~~~~~~~~~~^^^^^^^^^^^^^^^^^^^^^^^^^^^
  File "C:\Users\hp\AppData\Local\Programs\Python\Python314\Lib\site-packages\sqlalchemy\orm\context.py", line 447, in create_for_statement
    return cls._create_orm_context(
           ~~~~~~~~~~~~~~~~~~~~~~~^
        cast("Union[Select, FromStatement]", statement),
        ^^^^^^^^^^^^^^^^^^^^^^^^^^^^^^^^^^^^^^^^^^^^^^^^
    ...<2 lines>...
        **kw,
        ^^^^^
    )
    ^
  File "C:\Users\hp\AppData\Local\Programs\Python\Python314\Lib\site-packages\sqlalchemy\orm\context.py", line 1175, in _create_orm_context
    _QueryEntity.to_compile_state(
    ~~~~~~~~~~~~~~~~~~~~~~~~~~~~~^
        self,
        ^^^^^
    ...<2 lines>...
        is_current_entities=True,
        ^^^^^^^^^^^^^^^^^^^^^^^^^
    )
    ^
  File "C:\Users\hp\AppData\Local\Programs\Python\Python314\Lib\site-packages\sqlalchemy\orm\context.py", line 2628, in to_compile_state
    _MapperEntity(
    ~~~~~~~~~~~~~^
        compile_state,
        ^^^^^^^^^^^^^^
    ...<2 lines>...
        is_current_entities,
        ^^^^^^^^^^^^^^^^^^^^
    )
    ^
  File "C:\Users\hp\AppData\Local\Programs\Python\Python314\Lib\site-packages\sqlalchemy\orm\context.py", line 2708, in __init__
    entity._post_inspect
  File "C:\Users\hp\AppData\Local\Programs\Python\Python314\Lib\site-packages\sqlalchemy\util\langhelpers.py", line 1235, in __get__
    obj.__dict__[self.__name__] = result = self.fget(obj)
                                           ~~~~~~~~~^^^^^
  File "C:\Users\hp\AppData\Local\Programs\Python\Python314\Lib\site-packages\sqlalchemy\orm\mapper.py", line 2733, in _post_inspect
    self._check_configure()
    ~~~~~~~~~~~~~~~~~~~~~^^
  File "C:\Users\hp\AppData\Local\Programs\Python\Python314\Lib\site-packages\sqlalchemy\orm\mapper.py", line 2410, in _check_configure
    _configure_registries({self.registry}, cascade=True)
    ~~~~~~~~~~~~~~~~~~~~~^^^^^^^^^^^^^^^^^^^^^^^^^^^^^^^
  File "C:\Users\hp\AppData\Local\Programs\Python\Python314\Lib\site-packages\sqlalchemy\orm\mapper.py", line 4227, in _configure_registries
    _do_configure_registries(registries, cascade)
    ~~~~~~~~~~~~~~~~~~~~~~~~^^^^^^^^^^^^^^^^^^^^^
  File "C:\Users\hp\AppData\Local\Programs\Python\Python314\Lib\site-packages\sqlalchemy\orm\mapper.py", line 4264, in _do_configure_registries
    raise e
sqlalchemy.exc.InvalidRequestError: One or more mappers failed to initialize - can't proceed with initialization of other mappers. Triggering mapper: 'Mapper[Subject(subjects)]'. Original exception was: Mapper 'Mapper[Department(departments)]' has no property 'subjects'.  If this property was indicated from other mappers or configure events, ensure registry.configure() has been called.
2026-05-31 18:11:22,184 [INFO] apscheduler.executors.default - Running job "startup.<locals>._expiry_job (trigger: interval[0:01:00], next run at: 2026-05-31 18:12:22 +03)" (scheduled at 2026-05-31 18:11:22.178765+03:00)
2026-05-31 18:11:22,763 [ERROR] apscheduler.executors.default - Job "startup.<locals>._expiry_job (trigger: interval[0:01:00], next run at: 2026-05-31 18:12:22 +03)" raised an exception
Traceback (most recent call last):
  File "C:\Users\hp\AppData\Local\Programs\Python\Python314\Lib\site-packages\apscheduler\executors\base.py", line 181, in run_coroutine_job
    retval = await job.func(*job.args, **job.kwargs)
             ^^^^^^^^^^^^^^^^^^^^^^^^^^^^^^^^^^^^^^^
  File "C:\Users\hp\Documents\Coding Projects\SchoolSync - internship\SchoolSync\backend\main.py", line 122, in _expiry_job
    await expire_overdue_assignments(db)
  File "C:\Users\hp\Documents\Coding Projects\SchoolSync - internship\SchoolSync\backend\relief_dispatch.py", line 58, in expire_overdue_assignments
    result = await db.execute(
             ^^^^^^^^^^^^^^^^^
    ...<5 lines>...
    )
    ^
  File "C:\Users\hp\AppData\Local\Programs\Python\Python314\Lib\site-packages\sqlalchemy\ext\asyncio\session.py", line 449, in execute
    result = await greenlet_spawn(
             ^^^^^^^^^^^^^^^^^^^^^
    ...<6 lines>...
    )
    ^
  File "C:\Users\hp\AppData\Local\Programs\Python\Python314\Lib\site-packages\sqlalchemy\util\_concurrency_py3k.py", line 203, in greenlet_spawn
    result = context.switch(value)
  File "C:\Users\hp\AppData\Local\Programs\Python\Python314\Lib\site-packages\sqlalchemy\orm\session.py", line 2351, in execute
    return self._execute_internal(
           ~~~~~~~~~~~~~~~~~~~~~~^
        statement,
        ^^^^^^^^^^
    ...<4 lines>...
        _add_event=_add_event,
        ^^^^^^^^^^^^^^^^^^^^^^
    )
    ^
  File "C:\Users\hp\AppData\Local\Programs\Python\Python314\Lib\site-packages\sqlalchemy\orm\session.py", line 2249, in _execute_internal
    result: Result[Any] = compile_state_cls.orm_execute_statement(
                          ~~~~~~~~~~~~~~~~~~~~~~~~~~~~~~~~~~~~~~~^
        self,
        ^^^^^
    ...<4 lines>...
        conn,
        ^^^^^
    )
    ^
  File "C:\Users\hp\AppData\Local\Programs\Python\Python314\Lib\site-packages\sqlalchemy\orm\context.py", line 306, in orm_execute_statement
    result = conn.execute(
        statement, params or {}, execution_options=execution_options
    )
  File "C:\Users\hp\AppData\Local\Programs\Python\Python314\Lib\site-packages\sqlalchemy\engine\base.py", line 1419, in execute
    return meth(
        self,
        distilled_parameters,
        execution_options or NO_OPTIONS,
    )
  File "C:\Users\hp\AppData\Local\Programs\Python\Python314\Lib\site-packages\sqlalchemy\sql\elements.py", line 527, in _execute_on_connection
    return connection._execute_clauseelement(
           ~~~~~~~~~~~~~~~~~~~~~~~~~~~~~~~~~^
        self, distilled_params, execution_options
        ^^^^^^^^^^^^^^^^^^^^^^^^^^^^^^^^^^^^^^^^^
    )
    ^
  File "C:\Users\hp\AppData\Local\Programs\Python\Python314\Lib\site-packages\sqlalchemy\engine\base.py", line 1633, in _execute_clauseelement
    compiled_sql, extracted_params, cache_hit = elem._compile_w_cache(
                                                ~~~~~~~~~~~~~~~~~~~~~^
        dialect=dialect,
        ^^^^^^^^^^^^^^^^
    ...<4 lines>...
        linting=self.dialect.compiler_linting | compiler.WARN_LINTING,
        ^^^^^^^^^^^^^^^^^^^^^^^^^^^^^^^^^^^^^^^^^^^^^^^^^^^^^^^^^^^^^^
    )
    ^
  File "C:\Users\hp\AppData\Local\Programs\Python\Python314\Lib\site-packages\sqlalchemy\sql\elements.py", line 716, in _compile_w_cache
    compiled_sql = self._compiler(
        dialect,
    ...<4 lines>...
        **kw,
    )
  File "C:\Users\hp\AppData\Local\Programs\Python\Python314\Lib\site-packages\sqlalchemy\sql\elements.py", line 324, in _compiler
    return dialect.statement_compiler(dialect, self, **kw)
           ~~~~~~~~~~~~~~~~~~~~~~~~~~^^^^^^^^^^^^^^^^^^^^^
  File "C:\Users\hp\AppData\Local\Programs\Python\Python314\Lib\site-packages\sqlalchemy\sql\compiler.py", line 1461, in __init__
    Compiled.__init__(self, dialect, statement, **kwargs)
    ~~~~~~~~~~~~~~~~~^^^^^^^^^^^^^^^^^^^^^^^^^^^^^^^^^^^^
  File "C:\Users\hp\AppData\Local\Programs\Python\Python314\Lib\site-packages\sqlalchemy\sql\compiler.py", line 901, in __init__
    self.string = self.process(self.statement, **compile_kwargs)
                  ~~~~~~~~~~~~^^^^^^^^^^^^^^^^^^^^^^^^^^^^^^^^^^
  File "C:\Users\hp\AppData\Local\Programs\Python\Python314\Lib\site-packages\sqlalchemy\sql\compiler.py", line 947, in process
    return obj._compiler_dispatch(self, **kwargs)
           ~~~~~~~~~~~~~~~~~~~~~~^^^^^^^^^^^^^^^^
  File "C:\Users\hp\AppData\Local\Programs\Python\Python314\Lib\site-packages\sqlalchemy\sql\visitors.py", line 138, in _compiler_dispatch
    return meth(self, **kw)  # type: ignore  # noqa: E501
  File "C:\Users\hp\AppData\Local\Programs\Python\Python314\Lib\site-packages\sqlalchemy\sql\compiler.py", line 4809, in visit_select
    compile_state = select_stmt._compile_state_factory(
        select_stmt, self, **kwargs
    )
  File "C:\Users\hp\AppData\Local\Programs\Python\Python314\Lib\site-packages\sqlalchemy\sql\base.py", line 775, in create_for_statement
    return klass.create_for_statement(statement, compiler, **kw)
           ~~~~~~~~~~~~~~~~~~~~~~~~~~^^^^^^^^^^^^^^^^^^^^^^^^^^^
  File "C:\Users\hp\AppData\Local\Programs\Python\Python314\Lib\site-packages\sqlalchemy\orm\context.py", line 447, in create_for_statement
    return cls._create_orm_context(
           ~~~~~~~~~~~~~~~~~~~~~~~^
        cast("Union[Select, FromStatement]", statement),
        ^^^^^^^^^^^^^^^^^^^^^^^^^^^^^^^^^^^^^^^^^^^^^^^^
    ...<2 lines>...
        **kw,
        ^^^^^
    )
    ^
  File "C:\Users\hp\AppData\Local\Programs\Python\Python314\Lib\site-packages\sqlalchemy\orm\context.py", line 1175, in _create_orm_context
    _QueryEntity.to_compile_state(
    ~~~~~~~~~~~~~~~~~~~~~~~~~~~~~^
        self,
        ^^^^^
    ...<2 lines>...
        is_current_entities=True,
        ^^^^^^^^^^^^^^^^^^^^^^^^^
    )
    ^
  File "C:\Users\hp\AppData\Local\Programs\Python\Python314\Lib\site-packages\sqlalchemy\orm\context.py", line 2628, in to_compile_state
    _MapperEntity(
    ~~~~~~~~~~~~~^
        compile_state,
        ^^^^^^^^^^^^^^
    ...<2 lines>...
        is_current_entities,
        ^^^^^^^^^^^^^^^^^^^^
    )
    ^
  File "C:\Users\hp\AppData\Local\Programs\Python\Python314\Lib\site-packages\sqlalchemy\orm\context.py", line 2708, in __init__
    entity._post_inspect
  File "C:\Users\hp\AppData\Local\Programs\Python\Python314\Lib\site-packages\sqlalchemy\util\langhelpers.py", line 1235, in __get__
    obj.__dict__[self.__name__] = result = self.fget(obj)
                                           ~~~~~~~~~^^^^^
  File "C:\Users\hp\AppData\Local\Programs\Python\Python314\Lib\site-packages\sqlalchemy\orm\mapper.py", line 2733, in _post_inspect
    self._check_configure()
    ~~~~~~~~~~~~~~~~~~~~~^^
  File "C:\Users\hp\AppData\Local\Programs\Python\Python314\Lib\site-packages\sqlalchemy\orm\mapper.py", line 2410, in _check_configure
    _configure_registries({self.registry}, cascade=True)
    ~~~~~~~~~~~~~~~~~~~~~^^^^^^^^^^^^^^^^^^^^^^^^^^^^^^^
  File "C:\Users\hp\AppData\Local\Programs\Python\Python314\Lib\site-packages\sqlalchemy\orm\mapper.py", line 4227, in _configure_registries
    _do_configure_registries(registries, cascade)
    ~~~~~~~~~~~~~~~~~~~~~~~~^^^^^^^^^^^^^^^^^^^^^
  File "C:\Users\hp\AppData\Local\Programs\Python\Python314\Lib\site-packages\sqlalchemy\orm\mapper.py", line 4264, in _do_configure_registries
    raise e
sqlalchemy.exc.InvalidRequestError: One or more mappers failed to initialize - can't proceed with initialization of other mappers. Triggering mapper: 'Mapper[Subject(subjects)]'. Original exception was: Mapper 'Mapper[Department(departments)]' has no property 'subjects'.  If this property was indicated from other mappers or configure events, ensure registry.configure() has been called.
2026-05-31 18:12:22,193 [INFO] apscheduler.executors.default - Running job "startup.<locals>._expiry_job (trigger: interval[0:01:00], next run at: 2026-05-31 18:13:22 +03)" (scheduled at 2026-05-31 18:12:22.178765+03:00)
2026-05-31 18:12:22,753 [ERROR] apscheduler.executors.default - Job "startup.<locals>._expiry_job (trigger: interval[0:01:00], next run at: 2026-05-31 18:13:22 +03)" raised an exception
Traceback (most recent call last):
  File "C:\Users\hp\AppData\Local\Programs\Python\Python314\Lib\site-packages\apscheduler\executors\base.py", line 181, in run_coroutine_job
    retval = await job.func(*job.args, **job.kwargs)
             ^^^^^^^^^^^^^^^^^^^^^^^^^^^^^^^^^^^^^^^
  File "C:\Users\hp\Documents\Coding Projects\SchoolSync - internship\SchoolSync\backend\main.py", line 122, in _expiry_job
    await expire_overdue_assignments(db)
  File "C:\Users\hp\Documents\Coding Projects\SchoolSync - internship\SchoolSync\backend\relief_dispatch.py", line 58, in expire_overdue_assignments
    result = await db.execute(
             ^^^^^^^^^^^^^^^^^
    ...<5 lines>...
    )
    ^
  File "C:\Users\hp\AppData\Local\Programs\Python\Python314\Lib\site-packages\sqlalchemy\ext\asyncio\session.py", line 449, in execute
    result = await greenlet_spawn(
             ^^^^^^^^^^^^^^^^^^^^^
    ...<6 lines>...
    )
    ^
  File "C:\Users\hp\AppData\Local\Programs\Python\Python314\Lib\site-packages\sqlalchemy\util\_concurrency_py3k.py", line 203, in greenlet_spawn
    result = context.switch(value)
  File "C:\Users\hp\AppData\Local\Programs\Python\Python314\Lib\site-packages\sqlalchemy\orm\session.py", line 2351, in execute
    return self._execute_internal(
           ~~~~~~~~~~~~~~~~~~~~~~^
        statement,
        ^^^^^^^^^^
    ...<4 lines>...
        _add_event=_add_event,
        ^^^^^^^^^^^^^^^^^^^^^^
    )
    ^
  File "C:\Users\hp\AppData\Local\Programs\Python\Python314\Lib\site-packages\sqlalchemy\orm\session.py", line 2249, in _execute_internal
    result: Result[Any] = compile_state_cls.orm_execute_statement(
                          ~~~~~~~~~~~~~~~~~~~~~~~~~~~~~~~~~~~~~~~^
        self,
        ^^^^^
    ...<4 lines>...
        conn,
        ^^^^^
    )
    ^
  File "C:\Users\hp\AppData\Local\Programs\Python\Python314\Lib\site-packages\sqlalchemy\orm\context.py", line 306, in orm_execute_statement
    result = conn.execute(
        statement, params or {}, execution_options=execution_options
    )
  File "C:\Users\hp\AppData\Local\Programs\Python\Python314\Lib\site-packages\sqlalchemy\engine\base.py", line 1419, in execute
    return meth(
        self,
        distilled_parameters,
        execution_options or NO_OPTIONS,
    )
  File "C:\Users\hp\AppData\Local\Programs\Python\Python314\Lib\site-packages\sqlalchemy\sql\elements.py", line 527, in _execute_on_connection
    return connection._execute_clauseelement(
           ~~~~~~~~~~~~~~~~~~~~~~~~~~~~~~~~~^
        self, distilled_params, execution_options
        ^^^^^^^^^^^^^^^^^^^^^^^^^^^^^^^^^^^^^^^^^
    )
    ^
  File "C:\Users\hp\AppData\Local\Programs\Python\Python314\Lib\site-packages\sqlalchemy\engine\base.py", line 1633, in _execute_clauseelement
    compiled_sql, extracted_params, cache_hit = elem._compile_w_cache(
                                                ~~~~~~~~~~~~~~~~~~~~~^
        dialect=dialect,
        ^^^^^^^^^^^^^^^^
    ...<4 lines>...
        linting=self.dialect.compiler_linting | compiler.WARN_LINTING,
        ^^^^^^^^^^^^^^^^^^^^^^^^^^^^^^^^^^^^^^^^^^^^^^^^^^^^^^^^^^^^^^
    )
    ^
  File "C:\Users\hp\AppData\Local\Programs\Python\Python314\Lib\site-packages\sqlalchemy\sql\elements.py", line 716, in _compile_w_cache
    compiled_sql = self._compiler(
        dialect,
    ...<4 lines>...
        **kw,
    )
  File "C:\Users\hp\AppData\Local\Programs\Python\Python314\Lib\site-packages\sqlalchemy\sql\elements.py", line 324, in _compiler
    return dialect.statement_compiler(dialect, self, **kw)
           ~~~~~~~~~~~~~~~~~~~~~~~~~~^^^^^^^^^^^^^^^^^^^^^
  File "C:\Users\hp\AppData\Local\Programs\Python\Python314\Lib\site-packages\sqlalchemy\sql\compiler.py", line 1461, in __init__
    Compiled.__init__(self, dialect, statement, **kwargs)
    ~~~~~~~~~~~~~~~~~^^^^^^^^^^^^^^^^^^^^^^^^^^^^^^^^^^^^
  File "C:\Users\hp\AppData\Local\Programs\Python\Python314\Lib\site-packages\sqlalchemy\sql\compiler.py", line 901, in __init__
    self.string = self.process(self.statement, **compile_kwargs)
                  ~~~~~~~~~~~~^^^^^^^^^^^^^^^^^^^^^^^^^^^^^^^^^^
  File "C:\Users\hp\AppData\Local\Programs\Python\Python314\Lib\site-packages\sqlalchemy\sql\compiler.py", line 947, in process
    return obj._compiler_dispatch(self, **kwargs)
           ~~~~~~~~~~~~~~~~~~~~~~^^^^^^^^^^^^^^^^
  File "C:\Users\hp\AppData\Local\Programs\Python\Python314\Lib\site-packages\sqlalchemy\sql\visitors.py", line 138, in _compiler_dispatch
    return meth(self, **kw)  # type: ignore  # noqa: E501
  File "C:\Users\hp\AppData\Local\Programs\Python\Python314\Lib\site-packages\sqlalchemy\sql\compiler.py", line 4809, in visit_select
    compile_state = select_stmt._compile_state_factory(
        select_stmt, self, **kwargs
    )
  File "C:\Users\hp\AppData\Local\Programs\Python\Python314\Lib\site-packages\sqlalchemy\sql\base.py", line 775, in create_for_statement
    return klass.create_for_statement(statement, compiler, **kw)
           ~~~~~~~~~~~~~~~~~~~~~~~~~~^^^^^^^^^^^^^^^^^^^^^^^^^^^
  File "C:\Users\hp\AppData\Local\Programs\Python\Python314\Lib\site-packages\sqlalchemy\orm\context.py", line 447, in create_for_statement
    return cls._create_orm_context(
           ~~~~~~~~~~~~~~~~~~~~~~~^
        cast("Union[Select, FromStatement]", statement),
        ^^^^^^^^^^^^^^^^^^^^^^^^^^^^^^^^^^^^^^^^^^^^^^^^
    ...<2 lines>...
        **kw,
        ^^^^^
    )
    ^
  File "C:\Users\hp\AppData\Local\Programs\Python\Python314\Lib\site-packages\sqlalchemy\orm\context.py", line 1175, in _create_orm_context
    _QueryEntity.to_compile_state(
    ~~~~~~~~~~~~~~~~~~~~~~~~~~~~~^
        self,
        ^^^^^
    ...<2 lines>...
        is_current_entities=True,
        ^^^^^^^^^^^^^^^^^^^^^^^^^
    )
    ^
  File "C:\Users\hp\AppData\Local\Programs\Python\Python314\Lib\site-packages\sqlalchemy\orm\context.py", line 2628, in to_compile_state
    _MapperEntity(
    ~~~~~~~~~~~~~^
        compile_state,
        ^^^^^^^^^^^^^^
    ...<2 lines>...
        is_current_entities,
        ^^^^^^^^^^^^^^^^^^^^
    )
    ^
  File "C:\Users\hp\AppData\Local\Programs\Python\Python314\Lib\site-packages\sqlalchemy\orm\context.py", line 2708, in __init__
    entity._post_inspect
  File "C:\Users\hp\AppData\Local\Programs\Python\Python314\Lib\site-packages\sqlalchemy\util\langhelpers.py", line 1235, in __get__
    obj.__dict__[self.__name__] = result = self.fget(obj)
                                           ~~~~~~~~~^^^^^
  File "C:\Users\hp\AppData\Local\Programs\Python\Python314\Lib\site-packages\sqlalchemy\orm\mapper.py", line 2733, in _post_inspect
    self._check_configure()
    ~~~~~~~~~~~~~~~~~~~~~^^
  File "C:\Users\hp\AppData\Local\Programs\Python\Python314\Lib\site-packages\sqlalchemy\orm\mapper.py", line 2410, in _check_configure
    _configure_registries({self.registry}, cascade=True)
    ~~~~~~~~~~~~~~~~~~~~~^^^^^^^^^^^^^^^^^^^^^^^^^^^^^^^
  File "C:\Users\hp\AppData\Local\Programs\Python\Python314\Lib\site-packages\sqlalchemy\orm\mapper.py", line 4227, in _configure_registries
    _do_configure_registries(registries, cascade)
    ~~~~~~~~~~~~~~~~~~~~~~~~^^^^^^^^^^^^^^^^^^^^^
  File "C:\Users\hp\AppData\Local\Programs\Python\Python314\Lib\site-packages\sqlalchemy\orm\mapper.py", line 4264, in _do_configure_registries
    raise e
sqlalchemy.exc.InvalidRequestError: One or more mappers failed to initialize - can't proceed with initialization of other mappers. Triggering mapper: 'Mapper[Subject(subjects)]'. Original exception was: Mapper 'Mapper[Department(departments)]' has no property 'subjects'.  If this property was indicated from other mappers or configure events, ensure registry.configure() has been called.
2026-05-31 18:13:22,182 [INFO] apscheduler.executors.default - Running job "startup.<locals>._expiry_job (trigger: interval[0:01:00], next run at: 2026-05-31 18:14:22 +03)" (scheduled at 2026-05-31 18:13:22.178765+03:00)
2026-05-31 18:13:22,792 [ERROR] apscheduler.executors.default - Job "startup.<locals>._expiry_job (trigger: interval[0:01:00], next run at: 2026-05-31 18:14:22 +03)" raised an exception
Traceback (most recent call last):
  File "C:\Users\hp\AppData\Local\Programs\Python\Python314\Lib\site-packages\apscheduler\executors\base.py", line 181, in run_coroutine_job
    retval = await job.func(*job.args, **job.kwargs)
             ^^^^^^^^^^^^^^^^^^^^^^^^^^^^^^^^^^^^^^^
  File "C:\Users\hp\Documents\Coding Projects\SchoolSync - internship\SchoolSync\backend\main.py", line 122, in _expiry_job
    await expire_overdue_assignments(db)
  File "C:\Users\hp\Documents\Coding Projects\SchoolSync - internship\SchoolSync\backend\relief_dispatch.py", line 58, in expire_overdue_assignments
    result = await db.execute(
             ^^^^^^^^^^^^^^^^^
    ...<5 lines>...
    )
    ^
  File "C:\Users\hp\AppData\Local\Programs\Python\Python314\Lib\site-packages\sqlalchemy\ext\asyncio\session.py", line 449, in execute
    result = await greenlet_spawn(
             ^^^^^^^^^^^^^^^^^^^^^
    ...<6 lines>...
    )
    ^
  File "C:\Users\hp\AppData\Local\Programs\Python\Python314\Lib\site-packages\sqlalchemy\util\_concurrency_py3k.py", line 203, in greenlet_spawn
    result = context.switch(value)
  File "C:\Users\hp\AppData\Local\Programs\Python\Python314\Lib\site-packages\sqlalchemy\orm\session.py", line 2351, in execute
    return self._execute_internal(
           ~~~~~~~~~~~~~~~~~~~~~~^
        statement,
        ^^^^^^^^^^
    ...<4 lines>...
        _add_event=_add_event,
        ^^^^^^^^^^^^^^^^^^^^^^
    )
    ^
  File "C:\Users\hp\AppData\Local\Programs\Python\Python314\Lib\site-packages\sqlalchemy\orm\session.py", line 2249, in _execute_internal
    result: Result[Any] = compile_state_cls.orm_execute_statement(
                          ~~~~~~~~~~~~~~~~~~~~~~~~~~~~~~~~~~~~~~~^
        self,
        ^^^^^
    ...<4 lines>...
        conn,
        ^^^^^
    )
    ^
  File "C:\Users\hp\AppData\Local\Programs\Python\Python314\Lib\site-packages\sqlalchemy\orm\context.py", line 306, in orm_execute_statement
    result = conn.execute(
        statement, params or {}, execution_options=execution_options
    )
  File "C:\Users\hp\AppData\Local\Programs\Python\Python314\Lib\site-packages\sqlalchemy\engine\base.py", line 1419, in execute
    return meth(
        self,
        distilled_parameters,
        execution_options or NO_OPTIONS,
    )
  File "C:\Users\hp\AppData\Local\Programs\Python\Python314\Lib\site-packages\sqlalchemy\sql\elements.py", line 527, in _execute_on_connection
    return connection._execute_clauseelement(
           ~~~~~~~~~~~~~~~~~~~~~~~~~~~~~~~~~^
        self, distilled_params, execution_options
        ^^^^^^^^^^^^^^^^^^^^^^^^^^^^^^^^^^^^^^^^^
    )
    ^
  File "C:\Users\hp\AppData\Local\Programs\Python\Python314\Lib\site-packages\sqlalchemy\engine\base.py", line 1633, in _execute_clauseelement
    compiled_sql, extracted_params, cache_hit = elem._compile_w_cache(
                                                ~~~~~~~~~~~~~~~~~~~~~^
        dialect=dialect,
        ^^^^^^^^^^^^^^^^
    ...<4 lines>...
        linting=self.dialect.compiler_linting | compiler.WARN_LINTING,
        ^^^^^^^^^^^^^^^^^^^^^^^^^^^^^^^^^^^^^^^^^^^^^^^^^^^^^^^^^^^^^^
    )
    ^
  File "C:\Users\hp\AppData\Local\Programs\Python\Python314\Lib\site-packages\sqlalchemy\sql\elements.py", line 716, in _compile_w_cache
    compiled_sql = self._compiler(
        dialect,
    ...<4 lines>...
        **kw,
    )
  File "C:\Users\hp\AppData\Local\Programs\Python\Python314\Lib\site-packages\sqlalchemy\sql\elements.py", line 324, in _compiler
    return dialect.statement_compiler(dialect, self, **kw)
           ~~~~~~~~~~~~~~~~~~~~~~~~~~^^^^^^^^^^^^^^^^^^^^^
  File "C:\Users\hp\AppData\Local\Programs\Python\Python314\Lib\site-packages\sqlalchemy\sql\compiler.py", line 1461, in __init__
    Compiled.__init__(self, dialect, statement, **kwargs)
    ~~~~~~~~~~~~~~~~~^^^^^^^^^^^^^^^^^^^^^^^^^^^^^^^^^^^^
  File "C:\Users\hp\AppData\Local\Programs\Python\Python314\Lib\site-packages\sqlalchemy\sql\compiler.py", line 901, in __init__
    self.string = self.process(self.statement, **compile_kwargs)
                  ~~~~~~~~~~~~^^^^^^^^^^^^^^^^^^^^^^^^^^^^^^^^^^
  File "C:\Users\hp\AppData\Local\Programs\Python\Python314\Lib\site-packages\sqlalchemy\sql\compiler.py", line 947, in process
    return obj._compiler_dispatch(self, **kwargs)
           ~~~~~~~~~~~~~~~~~~~~~~^^^^^^^^^^^^^^^^
  File "C:\Users\hp\AppData\Local\Programs\Python\Python314\Lib\site-packages\sqlalchemy\sql\visitors.py", line 138, in _compiler_dispatch
    return meth(self, **kw)  # type: ignore  # noqa: E501
  File "C:\Users\hp\AppData\Local\Programs\Python\Python314\Lib\site-packages\sqlalchemy\sql\compiler.py", line 4809, in visit_select
    compile_state = select_stmt._compile_state_factory(
        select_stmt, self, **kwargs
    )
  File "C:\Users\hp\AppData\Local\Programs\Python\Python314\Lib\site-packages\sqlalchemy\sql\base.py", line 775, in create_for_statement
    return klass.create_for_statement(statement, compiler, **kw)
           ~~~~~~~~~~~~~~~~~~~~~~~~~~^^^^^^^^^^^^^^^^^^^^^^^^^^^
  File "C:\Users\hp\AppData\Local\Programs\Python\Python314\Lib\site-packages\sqlalchemy\orm\context.py", line 447, in create_for_statement
    return cls._create_orm_context(
           ~~~~~~~~~~~~~~~~~~~~~~~^
        cast("Union[Select, FromStatement]", statement),
        ^^^^^^^^^^^^^^^^^^^^^^^^^^^^^^^^^^^^^^^^^^^^^^^^
    ...<2 lines>...
        **kw,
        ^^^^^
    )
    ^
  File "C:\Users\hp\AppData\Local\Programs\Python\Python314\Lib\site-packages\sqlalchemy\orm\context.py", line 1175, in _create_orm_context
    _QueryEntity.to_compile_state(
    ~~~~~~~~~~~~~~~~~~~~~~~~~~~~~^
        self,
        ^^^^^
    ...<2 lines>...
        is_current_entities=True,
        ^^^^^^^^^^^^^^^^^^^^^^^^^
    )
    ^
  File "C:\Users\hp\AppData\Local\Programs\Python\Python314\Lib\site-packages\sqlalchemy\orm\context.py", line 2628, in to_compile_state
    _MapperEntity(
    ~~~~~~~~~~~~~^
        compile_state,
        ^^^^^^^^^^^^^^
    ...<2 lines>...
        is_current_entities,
        ^^^^^^^^^^^^^^^^^^^^
    )
    ^
  File "C:\Users\hp\AppData\Local\Programs\Python\Python314\Lib\site-packages\sqlalchemy\orm\context.py", line 2708, in __init__
    entity._post_inspect
  File "C:\Users\hp\AppData\Local\Programs\Python\Python314\Lib\site-packages\sqlalchemy\util\langhelpers.py", line 1235, in __get__
    obj.__dict__[self.__name__] = result = self.fget(obj)
                                           ~~~~~~~~~^^^^^
  File "C:\Users\hp\AppData\Local\Programs\Python\Python314\Lib\site-packages\sqlalchemy\orm\mapper.py", line 2733, in _post_inspect
    self._check_configure()
    ~~~~~~~~~~~~~~~~~~~~~^^
  File "C:\Users\hp\AppData\Local\Programs\Python\Python314\Lib\site-packages\sqlalchemy\orm\mapper.py", line 2410, in _check_configure
    _configure_registries({self.registry}, cascade=True)
    ~~~~~~~~~~~~~~~~~~~~~^^^^^^^^^^^^^^^^^^^^^^^^^^^^^^^
  File "C:\Users\hp\AppData\Local\Programs\Python\Python314\Lib\site-packages\sqlalchemy\orm\mapper.py", line 4227, in _configure_registries
    _do_configure_registries(registries, cascade)
    ~~~~~~~~~~~~~~~~~~~~~~~~^^^^^^^^^^^^^^^^^^^^^
  File "C:\Users\hp\AppData\Local\Programs\Python\Python314\Lib\site-packages\sqlalchemy\orm\mapper.py", line 4264, in _do_configure_registries
    raise e
sqlalchemy.exc.InvalidRequestError: One or more mappers failed to initialize - can't proceed with initialization of other mappers. Triggering mapper: 'Mapper[Subject(subjects)]'. Original exception was: Mapper 'Mapper[Department(departments)]' has no property 'subjects'.  If this property was indicated from other mappers or configure events, ensure registry.configure() has been called.
2026-05-31 18:13:52,168 [WARNING] backend.auth - Invalid or expired JWT token received.
2026-05-31 18:13:52,170 [WARNING] backend.auth - Invalid or expired JWT token received.
2026-05-31 18:13:52,175 [WARNING] backend.auth - Invalid or expired JWT token received.
2026-05-31 18:13:56,093 [WARNING] backend.auth - Invalid or expired JWT token received.
2026-05-31 18:13:56,095 [WARNING] backend.auth - Invalid or expired JWT token received.
2026-05-31 18:13:56,110 [WARNING] backend.auth - Invalid or expired JWT token received.
2026-05-31 18:13:56,112 [WARNING] backend.auth - Invalid or expired JWT token received.
2026-05-31 18:14:22,184 [INFO] apscheduler.executors.default - Running job "startup.<locals>._expiry_job (trigger: interval[0:01:00], next run at: 2026-05-31 18:15:22 +03)" (scheduled at 2026-05-31 18:14:22.178765+03:00)
2026-05-31 18:14:23,670 [ERROR] apscheduler.executors.default - Job "startup.<locals>._expiry_job (trigger: interval[0:01:00], next run at: 2026-05-31 18:15:22 +03)" raised an exception
Traceback (most recent call last):
  File "C:\Users\hp\AppData\Local\Programs\Python\Python314\Lib\site-packages\apscheduler\executors\base.py", line 181, in run_coroutine_job
    retval = await job.func(*job.args, **job.kwargs)
             ^^^^^^^^^^^^^^^^^^^^^^^^^^^^^^^^^^^^^^^
  File "C:\Users\hp\Documents\Coding Projects\SchoolSync - internship\SchoolSync\backend\main.py", line 122, in _expiry_job
    await expire_overdue_assignments(db)
  File "C:\Users\hp\Documents\Coding Projects\SchoolSync - internship\SchoolSync\backend\relief_dispatch.py", line 58, in expire_overdue_assignments
    result = await db.execute(
             ^^^^^^^^^^^^^^^^^
    ...<5 lines>...
    )
    ^
  File "C:\Users\hp\AppData\Local\Programs\Python\Python314\Lib\site-packages\sqlalchemy\ext\asyncio\session.py", line 449, in execute
    result = await greenlet_spawn(
             ^^^^^^^^^^^^^^^^^^^^^
    ...<6 lines>...
    )
    ^
  File "C:\Users\hp\AppData\Local\Programs\Python\Python314\Lib\site-packages\sqlalchemy\util\_concurrency_py3k.py", line 203, in greenlet_spawn
    result = context.switch(value)
  File "C:\Users\hp\AppData\Local\Programs\Python\Python314\Lib\site-packages\sqlalchemy\orm\session.py", line 2351, in execute
    return self._execute_internal(
           ~~~~~~~~~~~~~~~~~~~~~~^
        statement,
        ^^^^^^^^^^
    ...<4 lines>...
        _add_event=_add_event,
        ^^^^^^^^^^^^^^^^^^^^^^
    )
    ^
  File "C:\Users\hp\AppData\Local\Programs\Python\Python314\Lib\site-packages\sqlalchemy\orm\session.py", line 2249, in _execute_internal
    result: Result[Any] = compile_state_cls.orm_execute_statement(
                          ~~~~~~~~~~~~~~~~~~~~~~~~~~~~~~~~~~~~~~~^
        self,
        ^^^^^
    ...<4 lines>...
        conn,
        ^^^^^
    )
    ^
  File "C:\Users\hp\AppData\Local\Programs\Python\Python314\Lib\site-packages\sqlalchemy\orm\context.py", line 306, in orm_execute_statement
    result = conn.execute(
        statement, params or {}, execution_options=execution_options
    )
  File "C:\Users\hp\AppData\Local\Programs\Python\Python314\Lib\site-packages\sqlalchemy\engine\base.py", line 1419, in execute
    return meth(
        self,
        distilled_parameters,
        execution_options or NO_OPTIONS,
    )
  File "C:\Users\hp\AppData\Local\Programs\Python\Python314\Lib\site-packages\sqlalchemy\sql\elements.py", line 527, in _execute_on_connection
    return connection._execute_clauseelement(
           ~~~~~~~~~~~~~~~~~~~~~~~~~~~~~~~~~^
        self, distilled_params, execution_options
        ^^^^^^^^^^^^^^^^^^^^^^^^^^^^^^^^^^^^^^^^^
    )
    ^
  File "C:\Users\hp\AppData\Local\Programs\Python\Python314\Lib\site-packages\sqlalchemy\engine\base.py", line 1633, in _execute_clauseelement
    compiled_sql, extracted_params, cache_hit = elem._compile_w_cache(
                                                ~~~~~~~~~~~~~~~~~~~~~^
        dialect=dialect,
        ^^^^^^^^^^^^^^^^
    ...<4 lines>...
        linting=self.dialect.compiler_linting | compiler.WARN_LINTING,
        ^^^^^^^^^^^^^^^^^^^^^^^^^^^^^^^^^^^^^^^^^^^^^^^^^^^^^^^^^^^^^^
    )
    ^
  File "C:\Users\hp\AppData\Local\Programs\Python\Python314\Lib\site-packages\sqlalchemy\sql\elements.py", line 716, in _compile_w_cache
    compiled_sql = self._compiler(
        dialect,
    ...<4 lines>...
        **kw,
    )
  File "C:\Users\hp\AppData\Local\Programs\Python\Python314\Lib\site-packages\sqlalchemy\sql\elements.py", line 324, in _compiler
    return dialect.statement_compiler(dialect, self, **kw)
           ~~~~~~~~~~~~~~~~~~~~~~~~~~^^^^^^^^^^^^^^^^^^^^^
  File "C:\Users\hp\AppData\Local\Programs\Python\Python314\Lib\site-packages\sqlalchemy\sql\compiler.py", line 1461, in __init__
    Compiled.__init__(self, dialect, statement, **kwargs)
    ~~~~~~~~~~~~~~~~~^^^^^^^^^^^^^^^^^^^^^^^^^^^^^^^^^^^^
  File "C:\Users\hp\AppData\Local\Programs\Python\Python314\Lib\site-packages\sqlalchemy\sql\compiler.py", line 901, in __init__
    self.string = self.process(self.statement, **compile_kwargs)
                  ~~~~~~~~~~~~^^^^^^^^^^^^^^^^^^^^^^^^^^^^^^^^^^
  File "C:\Users\hp\AppData\Local\Programs\Python\Python314\Lib\site-packages\sqlalchemy\sql\compiler.py", line 947, in process
    return obj._compiler_dispatch(self, **kwargs)
           ~~~~~~~~~~~~~~~~~~~~~~^^^^^^^^^^^^^^^^
  File "C:\Users\hp\AppData\Local\Programs\Python\Python314\Lib\site-packages\sqlalchemy\sql\visitors.py", line 138, in _compiler_dispatch
    return meth(self, **kw)  # type: ignore  # noqa: E501
  File "C:\Users\hp\AppData\Local\Programs\Python\Python314\Lib\site-packages\sqlalchemy\sql\compiler.py", line 4809, in visit_select
    compile_state = select_stmt._compile_state_factory(
        select_stmt, self, **kwargs
    )
  File "C:\Users\hp\AppData\Local\Programs\Python\Python314\Lib\site-packages\sqlalchemy\sql\base.py", line 775, in create_for_statement
    return klass.create_for_statement(statement, compiler, **kw)
           ~~~~~~~~~~~~~~~~~~~~~~~~~~^^^^^^^^^^^^^^^^^^^^^^^^^^^
  File "C:\Users\hp\AppData\Local\Programs\Python\Python314\Lib\site-packages\sqlalchemy\orm\context.py", line 447, in create_for_statement
    return cls._create_orm_context(
           ~~~~~~~~~~~~~~~~~~~~~~~^
        cast("Union[Select, FromStatement]", statement),
        ^^^^^^^^^^^^^^^^^^^^^^^^^^^^^^^^^^^^^^^^^^^^^^^^
    ...<2 lines>...
        **kw,
        ^^^^^
    )
    ^
  File "C:\Users\hp\AppData\Local\Programs\Python\Python314\Lib\site-packages\sqlalchemy\orm\context.py", line 1175, in _create_orm_context
    _QueryEntity.to_compile_state(
    ~~~~~~~~~~~~~~~~~~~~~~~~~~~~~^
        self,
        ^^^^^
    ...<2 lines>...
        is_current_entities=True,
        ^^^^^^^^^^^^^^^^^^^^^^^^^
    )
    ^
  File "C:\Users\hp\AppData\Local\Programs\Python\Python314\Lib\site-packages\sqlalchemy\orm\context.py", line 2628, in to_compile_state
    _MapperEntity(
    ~~~~~~~~~~~~~^
        compile_state,
        ^^^^^^^^^^^^^^
    ...<2 lines>...
        is_current_entities,
        ^^^^^^^^^^^^^^^^^^^^
    )
    ^
  File "C:\Users\hp\AppData\Local\Programs\Python\Python314\Lib\site-packages\sqlalchemy\orm\context.py", line 2708, in __init__
    entity._post_inspect
  File "C:\Users\hp\AppData\Local\Programs\Python\Python314\Lib\site-packages\sqlalchemy\util\langhelpers.py", line 1235, in __get__
    obj.__dict__[self.__name__] = result = self.fget(obj)
                                           ~~~~~~~~~^^^^^
  File "C:\Users\hp\AppData\Local\Programs\Python\Python314\Lib\site-packages\sqlalchemy\orm\mapper.py", line 2733, in _post_inspect
    self._check_configure()
    ~~~~~~~~~~~~~~~~~~~~~^^
  File "C:\Users\hp\AppData\Local\Programs\Python\Python314\Lib\site-packages\sqlalchemy\orm\mapper.py", line 2410, in _check_configure
    _configure_registries({self.registry}, cascade=True)
    ~~~~~~~~~~~~~~~~~~~~~^^^^^^^^^^^^^^^^^^^^^^^^^^^^^^^
  File "C:\Users\hp\AppData\Local\Programs\Python\Python314\Lib\site-packages\sqlalchemy\orm\mapper.py", line 4227, in _configure_registries
    _do_configure_registries(registries, cascade)
    ~~~~~~~~~~~~~~~~~~~~~~~~^^^^^^^^^^^^^^^^^^^^^
  File "C:\Users\hp\AppData\Local\Programs\Python\Python314\Lib\site-packages\sqlalchemy\orm\mapper.py", line 4264, in _do_configure_registries
    raise e
sqlalchemy.exc.InvalidRequestError: One or more mappers failed to initialize - can't proceed with initialization of other mappers. Triggering mapper: 'Mapper[Subject(subjects)]'. Original exception was: Mapper 'Mapper[Department(departments)]' has no property 'subjects'.  If this property was indicated from other mappers or configure events, ensure registry.configure() has been called.
2026-05-31 18:15:22,181 [INFO] apscheduler.executors.default - Running job "startup.<locals>._expiry_job (trigger: interval[0:01:00], next run at: 2026-05-31 18:16:22 +03)" (scheduled at 2026-05-31 18:15:22.178765+03:00)
2026-05-31 18:15:22,870 [ERROR] apscheduler.executors.default - Job "startup.<locals>._expiry_job (trigger: interval[0:01:00], next run at: 2026-05-31 18:16:22 +03)" raised an exception
Traceback (most recent call last):
  File "C:\Users\hp\AppData\Local\Programs\Python\Python314\Lib\site-packages\apscheduler\executors\base.py", line 181, in run_coroutine_job
    retval = await job.func(*job.args, **job.kwargs)
             ^^^^^^^^^^^^^^^^^^^^^^^^^^^^^^^^^^^^^^^
  File "C:\Users\hp\Documents\Coding Projects\SchoolSync - internship\SchoolSync\backend\main.py", line 122, in _expiry_job
    await expire_overdue_assignments(db)
  File "C:\Users\hp\Documents\Coding Projects\SchoolSync - internship\SchoolSync\backend\relief_dispatch.py", line 58, in expire_overdue_assignments
    result = await db.execute(
             ^^^^^^^^^^^^^^^^^
    ...<5 lines>...
    )
    ^
  File "C:\Users\hp\AppData\Local\Programs\Python\Python314\Lib\site-packages\sqlalchemy\ext\asyncio\session.py", line 449, in execute
    result = await greenlet_spawn(
             ^^^^^^^^^^^^^^^^^^^^^
    ...<6 lines>...
    )
    ^
  File "C:\Users\hp\AppData\Local\Programs\Python\Python314\Lib\site-packages\sqlalchemy\util\_concurrency_py3k.py", line 203, in greenlet_spawn
    result = context.switch(value)
  File "C:\Users\hp\AppData\Local\Programs\Python\Python314\Lib\site-packages\sqlalchemy\orm\session.py", line 2351, in execute
    return self._execute_internal(
           ~~~~~~~~~~~~~~~~~~~~~~^
        statement,
        ^^^^^^^^^^
    ...<4 lines>...
        _add_event=_add_event,
        ^^^^^^^^^^^^^^^^^^^^^^
    )
    ^
  File "C:\Users\hp\AppData\Local\Programs\Python\Python314\Lib\site-packages\sqlalchemy\orm\session.py", line 2249, in _execute_internal
    result: Result[Any] = compile_state_cls.orm_execute_statement(
                          ~~~~~~~~~~~~~~~~~~~~~~~~~~~~~~~~~~~~~~~^
        self,
        ^^^^^
    ...<4 lines>...
        conn,
        ^^^^^
    )
    ^
  File "C:\Users\hp\AppData\Local\Programs\Python\Python314\Lib\site-packages\sqlalchemy\orm\context.py", line 306, in orm_execute_statement
    result = conn.execute(
        statement, params or {}, execution_options=execution_options
    )
  File "C:\Users\hp\AppData\Local\Programs\Python\Python314\Lib\site-packages\sqlalchemy\engine\base.py", line 1419, in execute
    return meth(
        self,
        distilled_parameters,
        execution_options or NO_OPTIONS,
    )
  File "C:\Users\hp\AppData\Local\Programs\Python\Python314\Lib\site-packages\sqlalchemy\sql\elements.py", line 527, in _execute_on_connection
    return connection._execute_clauseelement(
           ~~~~~~~~~~~~~~~~~~~~~~~~~~~~~~~~~^
        self, distilled_params, execution_options
        ^^^^^^^^^^^^^^^^^^^^^^^^^^^^^^^^^^^^^^^^^
    )
    ^
  File "C:\Users\hp\AppData\Local\Programs\Python\Python314\Lib\site-packages\sqlalchemy\engine\base.py", line 1633, in _execute_clauseelement
    compiled_sql, extracted_params, cache_hit = elem._compile_w_cache(
                                                ~~~~~~~~~~~~~~~~~~~~~^
        dialect=dialect,
        ^^^^^^^^^^^^^^^^
    ...<4 lines>...
        linting=self.dialect.compiler_linting | compiler.WARN_LINTING,
        ^^^^^^^^^^^^^^^^^^^^^^^^^^^^^^^^^^^^^^^^^^^^^^^^^^^^^^^^^^^^^^
    )
    ^
  File "C:\Users\hp\AppData\Local\Programs\Python\Python314\Lib\site-packages\sqlalchemy\sql\elements.py", line 716, in _compile_w_cache
    compiled_sql = self._compiler(
        dialect,
    ...<4 lines>...
        **kw,
    )
  File "C:\Users\hp\AppData\Local\Programs\Python\Python314\Lib\site-packages\sqlalchemy\sql\elements.py", line 324, in _compiler
    return dialect.statement_compiler(dialect, self, **kw)
           ~~~~~~~~~~~~~~~~~~~~~~~~~~^^^^^^^^^^^^^^^^^^^^^
  File "C:\Users\hp\AppData\Local\Programs\Python\Python314\Lib\site-packages\sqlalchemy\sql\compiler.py", line 1461, in __init__
    Compiled.__init__(self, dialect, statement, **kwargs)
    ~~~~~~~~~~~~~~~~~^^^^^^^^^^^^^^^^^^^^^^^^^^^^^^^^^^^^
  File "C:\Users\hp\AppData\Local\Programs\Python\Python314\Lib\site-packages\sqlalchemy\sql\compiler.py", line 901, in __init__
    self.string = self.process(self.statement, **compile_kwargs)
                  ~~~~~~~~~~~~^^^^^^^^^^^^^^^^^^^^^^^^^^^^^^^^^^
  File "C:\Users\hp\AppData\Local\Programs\Python\Python314\Lib\site-packages\sqlalchemy\sql\compiler.py", line 947, in process
    return obj._compiler_dispatch(self, **kwargs)
           ~~~~~~~~~~~~~~~~~~~~~~^^^^^^^^^^^^^^^^
  File "C:\Users\hp\AppData\Local\Programs\Python\Python314\Lib\site-packages\sqlalchemy\sql\visitors.py", line 138, in _compiler_dispatch
    return meth(self, **kw)  # type: ignore  # noqa: E501
  File "C:\Users\hp\AppData\Local\Programs\Python\Python314\Lib\site-packages\sqlalchemy\sql\compiler.py", line 4809, in visit_select
    compile_state = select_stmt._compile_state_factory(
        select_stmt, self, **kwargs
    )
  File "C:\Users\hp\AppData\Local\Programs\Python\Python314\Lib\site-packages\sqlalchemy\sql\base.py", line 775, in create_for_statement
    return klass.create_for_statement(statement, compiler, **kw)
           ~~~~~~~~~~~~~~~~~~~~~~~~~~^^^^^^^^^^^^^^^^^^^^^^^^^^^
  File "C:\Users\hp\AppData\Local\Programs\Python\Python314\Lib\site-packages\sqlalchemy\orm\context.py", line 447, in create_for_statement
    return cls._create_orm_context(
           ~~~~~~~~~~~~~~~~~~~~~~~^
        cast("Union[Select, FromStatement]", statement),
        ^^^^^^^^^^^^^^^^^^^^^^^^^^^^^^^^^^^^^^^^^^^^^^^^
    ...<2 lines>...
        **kw,
        ^^^^^
    )
    ^
  File "C:\Users\hp\AppData\Local\Programs\Python\Python314\Lib\site-packages\sqlalchemy\orm\context.py", line 1175, in _create_orm_context
    _QueryEntity.to_compile_state(
    ~~~~~~~~~~~~~~~~~~~~~~~~~~~~~^
        self,
        ^^^^^
    ...<2 lines>...
        is_current_entities=True,
        ^^^^^^^^^^^^^^^^^^^^^^^^^
    )
    ^
  File "C:\Users\hp\AppData\Local\Programs\Python\Python314\Lib\site-packages\sqlalchemy\orm\context.py", line 2628, in to_compile_state
    _MapperEntity(
    ~~~~~~~~~~~~~^
        compile_state,
        ^^^^^^^^^^^^^^
    ...<2 lines>...
        is_current_entities,
        ^^^^^^^^^^^^^^^^^^^^
    )
    ^
  File "C:\Users\hp\AppData\Local\Programs\Python\Python314\Lib\site-packages\sqlalchemy\orm\context.py", line 2708, in __init__
    entity._post_inspect
  File "C:\Users\hp\AppData\Local\Programs\Python\Python314\Lib\site-packages\sqlalchemy\util\langhelpers.py", line 1235, in __get__
    obj.__dict__[self.__name__] = result = self.fget(obj)
                                           ~~~~~~~~~^^^^^
  File "C:\Users\hp\AppData\Local\Programs\Python\Python314\Lib\site-packages\sqlalchemy\orm\mapper.py", line 2733, in _post_inspect
    self._check_configure()
    ~~~~~~~~~~~~~~~~~~~~~^^
  File "C:\Users\hp\AppData\Local\Programs\Python\Python314\Lib\site-packages\sqlalchemy\orm\mapper.py", line 2410, in _check_configure
    _configure_registries({self.registry}, cascade=True)
    ~~~~~~~~~~~~~~~~~~~~~^^^^^^^^^^^^^^^^^^^^^^^^^^^^^^^
  File "C:\Users\hp\AppData\Local\Programs\Python\Python314\Lib\site-packages\sqlalchemy\orm\mapper.py", line 4227, in _configure_registries
    _do_configure_registries(registries, cascade)
    ~~~~~~~~~~~~~~~~~~~~~~~~^^^^^^^^^^^^^^^^^^^^^
  File "C:\Users\hp\AppData\Local\Programs\Python\Python314\Lib\site-packages\sqlalchemy\orm\mapper.py", line 4264, in _do_configure_registries
    raise e
sqlalchemy.exc.InvalidRequestError: One or more mappers failed to initialize - can't proceed with initialization of other mappers. Triggering mapper: 'Mapper[Subject(subjects)]'. Original exception was: Mapper 'Mapper[Department(departments)]' has no property 'subjects'.  If this property was indicated from other mappers or configure events, ensure registry.configure() has been called.
2026-05-31 18:16:22,195 [INFO] apscheduler.executors.default - Running job "startup.<locals>._expiry_job (trigger: interval[0:01:00], next run at: 2026-05-31 18:17:22 +03)" (scheduled at 2026-05-31 18:16:22.178765+03:00)
2026-05-31 18:16:22,788 [ERROR] apscheduler.executors.default - Job "startup.<locals>._expiry_job (trigger: interval[0:01:00], next run at: 2026-05-31 18:17:22 +03)" raised an exception
Traceback (most recent call last):
  File "C:\Users\hp\AppData\Local\Programs\Python\Python314\Lib\site-packages\apscheduler\executors\base.py", line 181, in run_coroutine_job
    retval = await job.func(*job.args, **job.kwargs)
             ^^^^^^^^^^^^^^^^^^^^^^^^^^^^^^^^^^^^^^^
  File "C:\Users\hp\Documents\Coding Projects\SchoolSync - internship\SchoolSync\backend\main.py", line 122, in _expiry_job
    await expire_overdue_assignments(db)
  File "C:\Users\hp\Documents\Coding Projects\SchoolSync - internship\SchoolSync\backend\relief_dispatch.py", line 58, in expire_overdue_assignments
    result = await db.execute(
             ^^^^^^^^^^^^^^^^^
    ...<5 lines>...
    )
    ^
  File "C:\Users\hp\AppData\Local\Programs\Python\Python314\Lib\site-packages\sqlalchemy\ext\asyncio\session.py", line 449, in execute
    result = await greenlet_spawn(
             ^^^^^^^^^^^^^^^^^^^^^
    ...<6 lines>...
    )
    ^
  File "C:\Users\hp\AppData\Local\Programs\Python\Python314\Lib\site-packages\sqlalchemy\util\_concurrency_py3k.py", line 203, in greenlet_spawn
    result = context.switch(value)
  File "C:\Users\hp\AppData\Local\Programs\Python\Python314\Lib\site-packages\sqlalchemy\orm\session.py", line 2351, in execute
    return self._execute_internal(
           ~~~~~~~~~~~~~~~~~~~~~~^
        statement,
        ^^^^^^^^^^
    ...<4 lines>...
        _add_event=_add_event,
        ^^^^^^^^^^^^^^^^^^^^^^
    )
    ^
  File "C:\Users\hp\AppData\Local\Programs\Python\Python314\Lib\site-packages\sqlalchemy\orm\session.py", line 2249, in _execute_internal
    result: Result[Any] = compile_state_cls.orm_execute_statement(
                          ~~~~~~~~~~~~~~~~~~~~~~~~~~~~~~~~~~~~~~~^
        self,
        ^^^^^
    ...<4 lines>...
        conn,
        ^^^^^
    )
    ^
  File "C:\Users\hp\AppData\Local\Programs\Python\Python314\Lib\site-packages\sqlalchemy\orm\context.py", line 306, in orm_execute_statement
    result = conn.execute(
        statement, params or {}, execution_options=execution_options
    )
  File "C:\Users\hp\AppData\Local\Programs\Python\Python314\Lib\site-packages\sqlalchemy\engine\base.py", line 1419, in execute
    return meth(
        self,
        distilled_parameters,
        execution_options or NO_OPTIONS,
    )
  File "C:\Users\hp\AppData\Local\Programs\Python\Python314\Lib\site-packages\sqlalchemy\sql\elements.py", line 527, in _execute_on_connection
    return connection._execute_clauseelement(
           ~~~~~~~~~~~~~~~~~~~~~~~~~~~~~~~~~^
        self, distilled_params, execution_options
        ^^^^^^^^^^^^^^^^^^^^^^^^^^^^^^^^^^^^^^^^^
    )
    ^
  File "C:\Users\hp\AppData\Local\Programs\Python\Python314\Lib\site-packages\sqlalchemy\engine\base.py", line 1633, in _execute_clauseelement
    compiled_sql, extracted_params, cache_hit = elem._compile_w_cache(
                                                ~~~~~~~~~~~~~~~~~~~~~^
        dialect=dialect,
        ^^^^^^^^^^^^^^^^
    ...<4 lines>...
        linting=self.dialect.compiler_linting | compiler.WARN_LINTING,
        ^^^^^^^^^^^^^^^^^^^^^^^^^^^^^^^^^^^^^^^^^^^^^^^^^^^^^^^^^^^^^^
    )
    ^
  File "C:\Users\hp\AppData\Local\Programs\Python\Python314\Lib\site-packages\sqlalchemy\sql\elements.py", line 716, in _compile_w_cache
    compiled_sql = self._compiler(
        dialect,
    ...<4 lines>...
        **kw,
    )
  File "C:\Users\hp\AppData\Local\Programs\Python\Python314\Lib\site-packages\sqlalchemy\sql\elements.py", line 324, in _compiler
    return dialect.statement_compiler(dialect, self, **kw)
           ~~~~~~~~~~~~~~~~~~~~~~~~~~^^^^^^^^^^^^^^^^^^^^^
  File "C:\Users\hp\AppData\Local\Programs\Python\Python314\Lib\site-packages\sqlalchemy\sql\compiler.py", line 1461, in __init__
    Compiled.__init__(self, dialect, statement, **kwargs)
    ~~~~~~~~~~~~~~~~~^^^^^^^^^^^^^^^^^^^^^^^^^^^^^^^^^^^^
  File "C:\Users\hp\AppData\Local\Programs\Python\Python314\Lib\site-packages\sqlalchemy\sql\compiler.py", line 901, in __init__
    self.string = self.process(self.statement, **compile_kwargs)
                  ~~~~~~~~~~~~^^^^^^^^^^^^^^^^^^^^^^^^^^^^^^^^^^
  File "C:\Users\hp\AppData\Local\Programs\Python\Python314\Lib\site-packages\sqlalchemy\sql\compiler.py", line 947, in process
    return obj._compiler_dispatch(self, **kwargs)
           ~~~~~~~~~~~~~~~~~~~~~~^^^^^^^^^^^^^^^^
  File "C:\Users\hp\AppData\Local\Programs\Python\Python314\Lib\site-packages\sqlalchemy\sql\visitors.py", line 138, in _compiler_dispatch
    return meth(self, **kw)  # type: ignore  # noqa: E501
  File "C:\Users\hp\AppData\Local\Programs\Python\Python314\Lib\site-packages\sqlalchemy\sql\compiler.py", line 4809, in visit_select
    compile_state = select_stmt._compile_state_factory(
        select_stmt, self, **kwargs
    )
  File "C:\Users\hp\AppData\Local\Programs\Python\Python314\Lib\site-packages\sqlalchemy\sql\base.py", line 775, in create_for_statement
    return klass.create_for_statement(statement, compiler, **kw)
           ~~~~~~~~~~~~~~~~~~~~~~~~~~^^^^^^^^^^^^^^^^^^^^^^^^^^^
  File "C:\Users\hp\AppData\Local\Programs\Python\Python314\Lib\site-packages\sqlalchemy\orm\context.py", line 447, in create_for_statement
    return cls._create_orm_context(
           ~~~~~~~~~~~~~~~~~~~~~~~^
        cast("Union[Select, FromStatement]", statement),
        ^^^^^^^^^^^^^^^^^^^^^^^^^^^^^^^^^^^^^^^^^^^^^^^^
    ...<2 lines>...
        **kw,
        ^^^^^
    )
    ^
  File "C:\Users\hp\AppData\Local\Programs\Python\Python314\Lib\site-packages\sqlalchemy\orm\context.py", line 1175, in _create_orm_context
    _QueryEntity.to_compile_state(
    ~~~~~~~~~~~~~~~~~~~~~~~~~~~~~^
        self,
        ^^^^^
    ...<2 lines>...
        is_current_entities=True,
        ^^^^^^^^^^^^^^^^^^^^^^^^^
    )
    ^
  File "C:\Users\hp\AppData\Local\Programs\Python\Python314\Lib\site-packages\sqlalchemy\orm\context.py", line 2628, in to_compile_state
    _MapperEntity(
    ~~~~~~~~~~~~~^
        compile_state,
        ^^^^^^^^^^^^^^
    ...<2 lines>...
        is_current_entities,
        ^^^^^^^^^^^^^^^^^^^^
    )
    ^
  File "C:\Users\hp\AppData\Local\Programs\Python\Python314\Lib\site-packages\sqlalchemy\orm\context.py", line 2708, in __init__
    entity._post_inspect
  File "C:\Users\hp\AppData\Local\Programs\Python\Python314\Lib\site-packages\sqlalchemy\util\langhelpers.py", line 1235, in __get__
    obj.__dict__[self.__name__] = result = self.fget(obj)
                                           ~~~~~~~~~^^^^^
  File "C:\Users\hp\AppData\Local\Programs\Python\Python314\Lib\site-packages\sqlalchemy\orm\mapper.py", line 2733, in _post_inspect
    self._check_configure()
    ~~~~~~~~~~~~~~~~~~~~~^^
  File "C:\Users\hp\AppData\Local\Programs\Python\Python314\Lib\site-packages\sqlalchemy\orm\mapper.py", line 2410, in _check_configure
    _configure_registries({self.registry}, cascade=True)
    ~~~~~~~~~~~~~~~~~~~~~^^^^^^^^^^^^^^^^^^^^^^^^^^^^^^^
  File "C:\Users\hp\AppData\Local\Programs\Python\Python314\Lib\site-packages\sqlalchemy\orm\mapper.py", line 4227, in _configure_registries
    _do_configure_registries(registries, cascade)
    ~~~~~~~~~~~~~~~~~~~~~~~~^^^^^^^^^^^^^^^^^^^^^
  File "C:\Users\hp\AppData\Local\Programs\Python\Python314\Lib\site-packages\sqlalchemy\orm\mapper.py", line 4264, in _do_configure_registries
    raise e
sqlalchemy.exc.InvalidRequestError: One or more mappers failed to initialize - can't proceed with initialization of other mappers. Triggering mapper: 'Mapper[Subject(subjects)]'. Original exception was: Mapper 'Mapper[Department(departments)]' has no property 'subjects'.  If this property was indicated from other mappers or configure events, ensure registry.configure() has been called.
2026-05-31 18:17:22,189 [INFO] apscheduler.executors.default - Running job "startup.<locals>._expiry_job (trigger: interval[0:01:00], next run at: 2026-05-31 18:18:22 +03)" (scheduled at 2026-05-31 18:17:22.178765+03:00)
2026-05-31 18:17:23,518 [ERROR] apscheduler.executors.default - Job "startup.<locals>._expiry_job (trigger: interval[0:01:00], next run at: 2026-05-31 18:18:22 +03)" raised an exception
Traceback (most recent call last):
  File "C:\Users\hp\AppData\Local\Programs\Python\Python314\Lib\site-packages\apscheduler\executors\base.py", line 181, in run_coroutine_job
    retval = await job.func(*job.args, **job.kwargs)
             ^^^^^^^^^^^^^^^^^^^^^^^^^^^^^^^^^^^^^^^
  File "C:\Users\hp\Documents\Coding Projects\SchoolSync - internship\SchoolSync\backend\main.py", line 122, in _expiry_job
    await expire_overdue_assignments(db)
  File "C:\Users\hp\Documents\Coding Projects\SchoolSync - internship\SchoolSync\backend\relief_dispatch.py", line 58, in expire_overdue_assignments
    result = await db.execute(
             ^^^^^^^^^^^^^^^^^
    ...<5 lines>...
    )
    ^
  File "C:\Users\hp\AppData\Local\Programs\Python\Python314\Lib\site-packages\sqlalchemy\ext\asyncio\session.py", line 449, in execute
    result = await greenlet_spawn(
             ^^^^^^^^^^^^^^^^^^^^^
    ...<6 lines>...
    )
    ^
  File "C:\Users\hp\AppData\Local\Programs\Python\Python314\Lib\site-packages\sqlalchemy\util\_concurrency_py3k.py", line 203, in greenlet_spawn
    result = context.switch(value)
  File "C:\Users\hp\AppData\Local\Programs\Python\Python314\Lib\site-packages\sqlalchemy\orm\session.py", line 2351, in execute
    return self._execute_internal(
           ~~~~~~~~~~~~~~~~~~~~~~^
        statement,
        ^^^^^^^^^^
    ...<4 lines>...
        _add_event=_add_event,
        ^^^^^^^^^^^^^^^^^^^^^^
    )
    ^
  File "C:\Users\hp\AppData\Local\Programs\Python\Python314\Lib\site-packages\sqlalchemy\orm\session.py", line 2249, in _execute_internal
    result: Result[Any] = compile_state_cls.orm_execute_statement(
                          ~~~~~~~~~~~~~~~~~~~~~~~~~~~~~~~~~~~~~~~^
        self,
        ^^^^^
    ...<4 lines>...
        conn,
        ^^^^^
    )
    ^
  File "C:\Users\hp\AppData\Local\Programs\Python\Python314\Lib\site-packages\sqlalchemy\orm\context.py", line 306, in orm_execute_statement
    result = conn.execute(
        statement, params or {}, execution_options=execution_options
    )
  File "C:\Users\hp\AppData\Local\Programs\Python\Python314\Lib\site-packages\sqlalchemy\engine\base.py", line 1419, in execute
    return meth(
        self,
        distilled_parameters,
        execution_options or NO_OPTIONS,
    )
  File "C:\Users\hp\AppData\Local\Programs\Python\Python314\Lib\site-packages\sqlalchemy\sql\elements.py", line 527, in _execute_on_connection
    return connection._execute_clauseelement(
           ~~~~~~~~~~~~~~~~~~~~~~~~~~~~~~~~~^
        self, distilled_params, execution_options
        ^^^^^^^^^^^^^^^^^^^^^^^^^^^^^^^^^^^^^^^^^
    )
    ^
  File "C:\Users\hp\AppData\Local\Programs\Python\Python314\Lib\site-packages\sqlalchemy\engine\base.py", line 1633, in _execute_clauseelement
    compiled_sql, extracted_params, cache_hit = elem._compile_w_cache(
                                                ~~~~~~~~~~~~~~~~~~~~~^
        dialect=dialect,
        ^^^^^^^^^^^^^^^^
    ...<4 lines>...
        linting=self.dialect.compiler_linting | compiler.WARN_LINTING,
        ^^^^^^^^^^^^^^^^^^^^^^^^^^^^^^^^^^^^^^^^^^^^^^^^^^^^^^^^^^^^^^
    )
    ^
  File "C:\Users\hp\AppData\Local\Programs\Python\Python314\Lib\site-packages\sqlalchemy\sql\elements.py", line 716, in _compile_w_cache
    compiled_sql = self._compiler(
        dialect,
    ...<4 lines>...
        **kw,
    )
  File "C:\Users\hp\AppData\Local\Programs\Python\Python314\Lib\site-packages\sqlalchemy\sql\elements.py", line 324, in _compiler
    return dialect.statement_compiler(dialect, self, **kw)
           ~~~~~~~~~~~~~~~~~~~~~~~~~~^^^^^^^^^^^^^^^^^^^^^
  File "C:\Users\hp\AppData\Local\Programs\Python\Python314\Lib\site-packages\sqlalchemy\sql\compiler.py", line 1461, in __init__
    Compiled.__init__(self, dialect, statement, **kwargs)
    ~~~~~~~~~~~~~~~~~^^^^^^^^^^^^^^^^^^^^^^^^^^^^^^^^^^^^
  File "C:\Users\hp\AppData\Local\Programs\Python\Python314\Lib\site-packages\sqlalchemy\sql\compiler.py", line 901, in __init__
    self.string = self.process(self.statement, **compile_kwargs)
                  ~~~~~~~~~~~~^^^^^^^^^^^^^^^^^^^^^^^^^^^^^^^^^^
  File "C:\Users\hp\AppData\Local\Programs\Python\Python314\Lib\site-packages\sqlalchemy\sql\compiler.py", line 947, in process
    return obj._compiler_dispatch(self, **kwargs)
           ~~~~~~~~~~~~~~~~~~~~~~^^^^^^^^^^^^^^^^
  File "C:\Users\hp\AppData\Local\Programs\Python\Python314\Lib\site-packages\sqlalchemy\sql\visitors.py", line 138, in _compiler_dispatch
    return meth(self, **kw)  # type: ignore  # noqa: E501
  File "C:\Users\hp\AppData\Local\Programs\Python\Python314\Lib\site-packages\sqlalchemy\sql\compiler.py", line 4809, in visit_select
    compile_state = select_stmt._compile_state_factory(
        select_stmt, self, **kwargs
    )
  File "C:\Users\hp\AppData\Local\Programs\Python\Python314\Lib\site-packages\sqlalchemy\sql\base.py", line 775, in create_for_statement
    return klass.create_for_statement(statement, compiler, **kw)
           ~~~~~~~~~~~~~~~~~~~~~~~~~~^^^^^^^^^^^^^^^^^^^^^^^^^^^
  File "C:\Users\hp\AppData\Local\Programs\Python\Python314\Lib\site-packages\sqlalchemy\orm\context.py", line 447, in create_for_statement
    return cls._create_orm_context(
           ~~~~~~~~~~~~~~~~~~~~~~~^
        cast("Union[Select, FromStatement]", statement),
        ^^^^^^^^^^^^^^^^^^^^^^^^^^^^^^^^^^^^^^^^^^^^^^^^
    ...<2 lines>...
        **kw,
        ^^^^^
    )
    ^
  File "C:\Users\hp\AppData\Local\Programs\Python\Python314\Lib\site-packages\sqlalchemy\orm\context.py", line 1175, in _create_orm_context
    _QueryEntity.to_compile_state(
    ~~~~~~~~~~~~~~~~~~~~~~~~~~~~~^
        self,
        ^^^^^
    ...<2 lines>...
        is_current_entities=True,
        ^^^^^^^^^^^^^^^^^^^^^^^^^
    )
    ^
  File "C:\Users\hp\AppData\Local\Programs\Python\Python314\Lib\site-packages\sqlalchemy\orm\context.py", line 2628, in to_compile_state
    _MapperEntity(
    ~~~~~~~~~~~~~^
        compile_state,
        ^^^^^^^^^^^^^^
    ...<2 lines>...
        is_current_entities,
        ^^^^^^^^^^^^^^^^^^^^
    )
    ^
  File "C:\Users\hp\AppData\Local\Programs\Python\Python314\Lib\site-packages\sqlalchemy\orm\context.py", line 2708, in __init__
    entity._post_inspect
  File "C:\Users\hp\AppData\Local\Programs\Python\Python314\Lib\site-packages\sqlalchemy\util\langhelpers.py", line 1235, in __get__
    obj.__dict__[self.__name__] = result = self.fget(obj)
                                           ~~~~~~~~~^^^^^
  File "C:\Users\hp\AppData\Local\Programs\Python\Python314\Lib\site-packages\sqlalchemy\orm\mapper.py", line 2733, in _post_inspect
    self._check_configure()
    ~~~~~~~~~~~~~~~~~~~~~^^
  File "C:\Users\hp\AppData\Local\Programs\Python\Python314\Lib\site-packages\sqlalchemy\orm\mapper.py", line 2410, in _check_configure
    _configure_registries({self.registry}, cascade=True)
    ~~~~~~~~~~~~~~~~~~~~~^^^^^^^^^^^^^^^^^^^^^^^^^^^^^^^
  File "C:\Users\hp\AppData\Local\Programs\Python\Python314\Lib\site-packages\sqlalchemy\orm\mapper.py", line 4227, in _configure_registries
    _do_configure_registries(registries, cascade)
    ~~~~~~~~~~~~~~~~~~~~~~~~^^^^^^^^^^^^^^^^^^^^^
  File "C:\Users\hp\AppData\Local\Programs\Python\Python314\Lib\site-packages\sqlalchemy\orm\mapper.py", line 4264, in _do_configure_registries
    raise e
sqlalchemy.exc.InvalidRequestError: One or more mappers failed to initialize - can't proceed with initialization of other mappers. Triggering mapper: 'Mapper[Subject(subjects)]'. Original exception was: Mapper 'Mapper[Department(departments)]' has no property 'subjects'.  If this property was indicated from other mappers or configure events, ensure registry.configure() has been called.
2026-05-31 18:18:22,185 [INFO] apscheduler.executors.default - Running job "startup.<locals>._expiry_job (trigger: interval[0:01:00], next run at: 2026-05-31 18:19:22 +03)" (scheduled at 2026-05-31 18:18:22.178765+03:00)
2026-05-31 18:18:22,803 [ERROR] apscheduler.executors.default - Job "startup.<locals>._expiry_job (trigger: interval[0:01:00], next run at: 2026-05-31 18:19:22 +03)" raised an exception
Traceback (most recent call last):
  File "C:\Users\hp\AppData\Local\Programs\Python\Python314\Lib\site-packages\apscheduler\executors\base.py", line 181, in run_coroutine_job
    retval = await job.func(*job.args, **job.kwargs)
             ^^^^^^^^^^^^^^^^^^^^^^^^^^^^^^^^^^^^^^^
  File "C:\Users\hp\Documents\Coding Projects\SchoolSync - internship\SchoolSync\backend\main.py", line 122, in _expiry_job
    await expire_overdue_assignments(db)
  File "C:\Users\hp\Documents\Coding Projects\SchoolSync - internship\SchoolSync\backend\relief_dispatch.py", line 58, in expire_overdue_assignments
    result = await db.execute(
             ^^^^^^^^^^^^^^^^^
    ...<5 lines>...
    )
    ^
  File "C:\Users\hp\AppData\Local\Programs\Python\Python314\Lib\site-packages\sqlalchemy\ext\asyncio\session.py", line 449, in execute
    result = await greenlet_spawn(
             ^^^^^^^^^^^^^^^^^^^^^
    ...<6 lines>...
    )
    ^
  File "C:\Users\hp\AppData\Local\Programs\Python\Python314\Lib\site-packages\sqlalchemy\util\_concurrency_py3k.py", line 203, in greenlet_spawn
    result = context.switch(value)
  File "C:\Users\hp\AppData\Local\Programs\Python\Python314\Lib\site-packages\sqlalchemy\orm\session.py", line 2351, in execute
    return self._execute_internal(
           ~~~~~~~~~~~~~~~~~~~~~~^
        statement,
        ^^^^^^^^^^
    ...<4 lines>...
        _add_event=_add_event,
        ^^^^^^^^^^^^^^^^^^^^^^
    )
    ^
  File "C:\Users\hp\AppData\Local\Programs\Python\Python314\Lib\site-packages\sqlalchemy\orm\session.py", line 2249, in _execute_internal
    result: Result[Any] = compile_state_cls.orm_execute_statement(
                          ~~~~~~~~~~~~~~~~~~~~~~~~~~~~~~~~~~~~~~~^
        self,
        ^^^^^
    ...<4 lines>...
        conn,
        ^^^^^
    )
    ^
  File "C:\Users\hp\AppData\Local\Programs\Python\Python314\Lib\site-packages\sqlalchemy\orm\context.py", line 306, in orm_execute_statement
    result = conn.execute(
        statement, params or {}, execution_options=execution_options
    )
  File "C:\Users\hp\AppData\Local\Programs\Python\Python314\Lib\site-packages\sqlalchemy\engine\base.py", line 1419, in execute
    return meth(
        self,
        distilled_parameters,
        execution_options or NO_OPTIONS,
    )
  File "C:\Users\hp\AppData\Local\Programs\Python\Python314\Lib\site-packages\sqlalchemy\sql\elements.py", line 527, in _execute_on_connection
    return connection._execute_clauseelement(
           ~~~~~~~~~~~~~~~~~~~~~~~~~~~~~~~~~^
        self, distilled_params, execution_options
        ^^^^^^^^^^^^^^^^^^^^^^^^^^^^^^^^^^^^^^^^^
    )
    ^
  File "C:\Users\hp\AppData\Local\Programs\Python\Python314\Lib\site-packages\sqlalchemy\engine\base.py", line 1633, in _execute_clauseelement
    compiled_sql, extracted_params, cache_hit = elem._compile_w_cache(
                                                ~~~~~~~~~~~~~~~~~~~~~^
        dialect=dialect,
        ^^^^^^^^^^^^^^^^
    ...<4 lines>...
        linting=self.dialect.compiler_linting | compiler.WARN_LINTING,
        ^^^^^^^^^^^^^^^^^^^^^^^^^^^^^^^^^^^^^^^^^^^^^^^^^^^^^^^^^^^^^^
    )
    ^
  File "C:\Users\hp\AppData\Local\Programs\Python\Python314\Lib\site-packages\sqlalchemy\sql\elements.py", line 716, in _compile_w_cache
    compiled_sql = self._compiler(
        dialect,
    ...<4 lines>...
        **kw,
    )
  File "C:\Users\hp\AppData\Local\Programs\Python\Python314\Lib\site-packages\sqlalchemy\sql\elements.py", line 324, in _compiler
    return dialect.statement_compiler(dialect, self, **kw)
           ~~~~~~~~~~~~~~~~~~~~~~~~~~^^^^^^^^^^^^^^^^^^^^^
  File "C:\Users\hp\AppData\Local\Programs\Python\Python314\Lib\site-packages\sqlalchemy\sql\compiler.py", line 1461, in __init__
    Compiled.__init__(self, dialect, statement, **kwargs)
    ~~~~~~~~~~~~~~~~~^^^^^^^^^^^^^^^^^^^^^^^^^^^^^^^^^^^^
  File "C:\Users\hp\AppData\Local\Programs\Python\Python314\Lib\site-packages\sqlalchemy\sql\compiler.py", line 901, in __init__
    self.string = self.process(self.statement, **compile_kwargs)
                  ~~~~~~~~~~~~^^^^^^^^^^^^^^^^^^^^^^^^^^^^^^^^^^
  File "C:\Users\hp\AppData\Local\Programs\Python\Python314\Lib\site-packages\sqlalchemy\sql\compiler.py", line 947, in process
    return obj._compiler_dispatch(self, **kwargs)
           ~~~~~~~~~~~~~~~~~~~~~~^^^^^^^^^^^^^^^^
  File "C:\Users\hp\AppData\Local\Programs\Python\Python314\Lib\site-packages\sqlalchemy\sql\visitors.py", line 138, in _compiler_dispatch
    return meth(self, **kw)  # type: ignore  # noqa: E501
  File "C:\Users\hp\AppData\Local\Programs\Python\Python314\Lib\site-packages\sqlalchemy\sql\compiler.py", line 4809, in visit_select
    compile_state = select_stmt._compile_state_factory(
        select_stmt, self, **kwargs
    )
  File "C:\Users\hp\AppData\Local\Programs\Python\Python314\Lib\site-packages\sqlalchemy\sql\base.py", line 775, in create_for_statement
    return klass.create_for_statement(statement, compiler, **kw)
           ~~~~~~~~~~~~~~~~~~~~~~~~~~^^^^^^^^^^^^^^^^^^^^^^^^^^^
  File "C:\Users\hp\AppData\Local\Programs\Python\Python314\Lib\site-packages\sqlalchemy\orm\context.py", line 447, in create_for_statement
    return cls._create_orm_context(
           ~~~~~~~~~~~~~~~~~~~~~~~^
        cast("Union[Select, FromStatement]", statement),
        ^^^^^^^^^^^^^^^^^^^^^^^^^^^^^^^^^^^^^^^^^^^^^^^^
    ...<2 lines>...
        **kw,
        ^^^^^
    )
    ^
  File "C:\Users\hp\AppData\Local\Programs\Python\Python314\Lib\site-packages\sqlalchemy\orm\context.py", line 1175, in _create_orm_context
    _QueryEntity.to_compile_state(
    ~~~~~~~~~~~~~~~~~~~~~~~~~~~~~^
        self,
        ^^^^^
    ...<2 lines>...
        is_current_entities=True,
        ^^^^^^^^^^^^^^^^^^^^^^^^^
    )
    ^
  File "C:\Users\hp\AppData\Local\Programs\Python\Python314\Lib\site-packages\sqlalchemy\orm\context.py", line 2628, in to_compile_state
    _MapperEntity(
    ~~~~~~~~~~~~~^
        compile_state,
        ^^^^^^^^^^^^^^
    ...<2 lines>...
        is_current_entities,
        ^^^^^^^^^^^^^^^^^^^^
    )
    ^
  File "C:\Users\hp\AppData\Local\Programs\Python\Python314\Lib\site-packages\sqlalchemy\orm\context.py", line 2708, in __init__
    entity._post_inspect
  File "C:\Users\hp\AppData\Local\Programs\Python\Python314\Lib\site-packages\sqlalchemy\util\langhelpers.py", line 1235, in __get__
    obj.__dict__[self.__name__] = result = self.fget(obj)
                                           ~~~~~~~~~^^^^^
  File "C:\Users\hp\AppData\Local\Programs\Python\Python314\Lib\site-packages\sqlalchemy\orm\mapper.py", line 2733, in _post_inspect
    self._check_configure()
    ~~~~~~~~~~~~~~~~~~~~~^^
  File "C:\Users\hp\AppData\Local\Programs\Python\Python314\Lib\site-packages\sqlalchemy\orm\mapper.py", line 2410, in _check_configure
    _configure_registries({self.registry}, cascade=True)
    ~~~~~~~~~~~~~~~~~~~~~^^^^^^^^^^^^^^^^^^^^^^^^^^^^^^^
  File "C:\Users\hp\AppData\Local\Programs\Python\Python314\Lib\site-packages\sqlalchemy\orm\mapper.py", line 4227, in _configure_registries
    _do_configure_registries(registries, cascade)
    ~~~~~~~~~~~~~~~~~~~~~~~~^^^^^^^^^^^^^^^^^^^^^
  File "C:\Users\hp\AppData\Local\Programs\Python\Python314\Lib\site-packages\sqlalchemy\orm\mapper.py", line 4264, in _do_configure_registries
    raise e
sqlalchemy.exc.InvalidRequestError: One or more mappers failed to initialize - can't proceed with initialization of other mappers. Triggering mapper: 'Mapper[Subject(subjects)]'. Original exception was: Mapper 'Mapper[Department(departments)]' has no property 'subjects'.  If this property was indicated from other mappers or configure events, ensure registry.configure() has been called.
2026-05-31 18:19:22,189 [INFO] apscheduler.executors.default - Running job "startup.<locals>._expiry_job (trigger: interval[0:01:00], next run at: 2026-05-31 18:20:22 +03)" (scheduled at 2026-05-31 18:19:22.178765+03:00)
2026-05-31 18:19:22,776 [ERROR] apscheduler.executors.default - Job "startup.<locals>._expiry_job (trigger: interval[0:01:00], next run at: 2026-05-31 18:20:22 +03)" raised an exception
Traceback (most recent call last):
  File "C:\Users\hp\AppData\Local\Programs\Python\Python314\Lib\site-packages\apscheduler\executors\base.py", line 181, in run_coroutine_job
    retval = await job.func(*job.args, **job.kwargs)
             ^^^^^^^^^^^^^^^^^^^^^^^^^^^^^^^^^^^^^^^
  File "C:\Users\hp\Documents\Coding Projects\SchoolSync - internship\SchoolSync\backend\main.py", line 122, in _expiry_job
    await expire_overdue_assignments(db)
  File "C:\Users\hp\Documents\Coding Projects\SchoolSync - internship\SchoolSync\backend\relief_dispatch.py", line 58, in expire_overdue_assignments
    result = await db.execute(
             ^^^^^^^^^^^^^^^^^
    ...<5 lines>...
    )
    ^
  File "C:\Users\hp\AppData\Local\Programs\Python\Python314\Lib\site-packages\sqlalchemy\ext\asyncio\session.py", line 449, in execute
    result = await greenlet_spawn(
             ^^^^^^^^^^^^^^^^^^^^^
    ...<6 lines>...
    )
    ^
  File "C:\Users\hp\AppData\Local\Programs\Python\Python314\Lib\site-packages\sqlalchemy\util\_concurrency_py3k.py", line 203, in greenlet_spawn
    result = context.switch(value)
  File "C:\Users\hp\AppData\Local\Programs\Python\Python314\Lib\site-packages\sqlalchemy\orm\session.py", line 2351, in execute
    return self._execute_internal(
           ~~~~~~~~~~~~~~~~~~~~~~^
        statement,
        ^^^^^^^^^^
    ...<4 lines>...
        _add_event=_add_event,
        ^^^^^^^^^^^^^^^^^^^^^^
    )
    ^
  File "C:\Users\hp\AppData\Local\Programs\Python\Python314\Lib\site-packages\sqlalchemy\orm\session.py", line 2249, in _execute_internal
    result: Result[Any] = compile_state_cls.orm_execute_statement(
                          ~~~~~~~~~~~~~~~~~~~~~~~~~~~~~~~~~~~~~~~^
        self,
        ^^^^^
    ...<4 lines>...
        conn,
        ^^^^^
    )
    ^
  File "C:\Users\hp\AppData\Local\Programs\Python\Python314\Lib\site-packages\sqlalchemy\orm\context.py", line 306, in orm_execute_statement
    result = conn.execute(
        statement, params or {}, execution_options=execution_options
    )
  File "C:\Users\hp\AppData\Local\Programs\Python\Python314\Lib\site-packages\sqlalchemy\engine\base.py", line 1419, in execute
    return meth(
        self,
        distilled_parameters,
        execution_options or NO_OPTIONS,
    )
  File "C:\Users\hp\AppData\Local\Programs\Python\Python314\Lib\site-packages\sqlalchemy\sql\elements.py", line 527, in _execute_on_connection
    return connection._execute_clauseelement(
           ~~~~~~~~~~~~~~~~~~~~~~~~~~~~~~~~~^
        self, distilled_params, execution_options
        ^^^^^^^^^^^^^^^^^^^^^^^^^^^^^^^^^^^^^^^^^
    )
    ^
  File "C:\Users\hp\AppData\Local\Programs\Python\Python314\Lib\site-packages\sqlalchemy\engine\base.py", line 1633, in _execute_clauseelement
    compiled_sql, extracted_params, cache_hit = elem._compile_w_cache(
                                                ~~~~~~~~~~~~~~~~~~~~~^
        dialect=dialect,
        ^^^^^^^^^^^^^^^^
    ...<4 lines>...
        linting=self.dialect.compiler_linting | compiler.WARN_LINTING,
        ^^^^^^^^^^^^^^^^^^^^^^^^^^^^^^^^^^^^^^^^^^^^^^^^^^^^^^^^^^^^^^
    )
    ^
  File "C:\Users\hp\AppData\Local\Programs\Python\Python314\Lib\site-packages\sqlalchemy\sql\elements.py", line 716, in _compile_w_cache
    compiled_sql = self._compiler(
        dialect,
    ...<4 lines>...
        **kw,
    )
  File "C:\Users\hp\AppData\Local\Programs\Python\Python314\Lib\site-packages\sqlalchemy\sql\elements.py", line 324, in _compiler
    return dialect.statement_compiler(dialect, self, **kw)
           ~~~~~~~~~~~~~~~~~~~~~~~~~~^^^^^^^^^^^^^^^^^^^^^
  File "C:\Users\hp\AppData\Local\Programs\Python\Python314\Lib\site-packages\sqlalchemy\sql\compiler.py", line 1461, in __init__
    Compiled.__init__(self, dialect, statement, **kwargs)
    ~~~~~~~~~~~~~~~~~^^^^^^^^^^^^^^^^^^^^^^^^^^^^^^^^^^^^
  File "C:\Users\hp\AppData\Local\Programs\Python\Python314\Lib\site-packages\sqlalchemy\sql\compiler.py", line 901, in __init__
    self.string = self.process(self.statement, **compile_kwargs)
                  ~~~~~~~~~~~~^^^^^^^^^^^^^^^^^^^^^^^^^^^^^^^^^^
  File "C:\Users\hp\AppData\Local\Programs\Python\Python314\Lib\site-packages\sqlalchemy\sql\compiler.py", line 947, in process
    return obj._compiler_dispatch(self, **kwargs)
           ~~~~~~~~~~~~~~~~~~~~~~^^^^^^^^^^^^^^^^
  File "C:\Users\hp\AppData\Local\Programs\Python\Python314\Lib\site-packages\sqlalchemy\sql\visitors.py", line 138, in _compiler_dispatch
    return meth(self, **kw)  # type: ignore  # noqa: E501
  File "C:\Users\hp\AppData\Local\Programs\Python\Python314\Lib\site-packages\sqlalchemy\sql\compiler.py", line 4809, in visit_select
    compile_state = select_stmt._compile_state_factory(
        select_stmt, self, **kwargs
    )
  File "C:\Users\hp\AppData\Local\Programs\Python\Python314\Lib\site-packages\sqlalchemy\sql\base.py", line 775, in create_for_statement
    return klass.create_for_statement(statement, compiler, **kw)
           ~~~~~~~~~~~~~~~~~~~~~~~~~~^^^^^^^^^^^^^^^^^^^^^^^^^^^
  File "C:\Users\hp\AppData\Local\Programs\Python\Python314\Lib\site-packages\sqlalchemy\orm\context.py", line 447, in create_for_statement
    return cls._create_orm_context(
           ~~~~~~~~~~~~~~~~~~~~~~~^
        cast("Union[Select, FromStatement]", statement),
        ^^^^^^^^^^^^^^^^^^^^^^^^^^^^^^^^^^^^^^^^^^^^^^^^
    ...<2 lines>...
        **kw,
        ^^^^^
    )
    ^
  File "C:\Users\hp\AppData\Local\Programs\Python\Python314\Lib\site-packages\sqlalchemy\orm\context.py", line 1175, in _create_orm_context
    _QueryEntity.to_compile_state(
    ~~~~~~~~~~~~~~~~~~~~~~~~~~~~~^
        self,
        ^^^^^
    ...<2 lines>...
        is_current_entities=True,
        ^^^^^^^^^^^^^^^^^^^^^^^^^
    )
    ^
  File "C:\Users\hp\AppData\Local\Programs\Python\Python314\Lib\site-packages\sqlalchemy\orm\context.py", line 2628, in to_compile_state
    _MapperEntity(
    ~~~~~~~~~~~~~^
        compile_state,
        ^^^^^^^^^^^^^^
    ...<2 lines>...
        is_current_entities,
        ^^^^^^^^^^^^^^^^^^^^
    )
    ^
  File "C:\Users\hp\AppData\Local\Programs\Python\Python314\Lib\site-packages\sqlalchemy\orm\context.py", line 2708, in __init__
    entity._post_inspect
  File "C:\Users\hp\AppData\Local\Programs\Python\Python314\Lib\site-packages\sqlalchemy\util\langhelpers.py", line 1235, in __get__
    obj.__dict__[self.__name__] = result = self.fget(obj)
                                           ~~~~~~~~~^^^^^
  File "C:\Users\hp\AppData\Local\Programs\Python\Python314\Lib\site-packages\sqlalchemy\orm\mapper.py", line 2733, in _post_inspect
    self._check_configure()
    ~~~~~~~~~~~~~~~~~~~~~^^
  File "C:\Users\hp\AppData\Local\Programs\Python\Python314\Lib\site-packages\sqlalchemy\orm\mapper.py", line 2410, in _check_configure
    _configure_registries({self.registry}, cascade=True)
    ~~~~~~~~~~~~~~~~~~~~~^^^^^^^^^^^^^^^^^^^^^^^^^^^^^^^
  File "C:\Users\hp\AppData\Local\Programs\Python\Python314\Lib\site-packages\sqlalchemy\orm\mapper.py", line 4227, in _configure_registries
    _do_configure_registries(registries, cascade)
    ~~~~~~~~~~~~~~~~~~~~~~~~^^^^^^^^^^^^^^^^^^^^^
  File "C:\Users\hp\AppData\Local\Programs\Python\Python314\Lib\site-packages\sqlalchemy\orm\mapper.py", line 4264, in _do_configure_registries
    raise e
sqlalchemy.exc.InvalidRequestError: One or more mappers failed to initialize - can't proceed with initialization of other mappers. Triggering mapper: 'Mapper[Subject(subjects)]'. Original exception was: Mapper 'Mapper[Department(departments)]' has no property 'subjects'.  If this property was indicated from other mappers or configure events, ensure registry.configure() has been called.
2026-05-31 18:20:22,190 [INFO] apscheduler.executors.default - Running job "startup.<locals>._expiry_job (trigger: interval[0:01:00], next run at: 2026-05-31 18:21:22 +03)" (scheduled at 2026-05-31 18:20:22.178765+03:00)
2026-05-31 18:20:23,314 [ERROR] apscheduler.executors.default - Job "startup.<locals>._expiry_job (trigger: interval[0:01:00], next run at: 2026-05-31 18:21:22 +03)" raised an exception
Traceback (most recent call last):
  File "C:\Users\hp\AppData\Local\Programs\Python\Python314\Lib\site-packages\apscheduler\executors\base.py", line 181, in run_coroutine_job
    retval = await job.func(*job.args, **job.kwargs)
             ^^^^^^^^^^^^^^^^^^^^^^^^^^^^^^^^^^^^^^^
  File "C:\Users\hp\Documents\Coding Projects\SchoolSync - internship\SchoolSync\backend\main.py", line 122, in _expiry_job
    await expire_overdue_assignments(db)
  File "C:\Users\hp\Documents\Coding Projects\SchoolSync - internship\SchoolSync\backend\relief_dispatch.py", line 58, in expire_overdue_assignments
    result = await db.execute(
             ^^^^^^^^^^^^^^^^^
    ...<5 lines>...
    )
    ^
  File "C:\Users\hp\AppData\Local\Programs\Python\Python314\Lib\site-packages\sqlalchemy\ext\asyncio\session.py", line 449, in execute
    result = await greenlet_spawn(
             ^^^^^^^^^^^^^^^^^^^^^
    ...<6 lines>...
    )
    ^
  File "C:\Users\hp\AppData\Local\Programs\Python\Python314\Lib\site-packages\sqlalchemy\util\_concurrency_py3k.py", line 203, in greenlet_spawn
    result = context.switch(value)
  File "C:\Users\hp\AppData\Local\Programs\Python\Python314\Lib\site-packages\sqlalchemy\orm\session.py", line 2351, in execute
    return self._execute_internal(
           ~~~~~~~~~~~~~~~~~~~~~~^
        statement,
        ^^^^^^^^^^
    ...<4 lines>...
        _add_event=_add_event,
        ^^^^^^^^^^^^^^^^^^^^^^
    )
    ^
  File "C:\Users\hp\AppData\Local\Programs\Python\Python314\Lib\site-packages\sqlalchemy\orm\session.py", line 2249, in _execute_internal
    result: Result[Any] = compile_state_cls.orm_execute_statement(
                          ~~~~~~~~~~~~~~~~~~~~~~~~~~~~~~~~~~~~~~~^
        self,
        ^^^^^
    ...<4 lines>...
        conn,
        ^^^^^
    )
    ^
  File "C:\Users\hp\AppData\Local\Programs\Python\Python314\Lib\site-packages\sqlalchemy\orm\context.py", line 306, in orm_execute_statement
    result = conn.execute(
        statement, params or {}, execution_options=execution_options
    )
  File "C:\Users\hp\AppData\Local\Programs\Python\Python314\Lib\site-packages\sqlalchemy\engine\base.py", line 1419, in execute
    return meth(
        self,
        distilled_parameters,
        execution_options or NO_OPTIONS,
    )
  File "C:\Users\hp\AppData\Local\Programs\Python\Python314\Lib\site-packages\sqlalchemy\sql\elements.py", line 527, in _execute_on_connection
    return connection._execute_clauseelement(
           ~~~~~~~~~~~~~~~~~~~~~~~~~~~~~~~~~^
        self, distilled_params, execution_options
        ^^^^^^^^^^^^^^^^^^^^^^^^^^^^^^^^^^^^^^^^^
    )
    ^
  File "C:\Users\hp\AppData\Local\Programs\Python\Python314\Lib\site-packages\sqlalchemy\engine\base.py", line 1633, in _execute_clauseelement
    compiled_sql, extracted_params, cache_hit = elem._compile_w_cache(
                                                ~~~~~~~~~~~~~~~~~~~~~^
        dialect=dialect,
        ^^^^^^^^^^^^^^^^
    ...<4 lines>...
        linting=self.dialect.compiler_linting | compiler.WARN_LINTING,
        ^^^^^^^^^^^^^^^^^^^^^^^^^^^^^^^^^^^^^^^^^^^^^^^^^^^^^^^^^^^^^^
    )
    ^
  File "C:\Users\hp\AppData\Local\Programs\Python\Python314\Lib\site-packages\sqlalchemy\sql\elements.py", line 716, in _compile_w_cache
    compiled_sql = self._compiler(
        dialect,
    ...<4 lines>...
        **kw,
    )
  File "C:\Users\hp\AppData\Local\Programs\Python\Python314\Lib\site-packages\sqlalchemy\sql\elements.py", line 324, in _compiler
    return dialect.statement_compiler(dialect, self, **kw)
           ~~~~~~~~~~~~~~~~~~~~~~~~~~^^^^^^^^^^^^^^^^^^^^^
  File "C:\Users\hp\AppData\Local\Programs\Python\Python314\Lib\site-packages\sqlalchemy\sql\compiler.py", line 1461, in __init__
    Compiled.__init__(self, dialect, statement, **kwargs)
    ~~~~~~~~~~~~~~~~~^^^^^^^^^^^^^^^^^^^^^^^^^^^^^^^^^^^^
  File "C:\Users\hp\AppData\Local\Programs\Python\Python314\Lib\site-packages\sqlalchemy\sql\compiler.py", line 901, in __init__
    self.string = self.process(self.statement, **compile_kwargs)
                  ~~~~~~~~~~~~^^^^^^^^^^^^^^^^^^^^^^^^^^^^^^^^^^
  File "C:\Users\hp\AppData\Local\Programs\Python\Python314\Lib\site-packages\sqlalchemy\sql\compiler.py", line 947, in process
    return obj._compiler_dispatch(self, **kwargs)
           ~~~~~~~~~~~~~~~~~~~~~~^^^^^^^^^^^^^^^^
  File "C:\Users\hp\AppData\Local\Programs\Python\Python314\Lib\site-packages\sqlalchemy\sql\visitors.py", line 138, in _compiler_dispatch
    return meth(self, **kw)  # type: ignore  # noqa: E501
  File "C:\Users\hp\AppData\Local\Programs\Python\Python314\Lib\site-packages\sqlalchemy\sql\compiler.py", line 4809, in visit_select
    compile_state = select_stmt._compile_state_factory(
        select_stmt, self, **kwargs
    )
  File "C:\Users\hp\AppData\Local\Programs\Python\Python314\Lib\site-packages\sqlalchemy\sql\base.py", line 775, in create_for_statement
    return klass.create_for_statement(statement, compiler, **kw)
           ~~~~~~~~~~~~~~~~~~~~~~~~~~^^^^^^^^^^^^^^^^^^^^^^^^^^^
  File "C:\Users\hp\AppData\Local\Programs\Python\Python314\Lib\site-packages\sqlalchemy\orm\context.py", line 447, in create_for_statement
    return cls._create_orm_context(
           ~~~~~~~~~~~~~~~~~~~~~~~^
        cast("Union[Select, FromStatement]", statement),
        ^^^^^^^^^^^^^^^^^^^^^^^^^^^^^^^^^^^^^^^^^^^^^^^^
    ...<2 lines>...
        **kw,
        ^^^^^
    )
    ^
  File "C:\Users\hp\AppData\Local\Programs\Python\Python314\Lib\site-packages\sqlalchemy\orm\context.py", line 1175, in _create_orm_context
    _QueryEntity.to_compile_state(
    ~~~~~~~~~~~~~~~~~~~~~~~~~~~~~^
        self,
        ^^^^^
    ...<2 lines>...
        is_current_entities=True,
        ^^^^^^^^^^^^^^^^^^^^^^^^^
    )
    ^
  File "C:\Users\hp\AppData\Local\Programs\Python\Python314\Lib\site-packages\sqlalchemy\orm\context.py", line 2628, in to_compile_state
    _MapperEntity(
    ~~~~~~~~~~~~~^
        compile_state,
        ^^^^^^^^^^^^^^
    ...<2 lines>...
        is_current_entities,
        ^^^^^^^^^^^^^^^^^^^^
    )
    ^
  File "C:\Users\hp\AppData\Local\Programs\Python\Python314\Lib\site-packages\sqlalchemy\orm\context.py", line 2708, in __init__
    entity._post_inspect
  File "C:\Users\hp\AppData\Local\Programs\Python\Python314\Lib\site-packages\sqlalchemy\util\langhelpers.py", line 1235, in __get__
    obj.__dict__[self.__name__] = result = self.fget(obj)
                                           ~~~~~~~~~^^^^^
  File "C:\Users\hp\AppData\Local\Programs\Python\Python314\Lib\site-packages\sqlalchemy\orm\mapper.py", line 2733, in _post_inspect
    self._check_configure()
    ~~~~~~~~~~~~~~~~~~~~~^^
  File "C:\Users\hp\AppData\Local\Programs\Python\Python314\Lib\site-packages\sqlalchemy\orm\mapper.py", line 2410, in _check_configure
    _configure_registries({self.registry}, cascade=True)
    ~~~~~~~~~~~~~~~~~~~~~^^^^^^^^^^^^^^^^^^^^^^^^^^^^^^^
  File "C:\Users\hp\AppData\Local\Programs\Python\Python314\Lib\site-packages\sqlalchemy\orm\mapper.py", line 4227, in _configure_registries
    _do_configure_registries(registries, cascade)
    ~~~~~~~~~~~~~~~~~~~~~~~~^^^^^^^^^^^^^^^^^^^^^
  File "C:\Users\hp\AppData\Local\Programs\Python\Python314\Lib\site-packages\sqlalchemy\orm\mapper.py", line 4264, in _do_configure_registries
    raise e
sqlalchemy.exc.InvalidRequestError: One or more mappers failed to initialize - can't proceed with initialization of other mappers. Triggering mapper: 'Mapper[Subject(subjects)]'. Original exception was: Mapper 'Mapper[Department(departments)]' has no property 'subjects'.  If this property was indicated from other mappers or configure events, ensure registry.configure() has been called.
2026-05-31 18:21:22,188 [INFO] apscheduler.executors.default - Running job "startup.<locals>._expiry_job (trigger: interval[0:01:00], next run at: 2026-05-31 18:22:22 +03)" (scheduled at 2026-05-31 18:21:22.178765+03:00)
2026-05-31 18:21:22,764 [ERROR] apscheduler.executors.default - Job "startup.<locals>._expiry_job (trigger: interval[0:01:00], next run at: 2026-05-31 18:22:22 +03)" raised an exception
Traceback (most recent call last):
  File "C:\Users\hp\AppData\Local\Programs\Python\Python314\Lib\site-packages\apscheduler\executors\base.py", line 181, in run_coroutine_job
    retval = await job.func(*job.args, **job.kwargs)
             ^^^^^^^^^^^^^^^^^^^^^^^^^^^^^^^^^^^^^^^
  File "C:\Users\hp\Documents\Coding Projects\SchoolSync - internship\SchoolSync\backend\main.py", line 122, in _expiry_job
    await expire_overdue_assignments(db)
  File "C:\Users\hp\Documents\Coding Projects\SchoolSync - internship\SchoolSync\backend\relief_dispatch.py", line 58, in expire_overdue_assignments
    result = await db.execute(
             ^^^^^^^^^^^^^^^^^
    ...<5 lines>...
    )
    ^
  File "C:\Users\hp\AppData\Local\Programs\Python\Python314\Lib\site-packages\sqlalchemy\ext\asyncio\session.py", line 449, in execute
    result = await greenlet_spawn(
             ^^^^^^^^^^^^^^^^^^^^^
    ...<6 lines>...
    )
    ^
  File "C:\Users\hp\AppData\Local\Programs\Python\Python314\Lib\site-packages\sqlalchemy\util\_concurrency_py3k.py", line 203, in greenlet_spawn
    result = context.switch(value)
  File "C:\Users\hp\AppData\Local\Programs\Python\Python314\Lib\site-packages\sqlalchemy\orm\session.py", line 2351, in execute
    return self._execute_internal(
           ~~~~~~~~~~~~~~~~~~~~~~^
        statement,
        ^^^^^^^^^^
    ...<4 lines>...
        _add_event=_add_event,
        ^^^^^^^^^^^^^^^^^^^^^^
    )
    ^
  File "C:\Users\hp\AppData\Local\Programs\Python\Python314\Lib\site-packages\sqlalchemy\orm\session.py", line 2249, in _execute_internal
    result: Result[Any] = compile_state_cls.orm_execute_statement(
                          ~~~~~~~~~~~~~~~~~~~~~~~~~~~~~~~~~~~~~~~^
        self,
        ^^^^^
    ...<4 lines>...
        conn,
        ^^^^^
    )
    ^
  File "C:\Users\hp\AppData\Local\Programs\Python\Python314\Lib\site-packages\sqlalchemy\orm\context.py", line 306, in orm_execute_statement
    result = conn.execute(
        statement, params or {}, execution_options=execution_options
    )
  File "C:\Users\hp\AppData\Local\Programs\Python\Python314\Lib\site-packages\sqlalchemy\engine\base.py", line 1419, in execute
    return meth(
        self,
        distilled_parameters,
        execution_options or NO_OPTIONS,
    )
  File "C:\Users\hp\AppData\Local\Programs\Python\Python314\Lib\site-packages\sqlalchemy\sql\elements.py", line 527, in _execute_on_connection
    return connection._execute_clauseelement(
           ~~~~~~~~~~~~~~~~~~~~~~~~~~~~~~~~~^
        self, distilled_params, execution_options
        ^^^^^^^^^^^^^^^^^^^^^^^^^^^^^^^^^^^^^^^^^
    )
    ^
  File "C:\Users\hp\AppData\Local\Programs\Python\Python314\Lib\site-packages\sqlalchemy\engine\base.py", line 1633, in _execute_clauseelement
    compiled_sql, extracted_params, cache_hit = elem._compile_w_cache(
                                                ~~~~~~~~~~~~~~~~~~~~~^
        dialect=dialect,
        ^^^^^^^^^^^^^^^^
    ...<4 lines>...
        linting=self.dialect.compiler_linting | compiler.WARN_LINTING,
        ^^^^^^^^^^^^^^^^^^^^^^^^^^^^^^^^^^^^^^^^^^^^^^^^^^^^^^^^^^^^^^
    )
    ^
  File "C:\Users\hp\AppData\Local\Programs\Python\Python314\Lib\site-packages\sqlalchemy\sql\elements.py", line 716, in _compile_w_cache
    compiled_sql = self._compiler(
        dialect,
    ...<4 lines>...
        **kw,
    )
  File "C:\Users\hp\AppData\Local\Programs\Python\Python314\Lib\site-packages\sqlalchemy\sql\elements.py", line 324, in _compiler
    return dialect.statement_compiler(dialect, self, **kw)
           ~~~~~~~~~~~~~~~~~~~~~~~~~~^^^^^^^^^^^^^^^^^^^^^
  File "C:\Users\hp\AppData\Local\Programs\Python\Python314\Lib\site-packages\sqlalchemy\sql\compiler.py", line 1461, in __init__
    Compiled.__init__(self, dialect, statement, **kwargs)
    ~~~~~~~~~~~~~~~~~^^^^^^^^^^^^^^^^^^^^^^^^^^^^^^^^^^^^
  File "C:\Users\hp\AppData\Local\Programs\Python\Python314\Lib\site-packages\sqlalchemy\sql\compiler.py", line 901, in __init__
    self.string = self.process(self.statement, **compile_kwargs)
                  ~~~~~~~~~~~~^^^^^^^^^^^^^^^^^^^^^^^^^^^^^^^^^^
  File "C:\Users\hp\AppData\Local\Programs\Python\Python314\Lib\site-packages\sqlalchemy\sql\compiler.py", line 947, in process
    return obj._compiler_dispatch(self, **kwargs)
           ~~~~~~~~~~~~~~~~~~~~~~^^^^^^^^^^^^^^^^
  File "C:\Users\hp\AppData\Local\Programs\Python\Python314\Lib\site-packages\sqlalchemy\sql\visitors.py", line 138, in _compiler_dispatch
    return meth(self, **kw)  # type: ignore  # noqa: E501
  File "C:\Users\hp\AppData\Local\Programs\Python\Python314\Lib\site-packages\sqlalchemy\sql\compiler.py", line 4809, in visit_select
    compile_state = select_stmt._compile_state_factory(
        select_stmt, self, **kwargs
    )
  File "C:\Users\hp\AppData\Local\Programs\Python\Python314\Lib\site-packages\sqlalchemy\sql\base.py", line 775, in create_for_statement
    return klass.create_for_statement(statement, compiler, **kw)
           ~~~~~~~~~~~~~~~~~~~~~~~~~~^^^^^^^^^^^^^^^^^^^^^^^^^^^
  File "C:\Users\hp\AppData\Local\Programs\Python\Python314\Lib\site-packages\sqlalchemy\orm\context.py", line 447, in create_for_statement
    return cls._create_orm_context(
           ~~~~~~~~~~~~~~~~~~~~~~~^
        cast("Union[Select, FromStatement]", statement),
        ^^^^^^^^^^^^^^^^^^^^^^^^^^^^^^^^^^^^^^^^^^^^^^^^
    ...<2 lines>...
        **kw,
        ^^^^^
    )
    ^
  File "C:\Users\hp\AppData\Local\Programs\Python\Python314\Lib\site-packages\sqlalchemy\orm\context.py", line 1175, in _create_orm_context
    _QueryEntity.to_compile_state(
    ~~~~~~~~~~~~~~~~~~~~~~~~~~~~~^
        self,
        ^^^^^
    ...<2 lines>...
        is_current_entities=True,
        ^^^^^^^^^^^^^^^^^^^^^^^^^
    )
    ^
  File "C:\Users\hp\AppData\Local\Programs\Python\Python314\Lib\site-packages\sqlalchemy\orm\context.py", line 2628, in to_compile_state
    _MapperEntity(
    ~~~~~~~~~~~~~^
        compile_state,
        ^^^^^^^^^^^^^^
    ...<2 lines>...
        is_current_entities,
        ^^^^^^^^^^^^^^^^^^^^
    )
    ^
  File "C:\Users\hp\AppData\Local\Programs\Python\Python314\Lib\site-packages\sqlalchemy\orm\context.py", line 2708, in __init__
    entity._post_inspect
  File "C:\Users\hp\AppData\Local\Programs\Python\Python314\Lib\site-packages\sqlalchemy\util\langhelpers.py", line 1235, in __get__
    obj.__dict__[self.__name__] = result = self.fget(obj)
                                           ~~~~~~~~~^^^^^
  File "C:\Users\hp\AppData\Local\Programs\Python\Python314\Lib\site-packages\sqlalchemy\orm\mapper.py", line 2733, in _post_inspect
    self._check_configure()
    ~~~~~~~~~~~~~~~~~~~~~^^
  File "C:\Users\hp\AppData\Local\Programs\Python\Python314\Lib\site-packages\sqlalchemy\orm\mapper.py", line 2410, in _check_configure
    _configure_registries({self.registry}, cascade=True)
    ~~~~~~~~~~~~~~~~~~~~~^^^^^^^^^^^^^^^^^^^^^^^^^^^^^^^
  File "C:\Users\hp\AppData\Local\Programs\Python\Python314\Lib\site-packages\sqlalchemy\orm\mapper.py", line 4227, in _configure_registries
    _do_configure_registries(registries, cascade)
    ~~~~~~~~~~~~~~~~~~~~~~~~^^^^^^^^^^^^^^^^^^^^^
  File "C:\Users\hp\AppData\Local\Programs\Python\Python314\Lib\site-packages\sqlalchemy\orm\mapper.py", line 4264, in _do_configure_registries
    raise e
sqlalchemy.exc.InvalidRequestError: One or more mappers failed to initialize - can't proceed with initialization of other mappers. Triggering mapper: 'Mapper[Subject(subjects)]'. Original exception was: Mapper 'Mapper[Department(departments)]' has no property 'subjects'.  If this property was indicated from other mappers or configure events, ensure registry.configure() has been called.
2026-05-31 18:22:22,189 [INFO] apscheduler.executors.default - Running job "startup.<locals>._expiry_job (trigger: interval[0:01:00], next run at: 2026-05-31 18:23:22 +03)" (scheduled at 2026-05-31 18:22:22.178765+03:00)
2026-05-31 18:22:22,759 [ERROR] apscheduler.executors.default - Job "startup.<locals>._expiry_job (trigger: interval[0:01:00], next run at: 2026-05-31 18:23:22 +03)" raised an exception
Traceback (most recent call last):
  File "C:\Users\hp\AppData\Local\Programs\Python\Python314\Lib\site-packages\apscheduler\executors\base.py", line 181, in run_coroutine_job
    retval = await job.func(*job.args, **job.kwargs)
             ^^^^^^^^^^^^^^^^^^^^^^^^^^^^^^^^^^^^^^^
  File "C:\Users\hp\Documents\Coding Projects\SchoolSync - internship\SchoolSync\backend\main.py", line 122, in _expiry_job
    await expire_overdue_assignments(db)
  File "C:\Users\hp\Documents\Coding Projects\SchoolSync - internship\SchoolSync\backend\relief_dispatch.py", line 58, in expire_overdue_assignments
    result = await db.execute(
             ^^^^^^^^^^^^^^^^^
    ...<5 lines>...
    )
    ^
  File "C:\Users\hp\AppData\Local\Programs\Python\Python314\Lib\site-packages\sqlalchemy\ext\asyncio\session.py", line 449, in execute
    result = await greenlet_spawn(
             ^^^^^^^^^^^^^^^^^^^^^
    ...<6 lines>...
    )
    ^
  File "C:\Users\hp\AppData\Local\Programs\Python\Python314\Lib\site-packages\sqlalchemy\util\_concurrency_py3k.py", line 203, in greenlet_spawn
    result = context.switch(value)
  File "C:\Users\hp\AppData\Local\Programs\Python\Python314\Lib\site-packages\sqlalchemy\orm\session.py", line 2351, in execute
    return self._execute_internal(
           ~~~~~~~~~~~~~~~~~~~~~~^
        statement,
        ^^^^^^^^^^
    ...<4 lines>...
        _add_event=_add_event,
        ^^^^^^^^^^^^^^^^^^^^^^
    )
    ^
  File "C:\Users\hp\AppData\Local\Programs\Python\Python314\Lib\site-packages\sqlalchemy\orm\session.py", line 2249, in _execute_internal
    result: Result[Any] = compile_state_cls.orm_execute_statement(
                          ~~~~~~~~~~~~~~~~~~~~~~~~~~~~~~~~~~~~~~~^
        self,
        ^^^^^
    ...<4 lines>...
        conn,
        ^^^^^
    )
    ^
  File "C:\Users\hp\AppData\Local\Programs\Python\Python314\Lib\site-packages\sqlalchemy\orm\context.py", line 306, in orm_execute_statement
    result = conn.execute(
        statement, params or {}, execution_options=execution_options
    )
  File "C:\Users\hp\AppData\Local\Programs\Python\Python314\Lib\site-packages\sqlalchemy\engine\base.py", line 1419, in execute
    return meth(
        self,
        distilled_parameters,
        execution_options or NO_OPTIONS,
    )
  File "C:\Users\hp\AppData\Local\Programs\Python\Python314\Lib\site-packages\sqlalchemy\sql\elements.py", line 527, in _execute_on_connection
    return connection._execute_clauseelement(
           ~~~~~~~~~~~~~~~~~~~~~~~~~~~~~~~~~^
        self, distilled_params, execution_options
        ^^^^^^^^^^^^^^^^^^^^^^^^^^^^^^^^^^^^^^^^^
    )
    ^
  File "C:\Users\hp\AppData\Local\Programs\Python\Python314\Lib\site-packages\sqlalchemy\engine\base.py", line 1633, in _execute_clauseelement
    compiled_sql, extracted_params, cache_hit = elem._compile_w_cache(
                                                ~~~~~~~~~~~~~~~~~~~~~^
        dialect=dialect,
        ^^^^^^^^^^^^^^^^
    ...<4 lines>...
        linting=self.dialect.compiler_linting | compiler.WARN_LINTING,
        ^^^^^^^^^^^^^^^^^^^^^^^^^^^^^^^^^^^^^^^^^^^^^^^^^^^^^^^^^^^^^^
    )
    ^
  File "C:\Users\hp\AppData\Local\Programs\Python\Python314\Lib\site-packages\sqlalchemy\sql\elements.py", line 716, in _compile_w_cache
    compiled_sql = self._compiler(
        dialect,
    ...<4 lines>...
        **kw,
    )
  File "C:\Users\hp\AppData\Local\Programs\Python\Python314\Lib\site-packages\sqlalchemy\sql\elements.py", line 324, in _compiler
    return dialect.statement_compiler(dialect, self, **kw)
           ~~~~~~~~~~~~~~~~~~~~~~~~~~^^^^^^^^^^^^^^^^^^^^^
  File "C:\Users\hp\AppData\Local\Programs\Python\Python314\Lib\site-packages\sqlalchemy\sql\compiler.py", line 1461, in __init__
    Compiled.__init__(self, dialect, statement, **kwargs)
    ~~~~~~~~~~~~~~~~~^^^^^^^^^^^^^^^^^^^^^^^^^^^^^^^^^^^^
  File "C:\Users\hp\AppData\Local\Programs\Python\Python314\Lib\site-packages\sqlalchemy\sql\compiler.py", line 901, in __init__
    self.string = self.process(self.statement, **compile_kwargs)
                  ~~~~~~~~~~~~^^^^^^^^^^^^^^^^^^^^^^^^^^^^^^^^^^
  File "C:\Users\hp\AppData\Local\Programs\Python\Python314\Lib\site-packages\sqlalchemy\sql\compiler.py", line 947, in process
    return obj._compiler_dispatch(self, **kwargs)
           ~~~~~~~~~~~~~~~~~~~~~~^^^^^^^^^^^^^^^^
  File "C:\Users\hp\AppData\Local\Programs\Python\Python314\Lib\site-packages\sqlalchemy\sql\visitors.py", line 138, in _compiler_dispatch
    return meth(self, **kw)  # type: ignore  # noqa: E501
  File "C:\Users\hp\AppData\Local\Programs\Python\Python314\Lib\site-packages\sqlalchemy\sql\compiler.py", line 4809, in visit_select
    compile_state = select_stmt._compile_state_factory(
        select_stmt, self, **kwargs
    )
  File "C:\Users\hp\AppData\Local\Programs\Python\Python314\Lib\site-packages\sqlalchemy\sql\base.py", line 775, in create_for_statement
    return klass.create_for_statement(statement, compiler, **kw)
           ~~~~~~~~~~~~~~~~~~~~~~~~~~^^^^^^^^^^^^^^^^^^^^^^^^^^^
  File "C:\Users\hp\AppData\Local\Programs\Python\Python314\Lib\site-packages\sqlalchemy\orm\context.py", line 447, in create_for_statement
    return cls._create_orm_context(
           ~~~~~~~~~~~~~~~~~~~~~~~^
        cast("Union[Select, FromStatement]", statement),
        ^^^^^^^^^^^^^^^^^^^^^^^^^^^^^^^^^^^^^^^^^^^^^^^^
    ...<2 lines>...
        **kw,
        ^^^^^
    )
    ^
  File "C:\Users\hp\AppData\Local\Programs\Python\Python314\Lib\site-packages\sqlalchemy\orm\context.py", line 1175, in _create_orm_context
    _QueryEntity.to_compile_state(
    ~~~~~~~~~~~~~~~~~~~~~~~~~~~~~^
        self,
        ^^^^^
    ...<2 lines>...
        is_current_entities=True,
        ^^^^^^^^^^^^^^^^^^^^^^^^^
    )
    ^
  File "C:\Users\hp\AppData\Local\Programs\Python\Python314\Lib\site-packages\sqlalchemy\orm\context.py", line 2628, in to_compile_state
    _MapperEntity(
    ~~~~~~~~~~~~~^
        compile_state,
        ^^^^^^^^^^^^^^
    ...<2 lines>...
        is_current_entities,
        ^^^^^^^^^^^^^^^^^^^^
    )
    ^
  File "C:\Users\hp\AppData\Local\Programs\Python\Python314\Lib\site-packages\sqlalchemy\orm\context.py", line 2708, in __init__
    entity._post_inspect
  File "C:\Users\hp\AppData\Local\Programs\Python\Python314\Lib\site-packages\sqlalchemy\util\langhelpers.py", line 1235, in __get__
    obj.__dict__[self.__name__] = result = self.fget(obj)
                                           ~~~~~~~~~^^^^^
  File "C:\Users\hp\AppData\Local\Programs\Python\Python314\Lib\site-packages\sqlalchemy\orm\mapper.py", line 2733, in _post_inspect
    self._check_configure()
    ~~~~~~~~~~~~~~~~~~~~~^^
  File "C:\Users\hp\AppData\Local\Programs\Python\Python314\Lib\site-packages\sqlalchemy\orm\mapper.py", line 2410, in _check_configure
    _configure_registries({self.registry}, cascade=True)
    ~~~~~~~~~~~~~~~~~~~~~^^^^^^^^^^^^^^^^^^^^^^^^^^^^^^^
  File "C:\Users\hp\AppData\Local\Programs\Python\Python314\Lib\site-packages\sqlalchemy\orm\mapper.py", line 4227, in _configure_registries
    _do_configure_registries(registries, cascade)
    ~~~~~~~~~~~~~~~~~~~~~~~~^^^^^^^^^^^^^^^^^^^^^
  File "C:\Users\hp\AppData\Local\Programs\Python\Python314\Lib\site-packages\sqlalchemy\orm\mapper.py", line 4264, in _do_configure_registries
    raise e
sqlalchemy.exc.InvalidRequestError: One or more mappers failed to initialize - can't proceed with initialization of other mappers. Triggering mapper: 'Mapper[Subject(subjects)]'. Original exception was: Mapper 'Mapper[Department(departments)]' has no property 'subjects'.  If this property was indicated from other mappers or configure events, ensure registry.configure() has been called.
2026-05-31 18:23:22,183 [INFO] apscheduler.executors.default - Running job "startup.<locals>._expiry_job (trigger: interval[0:01:00], next run at: 2026-05-31 18:24:22 +03)" (scheduled at 2026-05-31 18:23:22.178765+03:00)
2026-05-31 18:23:23,520 [ERROR] apscheduler.executors.default - Job "startup.<locals>._expiry_job (trigger: interval[0:01:00], next run at: 2026-05-31 18:24:22 +03)" raised an exception
Traceback (most recent call last):
  File "C:\Users\hp\AppData\Local\Programs\Python\Python314\Lib\site-packages\apscheduler\executors\base.py", line 181, in run_coroutine_job
    retval = await job.func(*job.args, **job.kwargs)
             ^^^^^^^^^^^^^^^^^^^^^^^^^^^^^^^^^^^^^^^
  File "C:\Users\hp\Documents\Coding Projects\SchoolSync - internship\SchoolSync\backend\main.py", line 122, in _expiry_job
    await expire_overdue_assignments(db)
  File "C:\Users\hp\Documents\Coding Projects\SchoolSync - internship\SchoolSync\backend\relief_dispatch.py", line 58, in expire_overdue_assignments
    result = await db.execute(
             ^^^^^^^^^^^^^^^^^
    ...<5 lines>...
    )
    ^
  File "C:\Users\hp\AppData\Local\Programs\Python\Python314\Lib\site-packages\sqlalchemy\ext\asyncio\session.py", line 449, in execute
    result = await greenlet_spawn(
             ^^^^^^^^^^^^^^^^^^^^^
    ...<6 lines>...
    )
    ^
  File "C:\Users\hp\AppData\Local\Programs\Python\Python314\Lib\site-packages\sqlalchemy\util\_concurrency_py3k.py", line 203, in greenlet_spawn
    result = context.switch(value)
  File "C:\Users\hp\AppData\Local\Programs\Python\Python314\Lib\site-packages\sqlalchemy\orm\session.py", line 2351, in execute
    return self._execute_internal(
           ~~~~~~~~~~~~~~~~~~~~~~^
        statement,
        ^^^^^^^^^^
    ...<4 lines>...
        _add_event=_add_event,
        ^^^^^^^^^^^^^^^^^^^^^^
    )
    ^
  File "C:\Users\hp\AppData\Local\Programs\Python\Python314\Lib\site-packages\sqlalchemy\orm\session.py", line 2249, in _execute_internal
    result: Result[Any] = compile_state_cls.orm_execute_statement(
                          ~~~~~~~~~~~~~~~~~~~~~~~~~~~~~~~~~~~~~~~^
        self,
        ^^^^^
    ...<4 lines>...
        conn,
        ^^^^^
    )
    ^
  File "C:\Users\hp\AppData\Local\Programs\Python\Python314\Lib\site-packages\sqlalchemy\orm\context.py", line 306, in orm_execute_statement
    result = conn.execute(
        statement, params or {}, execution_options=execution_options
    )
  File "C:\Users\hp\AppData\Local\Programs\Python\Python314\Lib\site-packages\sqlalchemy\engine\base.py", line 1419, in execute
    return meth(
        self,
        distilled_parameters,
        execution_options or NO_OPTIONS,
    )
  File "C:\Users\hp\AppData\Local\Programs\Python\Python314\Lib\site-packages\sqlalchemy\sql\elements.py", line 527, in _execute_on_connection
    return connection._execute_clauseelement(
           ~~~~~~~~~~~~~~~~~~~~~~~~~~~~~~~~~^
        self, distilled_params, execution_options
        ^^^^^^^^^^^^^^^^^^^^^^^^^^^^^^^^^^^^^^^^^
    )
    ^
  File "C:\Users\hp\AppData\Local\Programs\Python\Python314\Lib\site-packages\sqlalchemy\engine\base.py", line 1633, in _execute_clauseelement
    compiled_sql, extracted_params, cache_hit = elem._compile_w_cache(
                                                ~~~~~~~~~~~~~~~~~~~~~^
        dialect=dialect,
        ^^^^^^^^^^^^^^^^
    ...<4 lines>...
        linting=self.dialect.compiler_linting | compiler.WARN_LINTING,
        ^^^^^^^^^^^^^^^^^^^^^^^^^^^^^^^^^^^^^^^^^^^^^^^^^^^^^^^^^^^^^^
    )
    ^
  File "C:\Users\hp\AppData\Local\Programs\Python\Python314\Lib\site-packages\sqlalchemy\sql\elements.py", line 716, in _compile_w_cache
    compiled_sql = self._compiler(
        dialect,
    ...<4 lines>...
        **kw,
    )
  File "C:\Users\hp\AppData\Local\Programs\Python\Python314\Lib\site-packages\sqlalchemy\sql\elements.py", line 324, in _compiler
    return dialect.statement_compiler(dialect, self, **kw)
           ~~~~~~~~~~~~~~~~~~~~~~~~~~^^^^^^^^^^^^^^^^^^^^^
  File "C:\Users\hp\AppData\Local\Programs\Python\Python314\Lib\site-packages\sqlalchemy\sql\compiler.py", line 1461, in __init__
    Compiled.__init__(self, dialect, statement, **kwargs)
    ~~~~~~~~~~~~~~~~~^^^^^^^^^^^^^^^^^^^^^^^^^^^^^^^^^^^^
  File "C:\Users\hp\AppData\Local\Programs\Python\Python314\Lib\site-packages\sqlalchemy\sql\compiler.py", line 901, in __init__
    self.string = self.process(self.statement, **compile_kwargs)
                  ~~~~~~~~~~~~^^^^^^^^^^^^^^^^^^^^^^^^^^^^^^^^^^
  File "C:\Users\hp\AppData\Local\Programs\Python\Python314\Lib\site-packages\sqlalchemy\sql\compiler.py", line 947, in process
    return obj._compiler_dispatch(self, **kwargs)
           ~~~~~~~~~~~~~~~~~~~~~~^^^^^^^^^^^^^^^^
  File "C:\Users\hp\AppData\Local\Programs\Python\Python314\Lib\site-packages\sqlalchemy\sql\visitors.py", line 138, in _compiler_dispatch
    return meth(self, **kw)  # type: ignore  # noqa: E501
  File "C:\Users\hp\AppData\Local\Programs\Python\Python314\Lib\site-packages\sqlalchemy\sql\compiler.py", line 4809, in visit_select
    compile_state = select_stmt._compile_state_factory(
        select_stmt, self, **kwargs
    )
  File "C:\Users\hp\AppData\Local\Programs\Python\Python314\Lib\site-packages\sqlalchemy\sql\base.py", line 775, in create_for_statement
    return klass.create_for_statement(statement, compiler, **kw)
           ~~~~~~~~~~~~~~~~~~~~~~~~~~^^^^^^^^^^^^^^^^^^^^^^^^^^^
  File "C:\Users\hp\AppData\Local\Programs\Python\Python314\Lib\site-packages\sqlalchemy\orm\context.py", line 447, in create_for_statement
    return cls._create_orm_context(
           ~~~~~~~~~~~~~~~~~~~~~~~^
        cast("Union[Select, FromStatement]", statement),
        ^^^^^^^^^^^^^^^^^^^^^^^^^^^^^^^^^^^^^^^^^^^^^^^^
    ...<2 lines>...
        **kw,
        ^^^^^
    )
    ^
  File "C:\Users\hp\AppData\Local\Programs\Python\Python314\Lib\site-packages\sqlalchemy\orm\context.py", line 1175, in _create_orm_context
    _QueryEntity.to_compile_state(
    ~~~~~~~~~~~~~~~~~~~~~~~~~~~~~^
        self,
        ^^^^^
    ...<2 lines>...
        is_current_entities=True,
        ^^^^^^^^^^^^^^^^^^^^^^^^^
    )
    ^
  File "C:\Users\hp\AppData\Local\Programs\Python\Python314\Lib\site-packages\sqlalchemy\orm\context.py", line 2628, in to_compile_state
    _MapperEntity(
    ~~~~~~~~~~~~~^
        compile_state,
        ^^^^^^^^^^^^^^
    ...<2 lines>...
        is_current_entities,
        ^^^^^^^^^^^^^^^^^^^^
    )
    ^
  File "C:\Users\hp\AppData\Local\Programs\Python\Python314\Lib\site-packages\sqlalchemy\orm\context.py", line 2708, in __init__
    entity._post_inspect
  File "C:\Users\hp\AppData\Local\Programs\Python\Python314\Lib\site-packages\sqlalchemy\util\langhelpers.py", line 1235, in __get__
    obj.__dict__[self.__name__] = result = self.fget(obj)
                                           ~~~~~~~~~^^^^^
  File "C:\Users\hp\AppData\Local\Programs\Python\Python314\Lib\site-packages\sqlalchemy\orm\mapper.py", line 2733, in _post_inspect
    self._check_configure()
    ~~~~~~~~~~~~~~~~~~~~~^^
  File "C:\Users\hp\AppData\Local\Programs\Python\Python314\Lib\site-packages\sqlalchemy\orm\mapper.py", line 2410, in _check_configure
    _configure_registries({self.registry}, cascade=True)
    ~~~~~~~~~~~~~~~~~~~~~^^^^^^^^^^^^^^^^^^^^^^^^^^^^^^^
  File "C:\Users\hp\AppData\Local\Programs\Python\Python314\Lib\site-packages\sqlalchemy\orm\mapper.py", line 4227, in _configure_registries
    _do_configure_registries(registries, cascade)
    ~~~~~~~~~~~~~~~~~~~~~~~~^^^^^^^^^^^^^^^^^^^^^
  File "C:\Users\hp\AppData\Local\Programs\Python\Python314\Lib\site-packages\sqlalchemy\orm\mapper.py", line 4264, in _do_configure_registries
    raise e
sqlalchemy.exc.InvalidRequestError: One or more mappers failed to initialize - can't proceed with initialization of other mappers. Triggering mapper: 'Mapper[Subject(subjects)]'. Original exception was: Mapper 'Mapper[Department(departments)]' has no property 'subjects'.  If this property was indicated from other mappers or configure events, ensure registry.configure() has been called.
2026-05-31 18:24:22,182 [INFO] apscheduler.executors.default - Running job "startup.<locals>._expiry_job (trigger: interval[0:01:00], next run at: 2026-05-31 18:25:22 +03)" (scheduled at 2026-05-31 18:24:22.178765+03:00)
2026-05-31 18:24:22,760 [ERROR] apscheduler.executors.default - Job "startup.<locals>._expiry_job (trigger: interval[0:01:00], next run at: 2026-05-31 18:25:22 +03)" raised an exception
Traceback (most recent call last):
  File "C:\Users\hp\AppData\Local\Programs\Python\Python314\Lib\site-packages\apscheduler\executors\base.py", line 181, in run_coroutine_job
    retval = await job.func(*job.args, **job.kwargs)
             ^^^^^^^^^^^^^^^^^^^^^^^^^^^^^^^^^^^^^^^
  File "C:\Users\hp\Documents\Coding Projects\SchoolSync - internship\SchoolSync\backend\main.py", line 122, in _expiry_job
    await expire_overdue_assignments(db)
  File "C:\Users\hp\Documents\Coding Projects\SchoolSync - internship\SchoolSync\backend\relief_dispatch.py", line 58, in expire_overdue_assignments
    result = await db.execute(
             ^^^^^^^^^^^^^^^^^
    ...<5 lines>...
    )
    ^
  File "C:\Users\hp\AppData\Local\Programs\Python\Python314\Lib\site-packages\sqlalchemy\ext\asyncio\session.py", line 449, in execute
    result = await greenlet_spawn(
             ^^^^^^^^^^^^^^^^^^^^^
    ...<6 lines>...
    )
    ^
  File "C:\Users\hp\AppData\Local\Programs\Python\Python314\Lib\site-packages\sqlalchemy\util\_concurrency_py3k.py", line 203, in greenlet_spawn
    result = context.switch(value)
  File "C:\Users\hp\AppData\Local\Programs\Python\Python314\Lib\site-packages\sqlalchemy\orm\session.py", line 2351, in execute
    return self._execute_internal(
           ~~~~~~~~~~~~~~~~~~~~~~^
        statement,
        ^^^^^^^^^^
    ...<4 lines>...
        _add_event=_add_event,
        ^^^^^^^^^^^^^^^^^^^^^^
    )
    ^
  File "C:\Users\hp\AppData\Local\Programs\Python\Python314\Lib\site-packages\sqlalchemy\orm\session.py", line 2249, in _execute_internal
    result: Result[Any] = compile_state_cls.orm_execute_statement(
                          ~~~~~~~~~~~~~~~~~~~~~~~~~~~~~~~~~~~~~~~^
        self,
        ^^^^^
    ...<4 lines>...
        conn,
        ^^^^^
    )
    ^
  File "C:\Users\hp\AppData\Local\Programs\Python\Python314\Lib\site-packages\sqlalchemy\orm\context.py", line 306, in orm_execute_statement
    result = conn.execute(
        statement, params or {}, execution_options=execution_options
    )
  File "C:\Users\hp\AppData\Local\Programs\Python\Python314\Lib\site-packages\sqlalchemy\engine\base.py", line 1419, in execute
    return meth(
        self,
        distilled_parameters,
        execution_options or NO_OPTIONS,
    )
  File "C:\Users\hp\AppData\Local\Programs\Python\Python314\Lib\site-packages\sqlalchemy\sql\elements.py", line 527, in _execute_on_connection
    return connection._execute_clauseelement(
           ~~~~~~~~~~~~~~~~~~~~~~~~~~~~~~~~~^
        self, distilled_params, execution_options
        ^^^^^^^^^^^^^^^^^^^^^^^^^^^^^^^^^^^^^^^^^
    )
    ^
  File "C:\Users\hp\AppData\Local\Programs\Python\Python314\Lib\site-packages\sqlalchemy\engine\base.py", line 1633, in _execute_clauseelement
    compiled_sql, extracted_params, cache_hit = elem._compile_w_cache(
                                                ~~~~~~~~~~~~~~~~~~~~~^
        dialect=dialect,
        ^^^^^^^^^^^^^^^^
    ...<4 lines>...
        linting=self.dialect.compiler_linting | compiler.WARN_LINTING,
        ^^^^^^^^^^^^^^^^^^^^^^^^^^^^^^^^^^^^^^^^^^^^^^^^^^^^^^^^^^^^^^
    )
    ^
  File "C:\Users\hp\AppData\Local\Programs\Python\Python314\Lib\site-packages\sqlalchemy\sql\elements.py", line 716, in _compile_w_cache
    compiled_sql = self._compiler(
        dialect,
    ...<4 lines>...
        **kw,
    )
  File "C:\Users\hp\AppData\Local\Programs\Python\Python314\Lib\site-packages\sqlalchemy\sql\elements.py", line 324, in _compiler
    return dialect.statement_compiler(dialect, self, **kw)
           ~~~~~~~~~~~~~~~~~~~~~~~~~~^^^^^^^^^^^^^^^^^^^^^
  File "C:\Users\hp\AppData\Local\Programs\Python\Python314\Lib\site-packages\sqlalchemy\sql\compiler.py", line 1461, in __init__
    Compiled.__init__(self, dialect, statement, **kwargs)
    ~~~~~~~~~~~~~~~~~^^^^^^^^^^^^^^^^^^^^^^^^^^^^^^^^^^^^
  File "C:\Users\hp\AppData\Local\Programs\Python\Python314\Lib\site-packages\sqlalchemy\sql\compiler.py", line 901, in __init__
    self.string = self.process(self.statement, **compile_kwargs)
                  ~~~~~~~~~~~~^^^^^^^^^^^^^^^^^^^^^^^^^^^^^^^^^^
  File "C:\Users\hp\AppData\Local\Programs\Python\Python314\Lib\site-packages\sqlalchemy\sql\compiler.py", line 947, in process
    return obj._compiler_dispatch(self, **kwargs)
           ~~~~~~~~~~~~~~~~~~~~~~^^^^^^^^^^^^^^^^
  File "C:\Users\hp\AppData\Local\Programs\Python\Python314\Lib\site-packages\sqlalchemy\sql\visitors.py", line 138, in _compiler_dispatch
    return meth(self, **kw)  # type: ignore  # noqa: E501
  File "C:\Users\hp\AppData\Local\Programs\Python\Python314\Lib\site-packages\sqlalchemy\sql\compiler.py", line 4809, in visit_select
    compile_state = select_stmt._compile_state_factory(
        select_stmt, self, **kwargs
    )
  File "C:\Users\hp\AppData\Local\Programs\Python\Python314\Lib\site-packages\sqlalchemy\sql\base.py", line 775, in create_for_statement
    return klass.create_for_statement(statement, compiler, **kw)
           ~~~~~~~~~~~~~~~~~~~~~~~~~~^^^^^^^^^^^^^^^^^^^^^^^^^^^
  File "C:\Users\hp\AppData\Local\Programs\Python\Python314\Lib\site-packages\sqlalchemy\orm\context.py", line 447, in create_for_statement
    return cls._create_orm_context(
           ~~~~~~~~~~~~~~~~~~~~~~~^
        cast("Union[Select, FromStatement]", statement),
        ^^^^^^^^^^^^^^^^^^^^^^^^^^^^^^^^^^^^^^^^^^^^^^^^
    ...<2 lines>...
        **kw,
        ^^^^^
    )
    ^
  File "C:\Users\hp\AppData\Local\Programs\Python\Python314\Lib\site-packages\sqlalchemy\orm\context.py", line 1175, in _create_orm_context
    _QueryEntity.to_compile_state(
    ~~~~~~~~~~~~~~~~~~~~~~~~~~~~~^
        self,
        ^^^^^
    ...<2 lines>...
        is_current_entities=True,
        ^^^^^^^^^^^^^^^^^^^^^^^^^
    )
    ^
  File "C:\Users\hp\AppData\Local\Programs\Python\Python314\Lib\site-packages\sqlalchemy\orm\context.py", line 2628, in to_compile_state
    _MapperEntity(
    ~~~~~~~~~~~~~^
        compile_state,
        ^^^^^^^^^^^^^^
    ...<2 lines>...
        is_current_entities,
        ^^^^^^^^^^^^^^^^^^^^
    )
    ^
  File "C:\Users\hp\AppData\Local\Programs\Python\Python314\Lib\site-packages\sqlalchemy\orm\context.py", line 2708, in __init__
    entity._post_inspect
  File "C:\Users\hp\AppData\Local\Programs\Python\Python314\Lib\site-packages\sqlalchemy\util\langhelpers.py", line 1235, in __get__
    obj.__dict__[self.__name__] = result = self.fget(obj)
                                           ~~~~~~~~~^^^^^
  File "C:\Users\hp\AppData\Local\Programs\Python\Python314\Lib\site-packages\sqlalchemy\orm\mapper.py", line 2733, in _post_inspect
    self._check_configure()
    ~~~~~~~~~~~~~~~~~~~~~^^
  File "C:\Users\hp\AppData\Local\Programs\Python\Python314\Lib\site-packages\sqlalchemy\orm\mapper.py", line 2410, in _check_configure
    _configure_registries({self.registry}, cascade=True)
    ~~~~~~~~~~~~~~~~~~~~~^^^^^^^^^^^^^^^^^^^^^^^^^^^^^^^
  File "C:\Users\hp\AppData\Local\Programs\Python\Python314\Lib\site-packages\sqlalchemy\orm\mapper.py", line 4227, in _configure_registries
    _do_configure_registries(registries, cascade)
    ~~~~~~~~~~~~~~~~~~~~~~~~^^^^^^^^^^^^^^^^^^^^^
  File "C:\Users\hp\AppData\Local\Programs\Python\Python314\Lib\site-packages\sqlalchemy\orm\mapper.py", line 4264, in _do_configure_registries
    raise e
sqlalchemy.exc.InvalidRequestError: One or more mappers failed to initialize - can't proceed with initialization of other mappers. Triggering mapper: 'Mapper[Subject(subjects)]'. Original exception was: Mapper 'Mapper[Department(departments)]' has no property 'subjects'.  If this property was indicated from other mappers or configure events, ensure registry.configure() has been called.
2026-05-31 18:25:22,181 [INFO] apscheduler.executors.default - Running job "startup.<locals>._expiry_job (trigger: interval[0:01:00], next run at: 2026-05-31 18:26:22 +03)" (scheduled at 2026-05-31 18:25:22.178765+03:00)
2026-05-31 18:25:22,762 [ERROR] apscheduler.executors.default - Job "startup.<locals>._expiry_job (trigger: interval[0:01:00], next run at: 2026-05-31 18:26:22 +03)" raised an exception
Traceback (most recent call last):
  File "C:\Users\hp\AppData\Local\Programs\Python\Python314\Lib\site-packages\apscheduler\executors\base.py", line 181, in run_coroutine_job
    retval = await job.func(*job.args, **job.kwargs)
             ^^^^^^^^^^^^^^^^^^^^^^^^^^^^^^^^^^^^^^^
  File "C:\Users\hp\Documents\Coding Projects\SchoolSync - internship\SchoolSync\backend\main.py", line 122, in _expiry_job
    await expire_overdue_assignments(db)
  File "C:\Users\hp\Documents\Coding Projects\SchoolSync - internship\SchoolSync\backend\relief_dispatch.py", line 58, in expire_overdue_assignments
    result = await db.execute(
             ^^^^^^^^^^^^^^^^^
    ...<5 lines>...
    )
    ^
  File "C:\Users\hp\AppData\Local\Programs\Python\Python314\Lib\site-packages\sqlalchemy\ext\asyncio\session.py", line 449, in execute
    result = await greenlet_spawn(
             ^^^^^^^^^^^^^^^^^^^^^
    ...<6 lines>...
    )
    ^
  File "C:\Users\hp\AppData\Local\Programs\Python\Python314\Lib\site-packages\sqlalchemy\util\_concurrency_py3k.py", line 203, in greenlet_spawn
    result = context.switch(value)
  File "C:\Users\hp\AppData\Local\Programs\Python\Python314\Lib\site-packages\sqlalchemy\orm\session.py", line 2351, in execute
    return self._execute_internal(
           ~~~~~~~~~~~~~~~~~~~~~~^
        statement,
        ^^^^^^^^^^
    ...<4 lines>...
        _add_event=_add_event,
        ^^^^^^^^^^^^^^^^^^^^^^
    )
    ^
  File "C:\Users\hp\AppData\Local\Programs\Python\Python314\Lib\site-packages\sqlalchemy\orm\session.py", line 2249, in _execute_internal
    result: Result[Any] = compile_state_cls.orm_execute_statement(
                          ~~~~~~~~~~~~~~~~~~~~~~~~~~~~~~~~~~~~~~~^
        self,
        ^^^^^
    ...<4 lines>...
        conn,
        ^^^^^
    )
    ^
  File "C:\Users\hp\AppData\Local\Programs\Python\Python314\Lib\site-packages\sqlalchemy\orm\context.py", line 306, in orm_execute_statement
    result = conn.execute(
        statement, params or {}, execution_options=execution_options
    )
  File "C:\Users\hp\AppData\Local\Programs\Python\Python314\Lib\site-packages\sqlalchemy\engine\base.py", line 1419, in execute
    return meth(
        self,
        distilled_parameters,
        execution_options or NO_OPTIONS,
    )
  File "C:\Users\hp\AppData\Local\Programs\Python\Python314\Lib\site-packages\sqlalchemy\sql\elements.py", line 527, in _execute_on_connection
    return connection._execute_clauseelement(
           ~~~~~~~~~~~~~~~~~~~~~~~~~~~~~~~~~^
        self, distilled_params, execution_options
        ^^^^^^^^^^^^^^^^^^^^^^^^^^^^^^^^^^^^^^^^^
    )
    ^
  File "C:\Users\hp\AppData\Local\Programs\Python\Python314\Lib\site-packages\sqlalchemy\engine\base.py", line 1633, in _execute_clauseelement
    compiled_sql, extracted_params, cache_hit = elem._compile_w_cache(
                                                ~~~~~~~~~~~~~~~~~~~~~^
        dialect=dialect,
        ^^^^^^^^^^^^^^^^
    ...<4 lines>...
        linting=self.dialect.compiler_linting | compiler.WARN_LINTING,
        ^^^^^^^^^^^^^^^^^^^^^^^^^^^^^^^^^^^^^^^^^^^^^^^^^^^^^^^^^^^^^^
    )
    ^
  File "C:\Users\hp\AppData\Local\Programs\Python\Python314\Lib\site-packages\sqlalchemy\sql\elements.py", line 716, in _compile_w_cache
    compiled_sql = self._compiler(
        dialect,
    ...<4 lines>...
        **kw,
    )
  File "C:\Users\hp\AppData\Local\Programs\Python\Python314\Lib\site-packages\sqlalchemy\sql\elements.py", line 324, in _compiler
    return dialect.statement_compiler(dialect, self, **kw)
           ~~~~~~~~~~~~~~~~~~~~~~~~~~^^^^^^^^^^^^^^^^^^^^^
  File "C:\Users\hp\AppData\Local\Programs\Python\Python314\Lib\site-packages\sqlalchemy\sql\compiler.py", line 1461, in __init__
    Compiled.__init__(self, dialect, statement, **kwargs)
    ~~~~~~~~~~~~~~~~~^^^^^^^^^^^^^^^^^^^^^^^^^^^^^^^^^^^^
  File "C:\Users\hp\AppData\Local\Programs\Python\Python314\Lib\site-packages\sqlalchemy\sql\compiler.py", line 901, in __init__
    self.string = self.process(self.statement, **compile_kwargs)
                  ~~~~~~~~~~~~^^^^^^^^^^^^^^^^^^^^^^^^^^^^^^^^^^
  File "C:\Users\hp\AppData\Local\Programs\Python\Python314\Lib\site-packages\sqlalchemy\sql\compiler.py", line 947, in process
    return obj._compiler_dispatch(self, **kwargs)
           ~~~~~~~~~~~~~~~~~~~~~~^^^^^^^^^^^^^^^^
  File "C:\Users\hp\AppData\Local\Programs\Python\Python314\Lib\site-packages\sqlalchemy\sql\visitors.py", line 138, in _compiler_dispatch
    return meth(self, **kw)  # type: ignore  # noqa: E501
  File "C:\Users\hp\AppData\Local\Programs\Python\Python314\Lib\site-packages\sqlalchemy\sql\compiler.py", line 4809, in visit_select
    compile_state = select_stmt._compile_state_factory(
        select_stmt, self, **kwargs
    )
  File "C:\Users\hp\AppData\Local\Programs\Python\Python314\Lib\site-packages\sqlalchemy\sql\base.py", line 775, in create_for_statement
    return klass.create_for_statement(statement, compiler, **kw)
           ~~~~~~~~~~~~~~~~~~~~~~~~~~^^^^^^^^^^^^^^^^^^^^^^^^^^^
  File "C:\Users\hp\AppData\Local\Programs\Python\Python314\Lib\site-packages\sqlalchemy\orm\context.py", line 447, in create_for_statement
    return cls._create_orm_context(
           ~~~~~~~~~~~~~~~~~~~~~~~^
        cast("Union[Select, FromStatement]", statement),
        ^^^^^^^^^^^^^^^^^^^^^^^^^^^^^^^^^^^^^^^^^^^^^^^^
    ...<2 lines>...
        **kw,
        ^^^^^
    )
    ^
  File "C:\Users\hp\AppData\Local\Programs\Python\Python314\Lib\site-packages\sqlalchemy\orm\context.py", line 1175, in _create_orm_context
    _QueryEntity.to_compile_state(
    ~~~~~~~~~~~~~~~~~~~~~~~~~~~~~^
        self,
        ^^^^^
    ...<2 lines>...
        is_current_entities=True,
        ^^^^^^^^^^^^^^^^^^^^^^^^^
    )
    ^
  File "C:\Users\hp\AppData\Local\Programs\Python\Python314\Lib\site-packages\sqlalchemy\orm\context.py", line 2628, in to_compile_state
    _MapperEntity(
    ~~~~~~~~~~~~~^
        compile_state,
        ^^^^^^^^^^^^^^
    ...<2 lines>...
        is_current_entities,
        ^^^^^^^^^^^^^^^^^^^^
    )
    ^
  File "C:\Users\hp\AppData\Local\Programs\Python\Python314\Lib\site-packages\sqlalchemy\orm\context.py", line 2708, in __init__
    entity._post_inspect
  File "C:\Users\hp\AppData\Local\Programs\Python\Python314\Lib\site-packages\sqlalchemy\util\langhelpers.py", line 1235, in __get__
    obj.__dict__[self.__name__] = result = self.fget(obj)
                                           ~~~~~~~~~^^^^^
  File "C:\Users\hp\AppData\Local\Programs\Python\Python314\Lib\site-packages\sqlalchemy\orm\mapper.py", line 2733, in _post_inspect
    self._check_configure()
    ~~~~~~~~~~~~~~~~~~~~~^^
  File "C:\Users\hp\AppData\Local\Programs\Python\Python314\Lib\site-packages\sqlalchemy\orm\mapper.py", line 2410, in _check_configure
    _configure_registries({self.registry}, cascade=True)
    ~~~~~~~~~~~~~~~~~~~~~^^^^^^^^^^^^^^^^^^^^^^^^^^^^^^^
  File "C:\Users\hp\AppData\Local\Programs\Python\Python314\Lib\site-packages\sqlalchemy\orm\mapper.py", line 4227, in _configure_registries
    _do_configure_registries(registries, cascade)
    ~~~~~~~~~~~~~~~~~~~~~~~~^^^^^^^^^^^^^^^^^^^^^
  File "C:\Users\hp\AppData\Local\Programs\Python\Python314\Lib\site-packages\sqlalchemy\orm\mapper.py", line 4264, in _do_configure_registries
    raise e
sqlalchemy.exc.InvalidRequestError: One or more mappers failed to initialize - can't proceed with initialization of other mappers. Triggering mapper: 'Mapper[Subject(subjects)]'. Original exception was: Mapper 'Mapper[Department(departments)]' has no property 'subjects'.  If this property was indicated from other mappers or configure events, ensure registry.configure() has been called.
2026-05-31 18:26:22,187 [INFO] apscheduler.executors.default - Running job "startup.<locals>._expiry_job (trigger: interval[0:01:00], next run at: 2026-05-31 18:27:22 +03)" (scheduled at 2026-05-31 18:26:22.178765+03:00)
2026-05-31 18:26:23,921 [ERROR] apscheduler.executors.default - Job "startup.<locals>._expiry_job (trigger: interval[0:01:00], next run at: 2026-05-31 18:27:22 +03)" raised an exception
Traceback (most recent call last):
  File "C:\Users\hp\AppData\Local\Programs\Python\Python314\Lib\site-packages\apscheduler\executors\base.py", line 181, in run_coroutine_job
    retval = await job.func(*job.args, **job.kwargs)
             ^^^^^^^^^^^^^^^^^^^^^^^^^^^^^^^^^^^^^^^
  File "C:\Users\hp\Documents\Coding Projects\SchoolSync - internship\SchoolSync\backend\main.py", line 122, in _expiry_job
    await expire_overdue_assignments(db)
  File "C:\Users\hp\Documents\Coding Projects\SchoolSync - internship\SchoolSync\backend\relief_dispatch.py", line 58, in expire_overdue_assignments
    result = await db.execute(
             ^^^^^^^^^^^^^^^^^
    ...<5 lines>...
    )
    ^
  File "C:\Users\hp\AppData\Local\Programs\Python\Python314\Lib\site-packages\sqlalchemy\ext\asyncio\session.py", line 449, in execute
    result = await greenlet_spawn(
             ^^^^^^^^^^^^^^^^^^^^^
    ...<6 lines>...
    )
    ^
  File "C:\Users\hp\AppData\Local\Programs\Python\Python314\Lib\site-packages\sqlalchemy\util\_concurrency_py3k.py", line 203, in greenlet_spawn
    result = context.switch(value)
  File "C:\Users\hp\AppData\Local\Programs\Python\Python314\Lib\site-packages\sqlalchemy\orm\session.py", line 2351, in execute
    return self._execute_internal(
           ~~~~~~~~~~~~~~~~~~~~~~^
        statement,
        ^^^^^^^^^^
    ...<4 lines>...
        _add_event=_add_event,
        ^^^^^^^^^^^^^^^^^^^^^^
    )
    ^
  File "C:\Users\hp\AppData\Local\Programs\Python\Python314\Lib\site-packages\sqlalchemy\orm\session.py", line 2249, in _execute_internal
    result: Result[Any] = compile_state_cls.orm_execute_statement(
                          ~~~~~~~~~~~~~~~~~~~~~~~~~~~~~~~~~~~~~~~^
        self,
        ^^^^^
    ...<4 lines>...
        conn,
        ^^^^^
    )
    ^
  File "C:\Users\hp\AppData\Local\Programs\Python\Python314\Lib\site-packages\sqlalchemy\orm\context.py", line 306, in orm_execute_statement
    result = conn.execute(
        statement, params or {}, execution_options=execution_options
    )
  File "C:\Users\hp\AppData\Local\Programs\Python\Python314\Lib\site-packages\sqlalchemy\engine\base.py", line 1419, in execute
    return meth(
        self,
        distilled_parameters,
        execution_options or NO_OPTIONS,
    )
  File "C:\Users\hp\AppData\Local\Programs\Python\Python314\Lib\site-packages\sqlalchemy\sql\elements.py", line 527, in _execute_on_connection
    return connection._execute_clauseelement(
           ~~~~~~~~~~~~~~~~~~~~~~~~~~~~~~~~~^
        self, distilled_params, execution_options
        ^^^^^^^^^^^^^^^^^^^^^^^^^^^^^^^^^^^^^^^^^
    )
    ^
  File "C:\Users\hp\AppData\Local\Programs\Python\Python314\Lib\site-packages\sqlalchemy\engine\base.py", line 1633, in _execute_clauseelement
    compiled_sql, extracted_params, cache_hit = elem._compile_w_cache(
                                                ~~~~~~~~~~~~~~~~~~~~~^
        dialect=dialect,
        ^^^^^^^^^^^^^^^^
    ...<4 lines>...
        linting=self.dialect.compiler_linting | compiler.WARN_LINTING,
        ^^^^^^^^^^^^^^^^^^^^^^^^^^^^^^^^^^^^^^^^^^^^^^^^^^^^^^^^^^^^^^
    )
    ^
  File "C:\Users\hp\AppData\Local\Programs\Python\Python314\Lib\site-packages\sqlalchemy\sql\elements.py", line 716, in _compile_w_cache
    compiled_sql = self._compiler(
        dialect,
    ...<4 lines>...
        **kw,
    )
  File "C:\Users\hp\AppData\Local\Programs\Python\Python314\Lib\site-packages\sqlalchemy\sql\elements.py", line 324, in _compiler
    return dialect.statement_compiler(dialect, self, **kw)
           ~~~~~~~~~~~~~~~~~~~~~~~~~~^^^^^^^^^^^^^^^^^^^^^
  File "C:\Users\hp\AppData\Local\Programs\Python\Python314\Lib\site-packages\sqlalchemy\sql\compiler.py", line 1461, in __init__
    Compiled.__init__(self, dialect, statement, **kwargs)
    ~~~~~~~~~~~~~~~~~^^^^^^^^^^^^^^^^^^^^^^^^^^^^^^^^^^^^
  File "C:\Users\hp\AppData\Local\Programs\Python\Python314\Lib\site-packages\sqlalchemy\sql\compiler.py", line 901, in __init__
    self.string = self.process(self.statement, **compile_kwargs)
                  ~~~~~~~~~~~~^^^^^^^^^^^^^^^^^^^^^^^^^^^^^^^^^^
  File "C:\Users\hp\AppData\Local\Programs\Python\Python314\Lib\site-packages\sqlalchemy\sql\compiler.py", line 947, in process
    return obj._compiler_dispatch(self, **kwargs)
           ~~~~~~~~~~~~~~~~~~~~~~^^^^^^^^^^^^^^^^
  File "C:\Users\hp\AppData\Local\Programs\Python\Python314\Lib\site-packages\sqlalchemy\sql\visitors.py", line 138, in _compiler_dispatch
    return meth(self, **kw)  # type: ignore  # noqa: E501
  File "C:\Users\hp\AppData\Local\Programs\Python\Python314\Lib\site-packages\sqlalchemy\sql\compiler.py", line 4809, in visit_select
    compile_state = select_stmt._compile_state_factory(
        select_stmt, self, **kwargs
    )
  File "C:\Users\hp\AppData\Local\Programs\Python\Python314\Lib\site-packages\sqlalchemy\sql\base.py", line 775, in create_for_statement
    return klass.create_for_statement(statement, compiler, **kw)
           ~~~~~~~~~~~~~~~~~~~~~~~~~~^^^^^^^^^^^^^^^^^^^^^^^^^^^
  File "C:\Users\hp\AppData\Local\Programs\Python\Python314\Lib\site-packages\sqlalchemy\orm\context.py", line 447, in create_for_statement
    return cls._create_orm_context(
           ~~~~~~~~~~~~~~~~~~~~~~~^
        cast("Union[Select, FromStatement]", statement),
        ^^^^^^^^^^^^^^^^^^^^^^^^^^^^^^^^^^^^^^^^^^^^^^^^
    ...<2 lines>...
        **kw,
        ^^^^^
    )
    ^
  File "C:\Users\hp\AppData\Local\Programs\Python\Python314\Lib\site-packages\sqlalchemy\orm\context.py", line 1175, in _create_orm_context
    _QueryEntity.to_compile_state(
    ~~~~~~~~~~~~~~~~~~~~~~~~~~~~~^
        self,
        ^^^^^
    ...<2 lines>...
        is_current_entities=True,
        ^^^^^^^^^^^^^^^^^^^^^^^^^
    )
    ^
  File "C:\Users\hp\AppData\Local\Programs\Python\Python314\Lib\site-packages\sqlalchemy\orm\context.py", line 2628, in to_compile_state
    _MapperEntity(
    ~~~~~~~~~~~~~^
        compile_state,
        ^^^^^^^^^^^^^^
    ...<2 lines>...
        is_current_entities,
        ^^^^^^^^^^^^^^^^^^^^
    )
    ^
  File "C:\Users\hp\AppData\Local\Programs\Python\Python314\Lib\site-packages\sqlalchemy\orm\context.py", line 2708, in __init__
    entity._post_inspect
  File "C:\Users\hp\AppData\Local\Programs\Python\Python314\Lib\site-packages\sqlalchemy\util\langhelpers.py", line 1235, in __get__
    obj.__dict__[self.__name__] = result = self.fget(obj)
                                           ~~~~~~~~~^^^^^
  File "C:\Users\hp\AppData\Local\Programs\Python\Python314\Lib\site-packages\sqlalchemy\orm\mapper.py", line 2733, in _post_inspect
    self._check_configure()
    ~~~~~~~~~~~~~~~~~~~~~^^
  File "C:\Users\hp\AppData\Local\Programs\Python\Python314\Lib\site-packages\sqlalchemy\orm\mapper.py", line 2410, in _check_configure
    _configure_registries({self.registry}, cascade=True)
    ~~~~~~~~~~~~~~~~~~~~~^^^^^^^^^^^^^^^^^^^^^^^^^^^^^^^
  File "C:\Users\hp\AppData\Local\Programs\Python\Python314\Lib\site-packages\sqlalchemy\orm\mapper.py", line 4227, in _configure_registries
    _do_configure_registries(registries, cascade)
    ~~~~~~~~~~~~~~~~~~~~~~~~^^^^^^^^^^^^^^^^^^^^^
  File "C:\Users\hp\AppData\Local\Programs\Python\Python314\Lib\site-packages\sqlalchemy\orm\mapper.py", line 4264, in _do_configure_registries
    raise e
sqlalchemy.exc.InvalidRequestError: One or more mappers failed to initialize - can't proceed with initialization of other mappers. Triggering mapper: 'Mapper[Subject(subjects)]'. Original exception was: Mapper 'Mapper[Department(departments)]' has no property 'subjects'.  If this property was indicated from other mappers or configure events, ensure registry.configure() has been called.
2026-05-31 18:27:22,181 [INFO] apscheduler.executors.default - Running job "startup.<locals>._expiry_job (trigger: interval[0:01:00], next run at: 2026-05-31 18:28:22 +03)" (scheduled at 2026-05-31 18:27:22.178765+03:00)
2026-05-31 18:27:23,010 [ERROR] apscheduler.executors.default - Job "startup.<locals>._expiry_job (trigger: interval[0:01:00], next run at: 2026-05-31 18:28:22 +03)" raised an exception
Traceback (most recent call last):
  File "C:\Users\hp\AppData\Local\Programs\Python\Python314\Lib\site-packages\apscheduler\executors\base.py", line 181, in run_coroutine_job
    retval = await job.func(*job.args, **job.kwargs)
             ^^^^^^^^^^^^^^^^^^^^^^^^^^^^^^^^^^^^^^^
  File "C:\Users\hp\Documents\Coding Projects\SchoolSync - internship\SchoolSync\backend\main.py", line 122, in _expiry_job
    await expire_overdue_assignments(db)
  File "C:\Users\hp\Documents\Coding Projects\SchoolSync - internship\SchoolSync\backend\relief_dispatch.py", line 58, in expire_overdue_assignments
    result = await db.execute(
             ^^^^^^^^^^^^^^^^^
    ...<5 lines>...
    )
    ^
  File "C:\Users\hp\AppData\Local\Programs\Python\Python314\Lib\site-packages\sqlalchemy\ext\asyncio\session.py", line 449, in execute
    result = await greenlet_spawn(
             ^^^^^^^^^^^^^^^^^^^^^
    ...<6 lines>...
    )
    ^
  File "C:\Users\hp\AppData\Local\Programs\Python\Python314\Lib\site-packages\sqlalchemy\util\_concurrency_py3k.py", line 203, in greenlet_spawn
    result = context.switch(value)
  File "C:\Users\hp\AppData\Local\Programs\Python\Python314\Lib\site-packages\sqlalchemy\orm\session.py", line 2351, in execute
    return self._execute_internal(
           ~~~~~~~~~~~~~~~~~~~~~~^
        statement,
        ^^^^^^^^^^
    ...<4 lines>...
        _add_event=_add_event,
        ^^^^^^^^^^^^^^^^^^^^^^
    )
    ^
  File "C:\Users\hp\AppData\Local\Programs\Python\Python314\Lib\site-packages\sqlalchemy\orm\session.py", line 2249, in _execute_internal
    result: Result[Any] = compile_state_cls.orm_execute_statement(
                          ~~~~~~~~~~~~~~~~~~~~~~~~~~~~~~~~~~~~~~~^
        self,
        ^^^^^
    ...<4 lines>...
        conn,
        ^^^^^
    )
    ^
  File "C:\Users\hp\AppData\Local\Programs\Python\Python314\Lib\site-packages\sqlalchemy\orm\context.py", line 306, in orm_execute_statement
    result = conn.execute(
        statement, params or {}, execution_options=execution_options
    )
  File "C:\Users\hp\AppData\Local\Programs\Python\Python314\Lib\site-packages\sqlalchemy\engine\base.py", line 1419, in execute
    return meth(
        self,
        distilled_parameters,
        execution_options or NO_OPTIONS,
    )
  File "C:\Users\hp\AppData\Local\Programs\Python\Python314\Lib\site-packages\sqlalchemy\sql\elements.py", line 527, in _execute_on_connection
    return connection._execute_clauseelement(
           ~~~~~~~~~~~~~~~~~~~~~~~~~~~~~~~~~^
        self, distilled_params, execution_options
        ^^^^^^^^^^^^^^^^^^^^^^^^^^^^^^^^^^^^^^^^^
    )
    ^
  File "C:\Users\hp\AppData\Local\Programs\Python\Python314\Lib\site-packages\sqlalchemy\engine\base.py", line 1633, in _execute_clauseelement
    compiled_sql, extracted_params, cache_hit = elem._compile_w_cache(
                                                ~~~~~~~~~~~~~~~~~~~~~^
        dialect=dialect,
        ^^^^^^^^^^^^^^^^
    ...<4 lines>...
        linting=self.dialect.compiler_linting | compiler.WARN_LINTING,
        ^^^^^^^^^^^^^^^^^^^^^^^^^^^^^^^^^^^^^^^^^^^^^^^^^^^^^^^^^^^^^^
    )
    ^
  File "C:\Users\hp\AppData\Local\Programs\Python\Python314\Lib\site-packages\sqlalchemy\sql\elements.py", line 716, in _compile_w_cache
    compiled_sql = self._compiler(
        dialect,
    ...<4 lines>...
        **kw,
    )
  File "C:\Users\hp\AppData\Local\Programs\Python\Python314\Lib\site-packages\sqlalchemy\sql\elements.py", line 324, in _compiler
    return dialect.statement_compiler(dialect, self, **kw)
           ~~~~~~~~~~~~~~~~~~~~~~~~~~^^^^^^^^^^^^^^^^^^^^^
  File "C:\Users\hp\AppData\Local\Programs\Python\Python314\Lib\site-packages\sqlalchemy\sql\compiler.py", line 1461, in __init__
    Compiled.__init__(self, dialect, statement, **kwargs)
    ~~~~~~~~~~~~~~~~~^^^^^^^^^^^^^^^^^^^^^^^^^^^^^^^^^^^^
  File "C:\Users\hp\AppData\Local\Programs\Python\Python314\Lib\site-packages\sqlalchemy\sql\compiler.py", line 901, in __init__
    self.string = self.process(self.statement, **compile_kwargs)
                  ~~~~~~~~~~~~^^^^^^^^^^^^^^^^^^^^^^^^^^^^^^^^^^
  File "C:\Users\hp\AppData\Local\Programs\Python\Python314\Lib\site-packages\sqlalchemy\sql\compiler.py", line 947, in process
    return obj._compiler_dispatch(self, **kwargs)
           ~~~~~~~~~~~~~~~~~~~~~~^^^^^^^^^^^^^^^^
  File "C:\Users\hp\AppData\Local\Programs\Python\Python314\Lib\site-packages\sqlalchemy\sql\visitors.py", line 138, in _compiler_dispatch
    return meth(self, **kw)  # type: ignore  # noqa: E501
  File "C:\Users\hp\AppData\Local\Programs\Python\Python314\Lib\site-packages\sqlalchemy\sql\compiler.py", line 4809, in visit_select
    compile_state = select_stmt._compile_state_factory(
        select_stmt, self, **kwargs
    )
  File "C:\Users\hp\AppData\Local\Programs\Python\Python314\Lib\site-packages\sqlalchemy\sql\base.py", line 775, in create_for_statement
    return klass.create_for_statement(statement, compiler, **kw)
           ~~~~~~~~~~~~~~~~~~~~~~~~~~^^^^^^^^^^^^^^^^^^^^^^^^^^^
  File "C:\Users\hp\AppData\Local\Programs\Python\Python314\Lib\site-packages\sqlalchemy\orm\context.py", line 447, in create_for_statement
    return cls._create_orm_context(
           ~~~~~~~~~~~~~~~~~~~~~~~^
        cast("Union[Select, FromStatement]", statement),
        ^^^^^^^^^^^^^^^^^^^^^^^^^^^^^^^^^^^^^^^^^^^^^^^^
    ...<2 lines>...
        **kw,
        ^^^^^
    )
    ^
  File "C:\Users\hp\AppData\Local\Programs\Python\Python314\Lib\site-packages\sqlalchemy\orm\context.py", line 1175, in _create_orm_context
    _QueryEntity.to_compile_state(
    ~~~~~~~~~~~~~~~~~~~~~~~~~~~~~^
        self,
        ^^^^^
    ...<2 lines>...
        is_current_entities=True,
        ^^^^^^^^^^^^^^^^^^^^^^^^^
    )
    ^
  File "C:\Users\hp\AppData\Local\Programs\Python\Python314\Lib\site-packages\sqlalchemy\orm\context.py", line 2628, in to_compile_state
    _MapperEntity(
    ~~~~~~~~~~~~~^
        compile_state,
        ^^^^^^^^^^^^^^
    ...<2 lines>...
        is_current_entities,
        ^^^^^^^^^^^^^^^^^^^^
    )
    ^
  File "C:\Users\hp\AppData\Local\Programs\Python\Python314\Lib\site-packages\sqlalchemy\orm\context.py", line 2708, in __init__
    entity._post_inspect
  File "C:\Users\hp\AppData\Local\Programs\Python\Python314\Lib\site-packages\sqlalchemy\util\langhelpers.py", line 1235, in __get__
    obj.__dict__[self.__name__] = result = self.fget(obj)
                                           ~~~~~~~~~^^^^^
  File "C:\Users\hp\AppData\Local\Programs\Python\Python314\Lib\site-packages\sqlalchemy\orm\mapper.py", line 2733, in _post_inspect
    self._check_configure()
    ~~~~~~~~~~~~~~~~~~~~~^^
  File "C:\Users\hp\AppData\Local\Programs\Python\Python314\Lib\site-packages\sqlalchemy\orm\mapper.py", line 2410, in _check_configure
    _configure_registries({self.registry}, cascade=True)
    ~~~~~~~~~~~~~~~~~~~~~^^^^^^^^^^^^^^^^^^^^^^^^^^^^^^^
  File "C:\Users\hp\AppData\Local\Programs\Python\Python314\Lib\site-packages\sqlalchemy\orm\mapper.py", line 4227, in _configure_registries
    _do_configure_registries(registries, cascade)
    ~~~~~~~~~~~~~~~~~~~~~~~~^^^^^^^^^^^^^^^^^^^^^
  File "C:\Users\hp\AppData\Local\Programs\Python\Python314\Lib\site-packages\sqlalchemy\orm\mapper.py", line 4264, in _do_configure_registries
    raise e
sqlalchemy.exc.InvalidRequestError: One or more mappers failed to initialize - can't proceed with initialization of other mappers. Triggering mapper: 'Mapper[Subject(subjects)]'. Original exception was: Mapper 'Mapper[Department(departments)]' has no property 'subjects'.  If this property was indicated from other mappers or configure events, ensure registry.configure() has been called.
2026-05-31 18:28:22,189 [INFO] apscheduler.executors.default - Running job "startup.<locals>._expiry_job (trigger: interval[0:01:00], next run at: 2026-05-31 18:29:22 +03)" (scheduled at 2026-05-31 18:28:22.178765+03:00)
2026-05-31 18:28:22,798 [ERROR] apscheduler.executors.default - Job "startup.<locals>._expiry_job (trigger: interval[0:01:00], next run at: 2026-05-31 18:29:22 +03)" raised an exception
Traceback (most recent call last):
  File "C:\Users\hp\AppData\Local\Programs\Python\Python314\Lib\site-packages\apscheduler\executors\base.py", line 181, in run_coroutine_job
    retval = await job.func(*job.args, **job.kwargs)
             ^^^^^^^^^^^^^^^^^^^^^^^^^^^^^^^^^^^^^^^
  File "C:\Users\hp\Documents\Coding Projects\SchoolSync - internship\SchoolSync\backend\main.py", line 122, in _expiry_job
    await expire_overdue_assignments(db)
  File "C:\Users\hp\Documents\Coding Projects\SchoolSync - internship\SchoolSync\backend\relief_dispatch.py", line 58, in expire_overdue_assignments
    result = await db.execute(
             ^^^^^^^^^^^^^^^^^
    ...<5 lines>...
    )
    ^
  File "C:\Users\hp\AppData\Local\Programs\Python\Python314\Lib\site-packages\sqlalchemy\ext\asyncio\session.py", line 449, in execute
    result = await greenlet_spawn(
             ^^^^^^^^^^^^^^^^^^^^^
    ...<6 lines>...
    )
    ^
  File "C:\Users\hp\AppData\Local\Programs\Python\Python314\Lib\site-packages\sqlalchemy\util\_concurrency_py3k.py", line 203, in greenlet_spawn
    result = context.switch(value)
  File "C:\Users\hp\AppData\Local\Programs\Python\Python314\Lib\site-packages\sqlalchemy\orm\session.py", line 2351, in execute
    return self._execute_internal(
           ~~~~~~~~~~~~~~~~~~~~~~^
        statement,
        ^^^^^^^^^^
    ...<4 lines>...
        _add_event=_add_event,
        ^^^^^^^^^^^^^^^^^^^^^^
    )
    ^
  File "C:\Users\hp\AppData\Local\Programs\Python\Python314\Lib\site-packages\sqlalchemy\orm\session.py", line 2249, in _execute_internal
    result: Result[Any] = compile_state_cls.orm_execute_statement(
                          ~~~~~~~~~~~~~~~~~~~~~~~~~~~~~~~~~~~~~~~^
        self,
        ^^^^^
    ...<4 lines>...
        conn,
        ^^^^^
    )
    ^
  File "C:\Users\hp\AppData\Local\Programs\Python\Python314\Lib\site-packages\sqlalchemy\orm\context.py", line 306, in orm_execute_statement
    result = conn.execute(
        statement, params or {}, execution_options=execution_options
    )
  File "C:\Users\hp\AppData\Local\Programs\Python\Python314\Lib\site-packages\sqlalchemy\engine\base.py", line 1419, in execute
    return meth(
        self,
        distilled_parameters,
        execution_options or NO_OPTIONS,
    )
  File "C:\Users\hp\AppData\Local\Programs\Python\Python314\Lib\site-packages\sqlalchemy\sql\elements.py", line 527, in _execute_on_connection
    return connection._execute_clauseelement(
           ~~~~~~~~~~~~~~~~~~~~~~~~~~~~~~~~~^
        self, distilled_params, execution_options
        ^^^^^^^^^^^^^^^^^^^^^^^^^^^^^^^^^^^^^^^^^
    )
    ^
  File "C:\Users\hp\AppData\Local\Programs\Python\Python314\Lib\site-packages\sqlalchemy\engine\base.py", line 1633, in _execute_clauseelement
    compiled_sql, extracted_params, cache_hit = elem._compile_w_cache(
                                                ~~~~~~~~~~~~~~~~~~~~~^
        dialect=dialect,
        ^^^^^^^^^^^^^^^^
    ...<4 lines>...
        linting=self.dialect.compiler_linting | compiler.WARN_LINTING,
        ^^^^^^^^^^^^^^^^^^^^^^^^^^^^^^^^^^^^^^^^^^^^^^^^^^^^^^^^^^^^^^
    )
    ^
  File "C:\Users\hp\AppData\Local\Programs\Python\Python314\Lib\site-packages\sqlalchemy\sql\elements.py", line 716, in _compile_w_cache
    compiled_sql = self._compiler(
        dialect,
    ...<4 lines>...
        **kw,
    )
  File "C:\Users\hp\AppData\Local\Programs\Python\Python314\Lib\site-packages\sqlalchemy\sql\elements.py", line 324, in _compiler
    return dialect.statement_compiler(dialect, self, **kw)
           ~~~~~~~~~~~~~~~~~~~~~~~~~~^^^^^^^^^^^^^^^^^^^^^
  File "C:\Users\hp\AppData\Local\Programs\Python\Python314\Lib\site-packages\sqlalchemy\sql\compiler.py", line 1461, in __init__
    Compiled.__init__(self, dialect, statement, **kwargs)
    ~~~~~~~~~~~~~~~~~^^^^^^^^^^^^^^^^^^^^^^^^^^^^^^^^^^^^
  File "C:\Users\hp\AppData\Local\Programs\Python\Python314\Lib\site-packages\sqlalchemy\sql\compiler.py", line 901, in __init__
    self.string = self.process(self.statement, **compile_kwargs)
                  ~~~~~~~~~~~~^^^^^^^^^^^^^^^^^^^^^^^^^^^^^^^^^^
  File "C:\Users\hp\AppData\Local\Programs\Python\Python314\Lib\site-packages\sqlalchemy\sql\compiler.py", line 947, in process
    return obj._compiler_dispatch(self, **kwargs)
           ~~~~~~~~~~~~~~~~~~~~~~^^^^^^^^^^^^^^^^
  File "C:\Users\hp\AppData\Local\Programs\Python\Python314\Lib\site-packages\sqlalchemy\sql\visitors.py", line 138, in _compiler_dispatch
    return meth(self, **kw)  # type: ignore  # noqa: E501
  File "C:\Users\hp\AppData\Local\Programs\Python\Python314\Lib\site-packages\sqlalchemy\sql\compiler.py", line 4809, in visit_select
    compile_state = select_stmt._compile_state_factory(
        select_stmt, self, **kwargs
    )
  File "C:\Users\hp\AppData\Local\Programs\Python\Python314\Lib\site-packages\sqlalchemy\sql\base.py", line 775, in create_for_statement
    return klass.create_for_statement(statement, compiler, **kw)
           ~~~~~~~~~~~~~~~~~~~~~~~~~~^^^^^^^^^^^^^^^^^^^^^^^^^^^
  File "C:\Users\hp\AppData\Local\Programs\Python\Python314\Lib\site-packages\sqlalchemy\orm\context.py", line 447, in create_for_statement
    return cls._create_orm_context(
           ~~~~~~~~~~~~~~~~~~~~~~~^
        cast("Union[Select, FromStatement]", statement),
        ^^^^^^^^^^^^^^^^^^^^^^^^^^^^^^^^^^^^^^^^^^^^^^^^
    ...<2 lines>...
        **kw,
        ^^^^^
    )
    ^
  File "C:\Users\hp\AppData\Local\Programs\Python\Python314\Lib\site-packages\sqlalchemy\orm\context.py", line 1175, in _create_orm_context
    _QueryEntity.to_compile_state(
    ~~~~~~~~~~~~~~~~~~~~~~~~~~~~~^
        self,
        ^^^^^
    ...<2 lines>...
        is_current_entities=True,
        ^^^^^^^^^^^^^^^^^^^^^^^^^
    )
    ^
  File "C:\Users\hp\AppData\Local\Programs\Python\Python314\Lib\site-packages\sqlalchemy\orm\context.py", line 2628, in to_compile_state
    _MapperEntity(
    ~~~~~~~~~~~~~^
        compile_state,
        ^^^^^^^^^^^^^^
    ...<2 lines>...
        is_current_entities,
        ^^^^^^^^^^^^^^^^^^^^
    )
    ^
  File "C:\Users\hp\AppData\Local\Programs\Python\Python314\Lib\site-packages\sqlalchemy\orm\context.py", line 2708, in __init__
    entity._post_inspect
  File "C:\Users\hp\AppData\Local\Programs\Python\Python314\Lib\site-packages\sqlalchemy\util\langhelpers.py", line 1235, in __get__
    obj.__dict__[self.__name__] = result = self.fget(obj)
                                           ~~~~~~~~~^^^^^
  File "C:\Users\hp\AppData\Local\Programs\Python\Python314\Lib\site-packages\sqlalchemy\orm\mapper.py", line 2733, in _post_inspect
    self._check_configure()
    ~~~~~~~~~~~~~~~~~~~~~^^
  File "C:\Users\hp\AppData\Local\Programs\Python\Python314\Lib\site-packages\sqlalchemy\orm\mapper.py", line 2410, in _check_configure
    _configure_registries({self.registry}, cascade=True)
    ~~~~~~~~~~~~~~~~~~~~~^^^^^^^^^^^^^^^^^^^^^^^^^^^^^^^
  File "C:\Users\hp\AppData\Local\Programs\Python\Python314\Lib\site-packages\sqlalchemy\orm\mapper.py", line 4227, in _configure_registries
    _do_configure_registries(registries, cascade)
    ~~~~~~~~~~~~~~~~~~~~~~~~^^^^^^^^^^^^^^^^^^^^^
  File "C:\Users\hp\AppData\Local\Programs\Python\Python314\Lib\site-packages\sqlalchemy\orm\mapper.py", line 4264, in _do_configure_registries
    raise e
sqlalchemy.exc.InvalidRequestError: One or more mappers failed to initialize - can't proceed with initialization of other mappers. Triggering mapper: 'Mapper[Subject(subjects)]'. Original exception was: Mapper 'Mapper[Department(departments)]' has no property 'subjects'.  If this property was indicated from other mappers or configure events, ensure registry.configure() has been called.
2026-05-31 18:29:22,186 [INFO] apscheduler.executors.default - Running job "startup.<locals>._expiry_job (trigger: interval[0:01:00], next run at: 2026-05-31 18:30:22 +03)" (scheduled at 2026-05-31 18:29:22.178765+03:00)
2026-05-31 18:29:23,737 [ERROR] apscheduler.executors.default - Job "startup.<locals>._expiry_job (trigger: interval[0:01:00], next run at: 2026-05-31 18:30:22 +03)" raised an exception
Traceback (most recent call last):
  File "C:\Users\hp\AppData\Local\Programs\Python\Python314\Lib\site-packages\apscheduler\executors\base.py", line 181, in run_coroutine_job
    retval = await job.func(*job.args, **job.kwargs)
             ^^^^^^^^^^^^^^^^^^^^^^^^^^^^^^^^^^^^^^^
  File "C:\Users\hp\Documents\Coding Projects\SchoolSync - internship\SchoolSync\backend\main.py", line 122, in _expiry_job
    await expire_overdue_assignments(db)
  File "C:\Users\hp\Documents\Coding Projects\SchoolSync - internship\SchoolSync\backend\relief_dispatch.py", line 58, in expire_overdue_assignments
    result = await db.execute(
             ^^^^^^^^^^^^^^^^^
    ...<5 lines>...
    )
    ^
  File "C:\Users\hp\AppData\Local\Programs\Python\Python314\Lib\site-packages\sqlalchemy\ext\asyncio\session.py", line 449, in execute
    result = await greenlet_spawn(
             ^^^^^^^^^^^^^^^^^^^^^
    ...<6 lines>...
    )
    ^
  File "C:\Users\hp\AppData\Local\Programs\Python\Python314\Lib\site-packages\sqlalchemy\util\_concurrency_py3k.py", line 203, in greenlet_spawn
    result = context.switch(value)
  File "C:\Users\hp\AppData\Local\Programs\Python\Python314\Lib\site-packages\sqlalchemy\orm\session.py", line 2351, in execute
    return self._execute_internal(
           ~~~~~~~~~~~~~~~~~~~~~~^
        statement,
        ^^^^^^^^^^
    ...<4 lines>...
        _add_event=_add_event,
        ^^^^^^^^^^^^^^^^^^^^^^
    )
    ^
  File "C:\Users\hp\AppData\Local\Programs\Python\Python314\Lib\site-packages\sqlalchemy\orm\session.py", line 2249, in _execute_internal
    result: Result[Any] = compile_state_cls.orm_execute_statement(
                          ~~~~~~~~~~~~~~~~~~~~~~~~~~~~~~~~~~~~~~~^
        self,
        ^^^^^
    ...<4 lines>...
        conn,
        ^^^^^
    )
    ^
  File "C:\Users\hp\AppData\Local\Programs\Python\Python314\Lib\site-packages\sqlalchemy\orm\context.py", line 306, in orm_execute_statement
    result = conn.execute(
        statement, params or {}, execution_options=execution_options
    )
  File "C:\Users\hp\AppData\Local\Programs\Python\Python314\Lib\site-packages\sqlalchemy\engine\base.py", line 1419, in execute
    return meth(
        self,
        distilled_parameters,
        execution_options or NO_OPTIONS,
    )
  File "C:\Users\hp\AppData\Local\Programs\Python\Python314\Lib\site-packages\sqlalchemy\sql\elements.py", line 527, in _execute_on_connection
    return connection._execute_clauseelement(
           ~~~~~~~~~~~~~~~~~~~~~~~~~~~~~~~~~^
        self, distilled_params, execution_options
        ^^^^^^^^^^^^^^^^^^^^^^^^^^^^^^^^^^^^^^^^^
    )
    ^
  File "C:\Users\hp\AppData\Local\Programs\Python\Python314\Lib\site-packages\sqlalchemy\engine\base.py", line 1633, in _execute_clauseelement
    compiled_sql, extracted_params, cache_hit = elem._compile_w_cache(
                                                ~~~~~~~~~~~~~~~~~~~~~^
        dialect=dialect,
        ^^^^^^^^^^^^^^^^
    ...<4 lines>...
        linting=self.dialect.compiler_linting | compiler.WARN_LINTING,
        ^^^^^^^^^^^^^^^^^^^^^^^^^^^^^^^^^^^^^^^^^^^^^^^^^^^^^^^^^^^^^^
    )
    ^
  File "C:\Users\hp\AppData\Local\Programs\Python\Python314\Lib\site-packages\sqlalchemy\sql\elements.py", line 716, in _compile_w_cache
    compiled_sql = self._compiler(
        dialect,
    ...<4 lines>...
        **kw,
    )
  File "C:\Users\hp\AppData\Local\Programs\Python\Python314\Lib\site-packages\sqlalchemy\sql\elements.py", line 324, in _compiler
    return dialect.statement_compiler(dialect, self, **kw)
           ~~~~~~~~~~~~~~~~~~~~~~~~~~^^^^^^^^^^^^^^^^^^^^^
  File "C:\Users\hp\AppData\Local\Programs\Python\Python314\Lib\site-packages\sqlalchemy\sql\compiler.py", line 1461, in __init__
    Compiled.__init__(self, dialect, statement, **kwargs)
    ~~~~~~~~~~~~~~~~~^^^^^^^^^^^^^^^^^^^^^^^^^^^^^^^^^^^^
  File "C:\Users\hp\AppData\Local\Programs\Python\Python314\Lib\site-packages\sqlalchemy\sql\compiler.py", line 901, in __init__
    self.string = self.process(self.statement, **compile_kwargs)
                  ~~~~~~~~~~~~^^^^^^^^^^^^^^^^^^^^^^^^^^^^^^^^^^
  File "C:\Users\hp\AppData\Local\Programs\Python\Python314\Lib\site-packages\sqlalchemy\sql\compiler.py", line 947, in process
    return obj._compiler_dispatch(self, **kwargs)
           ~~~~~~~~~~~~~~~~~~~~~~^^^^^^^^^^^^^^^^
  File "C:\Users\hp\AppData\Local\Programs\Python\Python314\Lib\site-packages\sqlalchemy\sql\visitors.py", line 138, in _compiler_dispatch
    return meth(self, **kw)  # type: ignore  # noqa: E501
  File "C:\Users\hp\AppData\Local\Programs\Python\Python314\Lib\site-packages\sqlalchemy\sql\compiler.py", line 4809, in visit_select
    compile_state = select_stmt._compile_state_factory(
        select_stmt, self, **kwargs
    )
  File "C:\Users\hp\AppData\Local\Programs\Python\Python314\Lib\site-packages\sqlalchemy\sql\base.py", line 775, in create_for_statement
    return klass.create_for_statement(statement, compiler, **kw)
           ~~~~~~~~~~~~~~~~~~~~~~~~~~^^^^^^^^^^^^^^^^^^^^^^^^^^^
  File "C:\Users\hp\AppData\Local\Programs\Python\Python314\Lib\site-packages\sqlalchemy\orm\context.py", line 447, in create_for_statement
    return cls._create_orm_context(
           ~~~~~~~~~~~~~~~~~~~~~~~^
        cast("Union[Select, FromStatement]", statement),
        ^^^^^^^^^^^^^^^^^^^^^^^^^^^^^^^^^^^^^^^^^^^^^^^^
    ...<2 lines>...
        **kw,
        ^^^^^
    )
    ^
  File "C:\Users\hp\AppData\Local\Programs\Python\Python314\Lib\site-packages\sqlalchemy\orm\context.py", line 1175, in _create_orm_context
    _QueryEntity.to_compile_state(
    ~~~~~~~~~~~~~~~~~~~~~~~~~~~~~^
        self,
        ^^^^^
    ...<2 lines>...
        is_current_entities=True,
        ^^^^^^^^^^^^^^^^^^^^^^^^^
    )
    ^
  File "C:\Users\hp\AppData\Local\Programs\Python\Python314\Lib\site-packages\sqlalchemy\orm\context.py", line 2628, in to_compile_state
    _MapperEntity(
    ~~~~~~~~~~~~~^
        compile_state,
        ^^^^^^^^^^^^^^
    ...<2 lines>...
        is_current_entities,
        ^^^^^^^^^^^^^^^^^^^^
    )
    ^
  File "C:\Users\hp\AppData\Local\Programs\Python\Python314\Lib\site-packages\sqlalchemy\orm\context.py", line 2708, in __init__
    entity._post_inspect
  File "C:\Users\hp\AppData\Local\Programs\Python\Python314\Lib\site-packages\sqlalchemy\util\langhelpers.py", line 1235, in __get__
    obj.__dict__[self.__name__] = result = self.fget(obj)
                                           ~~~~~~~~~^^^^^
  File "C:\Users\hp\AppData\Local\Programs\Python\Python314\Lib\site-packages\sqlalchemy\orm\mapper.py", line 2733, in _post_inspect
    self._check_configure()
    ~~~~~~~~~~~~~~~~~~~~~^^
  File "C:\Users\hp\AppData\Local\Programs\Python\Python314\Lib\site-packages\sqlalchemy\orm\mapper.py", line 2410, in _check_configure
    _configure_registries({self.registry}, cascade=True)
    ~~~~~~~~~~~~~~~~~~~~~^^^^^^^^^^^^^^^^^^^^^^^^^^^^^^^
  File "C:\Users\hp\AppData\Local\Programs\Python\Python314\Lib\site-packages\sqlalchemy\orm\mapper.py", line 4227, in _configure_registries
    _do_configure_registries(registries, cascade)
    ~~~~~~~~~~~~~~~~~~~~~~~~^^^^^^^^^^^^^^^^^^^^^
  File "C:\Users\hp\AppData\Local\Programs\Python\Python314\Lib\site-packages\sqlalchemy\orm\mapper.py", line 4264, in _do_configure_registries
    raise e
sqlalchemy.exc.InvalidRequestError: One or more mappers failed to initialize - can't proceed with initialization of other mappers. Triggering mapper: 'Mapper[Subject(subjects)]'. Original exception was: Mapper 'Mapper[Department(departments)]' has no property 'subjects'.  If this property was indicated from other mappers or configure events, ensure registry.configure() has been called.
2026-05-31 18:30:22,181 [INFO] apscheduler.executors.default - Running job "startup.<locals>._expiry_job (trigger: interval[0:01:00], next run at: 2026-05-31 18:31:22 +03)" (scheduled at 2026-05-31 18:30:22.178765+03:00)
2026-05-31 18:30:22,803 [ERROR] apscheduler.executors.default - Job "startup.<locals>._expiry_job (trigger: interval[0:01:00], next run at: 2026-05-31 18:31:22 +03)" raised an exception
Traceback (most recent call last):
  File "C:\Users\hp\AppData\Local\Programs\Python\Python314\Lib\site-packages\apscheduler\executors\base.py", line 181, in run_coroutine_job
    retval = await job.func(*job.args, **job.kwargs)
             ^^^^^^^^^^^^^^^^^^^^^^^^^^^^^^^^^^^^^^^
  File "C:\Users\hp\Documents\Coding Projects\SchoolSync - internship\SchoolSync\backend\main.py", line 122, in _expiry_job
    await expire_overdue_assignments(db)
  File "C:\Users\hp\Documents\Coding Projects\SchoolSync - internship\SchoolSync\backend\relief_dispatch.py", line 58, in expire_overdue_assignments
    result = await db.execute(
             ^^^^^^^^^^^^^^^^^
    ...<5 lines>...
    )
    ^
  File "C:\Users\hp\AppData\Local\Programs\Python\Python314\Lib\site-packages\sqlalchemy\ext\asyncio\session.py", line 449, in execute
    result = await greenlet_spawn(
             ^^^^^^^^^^^^^^^^^^^^^
    ...<6 lines>...
    )
    ^
  File "C:\Users\hp\AppData\Local\Programs\Python\Python314\Lib\site-packages\sqlalchemy\util\_concurrency_py3k.py", line 203, in greenlet_spawn
    result = context.switch(value)
  File "C:\Users\hp\AppData\Local\Programs\Python\Python314\Lib\site-packages\sqlalchemy\orm\session.py", line 2351, in execute
    return self._execute_internal(
           ~~~~~~~~~~~~~~~~~~~~~~^
        statement,
        ^^^^^^^^^^
    ...<4 lines>...
        _add_event=_add_event,
        ^^^^^^^^^^^^^^^^^^^^^^
    )
    ^
  File "C:\Users\hp\AppData\Local\Programs\Python\Python314\Lib\site-packages\sqlalchemy\orm\session.py", line 2249, in _execute_internal
    result: Result[Any] = compile_state_cls.orm_execute_statement(
                          ~~~~~~~~~~~~~~~~~~~~~~~~~~~~~~~~~~~~~~~^
        self,
        ^^^^^
    ...<4 lines>...
        conn,
        ^^^^^
    )
    ^
  File "C:\Users\hp\AppData\Local\Programs\Python\Python314\Lib\site-packages\sqlalchemy\orm\context.py", line 306, in orm_execute_statement
    result = conn.execute(
        statement, params or {}, execution_options=execution_options
    )
  File "C:\Users\hp\AppData\Local\Programs\Python\Python314\Lib\site-packages\sqlalchemy\engine\base.py", line 1419, in execute
    return meth(
        self,
        distilled_parameters,
        execution_options or NO_OPTIONS,
    )
  File "C:\Users\hp\AppData\Local\Programs\Python\Python314\Lib\site-packages\sqlalchemy\sql\elements.py", line 527, in _execute_on_connection
    return connection._execute_clauseelement(
           ~~~~~~~~~~~~~~~~~~~~~~~~~~~~~~~~~^
        self, distilled_params, execution_options
        ^^^^^^^^^^^^^^^^^^^^^^^^^^^^^^^^^^^^^^^^^
    )
    ^
  File "C:\Users\hp\AppData\Local\Programs\Python\Python314\Lib\site-packages\sqlalchemy\engine\base.py", line 1633, in _execute_clauseelement
    compiled_sql, extracted_params, cache_hit = elem._compile_w_cache(
                                                ~~~~~~~~~~~~~~~~~~~~~^
        dialect=dialect,
        ^^^^^^^^^^^^^^^^
    ...<4 lines>...
        linting=self.dialect.compiler_linting | compiler.WARN_LINTING,
        ^^^^^^^^^^^^^^^^^^^^^^^^^^^^^^^^^^^^^^^^^^^^^^^^^^^^^^^^^^^^^^
    )
    ^
  File "C:\Users\hp\AppData\Local\Programs\Python\Python314\Lib\site-packages\sqlalchemy\sql\elements.py", line 716, in _compile_w_cache
    compiled_sql = self._compiler(
        dialect,
    ...<4 lines>...
        **kw,
    )
  File "C:\Users\hp\AppData\Local\Programs\Python\Python314\Lib\site-packages\sqlalchemy\sql\elements.py", line 324, in _compiler
    return dialect.statement_compiler(dialect, self, **kw)
           ~~~~~~~~~~~~~~~~~~~~~~~~~~^^^^^^^^^^^^^^^^^^^^^
  File "C:\Users\hp\AppData\Local\Programs\Python\Python314\Lib\site-packages\sqlalchemy\sql\compiler.py", line 1461, in __init__
    Compiled.__init__(self, dialect, statement, **kwargs)
    ~~~~~~~~~~~~~~~~~^^^^^^^^^^^^^^^^^^^^^^^^^^^^^^^^^^^^
  File "C:\Users\hp\AppData\Local\Programs\Python\Python314\Lib\site-packages\sqlalchemy\sql\compiler.py", line 901, in __init__
    self.string = self.process(self.statement, **compile_kwargs)
                  ~~~~~~~~~~~~^^^^^^^^^^^^^^^^^^^^^^^^^^^^^^^^^^
  File "C:\Users\hp\AppData\Local\Programs\Python\Python314\Lib\site-packages\sqlalchemy\sql\compiler.py", line 947, in process
    return obj._compiler_dispatch(self, **kwargs)
           ~~~~~~~~~~~~~~~~~~~~~~^^^^^^^^^^^^^^^^
  File "C:\Users\hp\AppData\Local\Programs\Python\Python314\Lib\site-packages\sqlalchemy\sql\visitors.py", line 138, in _compiler_dispatch
    return meth(self, **kw)  # type: ignore  # noqa: E501
  File "C:\Users\hp\AppData\Local\Programs\Python\Python314\Lib\site-packages\sqlalchemy\sql\compiler.py", line 4809, in visit_select
    compile_state = select_stmt._compile_state_factory(
        select_stmt, self, **kwargs
    )
  File "C:\Users\hp\AppData\Local\Programs\Python\Python314\Lib\site-packages\sqlalchemy\sql\base.py", line 775, in create_for_statement
    return klass.create_for_statement(statement, compiler, **kw)
           ~~~~~~~~~~~~~~~~~~~~~~~~~~^^^^^^^^^^^^^^^^^^^^^^^^^^^
  File "C:\Users\hp\AppData\Local\Programs\Python\Python314\Lib\site-packages\sqlalchemy\orm\context.py", line 447, in create_for_statement
    return cls._create_orm_context(
           ~~~~~~~~~~~~~~~~~~~~~~~^
        cast("Union[Select, FromStatement]", statement),
        ^^^^^^^^^^^^^^^^^^^^^^^^^^^^^^^^^^^^^^^^^^^^^^^^
    ...<2 lines>...
        **kw,
        ^^^^^
    )
    ^
  File "C:\Users\hp\AppData\Local\Programs\Python\Python314\Lib\site-packages\sqlalchemy\orm\context.py", line 1175, in _create_orm_context
    _QueryEntity.to_compile_state(
    ~~~~~~~~~~~~~~~~~~~~~~~~~~~~~^
        self,
        ^^^^^
    ...<2 lines>...
        is_current_entities=True,
        ^^^^^^^^^^^^^^^^^^^^^^^^^
    )
    ^
  File "C:\Users\hp\AppData\Local\Programs\Python\Python314\Lib\site-packages\sqlalchemy\orm\context.py", line 2628, in to_compile_state
    _MapperEntity(
    ~~~~~~~~~~~~~^
        compile_state,
        ^^^^^^^^^^^^^^
    ...<2 lines>...
        is_current_entities,
        ^^^^^^^^^^^^^^^^^^^^
    )
    ^
  File "C:\Users\hp\AppData\Local\Programs\Python\Python314\Lib\site-packages\sqlalchemy\orm\context.py", line 2708, in __init__
    entity._post_inspect
  File "C:\Users\hp\AppData\Local\Programs\Python\Python314\Lib\site-packages\sqlalchemy\util\langhelpers.py", line 1235, in __get__
    obj.__dict__[self.__name__] = result = self.fget(obj)
                                           ~~~~~~~~~^^^^^
  File "C:\Users\hp\AppData\Local\Programs\Python\Python314\Lib\site-packages\sqlalchemy\orm\mapper.py", line 2733, in _post_inspect
    self._check_configure()
    ~~~~~~~~~~~~~~~~~~~~~^^
  File "C:\Users\hp\AppData\Local\Programs\Python\Python314\Lib\site-packages\sqlalchemy\orm\mapper.py", line 2410, in _check_configure
    _configure_registries({self.registry}, cascade=True)
    ~~~~~~~~~~~~~~~~~~~~~^^^^^^^^^^^^^^^^^^^^^^^^^^^^^^^
  File "C:\Users\hp\AppData\Local\Programs\Python\Python314\Lib\site-packages\sqlalchemy\orm\mapper.py", line 4227, in _configure_registries
    _do_configure_registries(registries, cascade)
    ~~~~~~~~~~~~~~~~~~~~~~~~^^^^^^^^^^^^^^^^^^^^^
  File "C:\Users\hp\AppData\Local\Programs\Python\Python314\Lib\site-packages\sqlalchemy\orm\mapper.py", line 4264, in _do_configure_registries
    raise e
sqlalchemy.exc.InvalidRequestError: One or more mappers failed to initialize - can't proceed with initialization of other mappers. Triggering mapper: 'Mapper[Subject(subjects)]'. Original exception was: Mapper 'Mapper[Department(departments)]' has no property 'subjects'.  If this property was indicated from other mappers or configure events, ensure registry.configure() has been called.
2026-05-31 18:31:22,194 [INFO] apscheduler.executors.default - Running job "startup.<locals>._expiry_job (trigger: interval[0:01:00], next run at: 2026-05-31 18:32:22 +03)" (scheduled at 2026-05-31 18:31:22.178765+03:00)
2026-05-31 18:31:22,906 [ERROR] apscheduler.executors.default - Job "startup.<locals>._expiry_job (trigger: interval[0:01:00], next run at: 2026-05-31 18:32:22 +03)" raised an exception
Traceback (most recent call last):
  File "C:\Users\hp\AppData\Local\Programs\Python\Python314\Lib\site-packages\apscheduler\executors\base.py", line 181, in run_coroutine_job
    retval = await job.func(*job.args, **job.kwargs)
             ^^^^^^^^^^^^^^^^^^^^^^^^^^^^^^^^^^^^^^^
  File "C:\Users\hp\Documents\Coding Projects\SchoolSync - internship\SchoolSync\backend\main.py", line 122, in _expiry_job
    await expire_overdue_assignments(db)
  File "C:\Users\hp\Documents\Coding Projects\SchoolSync - internship\SchoolSync\backend\relief_dispatch.py", line 58, in expire_overdue_assignments
    result = await db.execute(
             ^^^^^^^^^^^^^^^^^
    ...<5 lines>...
    )
    ^
  File "C:\Users\hp\AppData\Local\Programs\Python\Python314\Lib\site-packages\sqlalchemy\ext\asyncio\session.py", line 449, in execute
    result = await greenlet_spawn(
             ^^^^^^^^^^^^^^^^^^^^^
    ...<6 lines>...
    )
    ^
  File "C:\Users\hp\AppData\Local\Programs\Python\Python314\Lib\site-packages\sqlalchemy\util\_concurrency_py3k.py", line 203, in greenlet_spawn
    result = context.switch(value)
  File "C:\Users\hp\AppData\Local\Programs\Python\Python314\Lib\site-packages\sqlalchemy\orm\session.py", line 2351, in execute
    return self._execute_internal(
           ~~~~~~~~~~~~~~~~~~~~~~^
        statement,
        ^^^^^^^^^^
    ...<4 lines>...
        _add_event=_add_event,
        ^^^^^^^^^^^^^^^^^^^^^^
    )
    ^
  File "C:\Users\hp\AppData\Local\Programs\Python\Python314\Lib\site-packages\sqlalchemy\orm\session.py", line 2249, in _execute_internal
    result: Result[Any] = compile_state_cls.orm_execute_statement(
                          ~~~~~~~~~~~~~~~~~~~~~~~~~~~~~~~~~~~~~~~^
        self,
        ^^^^^
    ...<4 lines>...
        conn,
        ^^^^^
    )
    ^
  File "C:\Users\hp\AppData\Local\Programs\Python\Python314\Lib\site-packages\sqlalchemy\orm\context.py", line 306, in orm_execute_statement
    result = conn.execute(
        statement, params or {}, execution_options=execution_options
    )
  File "C:\Users\hp\AppData\Local\Programs\Python\Python314\Lib\site-packages\sqlalchemy\engine\base.py", line 1419, in execute
    return meth(
        self,
        distilled_parameters,
        execution_options or NO_OPTIONS,
    )
  File "C:\Users\hp\AppData\Local\Programs\Python\Python314\Lib\site-packages\sqlalchemy\sql\elements.py", line 527, in _execute_on_connection
    return connection._execute_clauseelement(
           ~~~~~~~~~~~~~~~~~~~~~~~~~~~~~~~~~^
        self, distilled_params, execution_options
        ^^^^^^^^^^^^^^^^^^^^^^^^^^^^^^^^^^^^^^^^^
    )
    ^
  File "C:\Users\hp\AppData\Local\Programs\Python\Python314\Lib\site-packages\sqlalchemy\engine\base.py", line 1633, in _execute_clauseelement
    compiled_sql, extracted_params, cache_hit = elem._compile_w_cache(
                                                ~~~~~~~~~~~~~~~~~~~~~^
        dialect=dialect,
        ^^^^^^^^^^^^^^^^
    ...<4 lines>...
        linting=self.dialect.compiler_linting | compiler.WARN_LINTING,
        ^^^^^^^^^^^^^^^^^^^^^^^^^^^^^^^^^^^^^^^^^^^^^^^^^^^^^^^^^^^^^^
    )
    ^
  File "C:\Users\hp\AppData\Local\Programs\Python\Python314\Lib\site-packages\sqlalchemy\sql\elements.py", line 716, in _compile_w_cache
    compiled_sql = self._compiler(
        dialect,
    ...<4 lines>...
        **kw,
    )
  File "C:\Users\hp\AppData\Local\Programs\Python\Python314\Lib\site-packages\sqlalchemy\sql\elements.py", line 324, in _compiler
    return dialect.statement_compiler(dialect, self, **kw)
           ~~~~~~~~~~~~~~~~~~~~~~~~~~^^^^^^^^^^^^^^^^^^^^^
  File "C:\Users\hp\AppData\Local\Programs\Python\Python314\Lib\site-packages\sqlalchemy\sql\compiler.py", line 1461, in __init__
    Compiled.__init__(self, dialect, statement, **kwargs)
    ~~~~~~~~~~~~~~~~~^^^^^^^^^^^^^^^^^^^^^^^^^^^^^^^^^^^^
  File "C:\Users\hp\AppData\Local\Programs\Python\Python314\Lib\site-packages\sqlalchemy\sql\compiler.py", line 901, in __init__
    self.string = self.process(self.statement, **compile_kwargs)
                  ~~~~~~~~~~~~^^^^^^^^^^^^^^^^^^^^^^^^^^^^^^^^^^
  File "C:\Users\hp\AppData\Local\Programs\Python\Python314\Lib\site-packages\sqlalchemy\sql\compiler.py", line 947, in process
    return obj._compiler_dispatch(self, **kwargs)
           ~~~~~~~~~~~~~~~~~~~~~~^^^^^^^^^^^^^^^^
  File "C:\Users\hp\AppData\Local\Programs\Python\Python314\Lib\site-packages\sqlalchemy\sql\visitors.py", line 138, in _compiler_dispatch
    return meth(self, **kw)  # type: ignore  # noqa: E501
  File "C:\Users\hp\AppData\Local\Programs\Python\Python314\Lib\site-packages\sqlalchemy\sql\compiler.py", line 4809, in visit_select
    compile_state = select_stmt._compile_state_factory(
        select_stmt, self, **kwargs
    )
  File "C:\Users\hp\AppData\Local\Programs\Python\Python314\Lib\site-packages\sqlalchemy\sql\base.py", line 775, in create_for_statement
    return klass.create_for_statement(statement, compiler, **kw)
           ~~~~~~~~~~~~~~~~~~~~~~~~~~^^^^^^^^^^^^^^^^^^^^^^^^^^^
  File "C:\Users\hp\AppData\Local\Programs\Python\Python314\Lib\site-packages\sqlalchemy\orm\context.py", line 447, in create_for_statement
    return cls._create_orm_context(
           ~~~~~~~~~~~~~~~~~~~~~~~^
        cast("Union[Select, FromStatement]", statement),
        ^^^^^^^^^^^^^^^^^^^^^^^^^^^^^^^^^^^^^^^^^^^^^^^^
    ...<2 lines>...
        **kw,
        ^^^^^
    )
    ^
  File "C:\Users\hp\AppData\Local\Programs\Python\Python314\Lib\site-packages\sqlalchemy\orm\context.py", line 1175, in _create_orm_context
    _QueryEntity.to_compile_state(
    ~~~~~~~~~~~~~~~~~~~~~~~~~~~~~^
        self,
        ^^^^^
    ...<2 lines>...
        is_current_entities=True,
        ^^^^^^^^^^^^^^^^^^^^^^^^^
    )
    ^
  File "C:\Users\hp\AppData\Local\Programs\Python\Python314\Lib\site-packages\sqlalchemy\orm\context.py", line 2628, in to_compile_state
    _MapperEntity(
    ~~~~~~~~~~~~~^
        compile_state,
        ^^^^^^^^^^^^^^
    ...<2 lines>...
        is_current_entities,
        ^^^^^^^^^^^^^^^^^^^^
    )
    ^
  File "C:\Users\hp\AppData\Local\Programs\Python\Python314\Lib\site-packages\sqlalchemy\orm\context.py", line 2708, in __init__
    entity._post_inspect
  File "C:\Users\hp\AppData\Local\Programs\Python\Python314\Lib\site-packages\sqlalchemy\util\langhelpers.py", line 1235, in __get__
    obj.__dict__[self.__name__] = result = self.fget(obj)
                                           ~~~~~~~~~^^^^^
  File "C:\Users\hp\AppData\Local\Programs\Python\Python314\Lib\site-packages\sqlalchemy\orm\mapper.py", line 2733, in _post_inspect
    self._check_configure()
    ~~~~~~~~~~~~~~~~~~~~~^^
  File "C:\Users\hp\AppData\Local\Programs\Python\Python314\Lib\site-packages\sqlalchemy\orm\mapper.py", line 2410, in _check_configure
    _configure_registries({self.registry}, cascade=True)
    ~~~~~~~~~~~~~~~~~~~~~^^^^^^^^^^^^^^^^^^^^^^^^^^^^^^^
  File "C:\Users\hp\AppData\Local\Programs\Python\Python314\Lib\site-packages\sqlalchemy\orm\mapper.py", line 4227, in _configure_registries
    _do_configure_registries(registries, cascade)
    ~~~~~~~~~~~~~~~~~~~~~~~~^^^^^^^^^^^^^^^^^^^^^
  File "C:\Users\hp\AppData\Local\Programs\Python\Python314\Lib\site-packages\sqlalchemy\orm\mapper.py", line 4264, in _do_configure_registries
    raise e
sqlalchemy.exc.InvalidRequestError: One or more mappers failed to initialize - can't proceed with initialization of other mappers. Triggering mapper: 'Mapper[Subject(subjects)]'. Original exception was: Mapper 'Mapper[Department(departments)]' has no property 'subjects'.  If this property was indicated from other mappers or configure events, ensure registry.configure() has been called.
2026-05-31 18:32:22,193 [INFO] apscheduler.executors.default - Running job "startup.<locals>._expiry_job (trigger: interval[0:01:00], next run at: 2026-05-31 18:33:22 +03)" (scheduled at 2026-05-31 18:32:22.178765+03:00)
2026-05-31 18:32:23,762 [ERROR] apscheduler.executors.default - Job "startup.<locals>._expiry_job (trigger: interval[0:01:00], next run at: 2026-05-31 18:33:22 +03)" raised an exception
Traceback (most recent call last):
  File "C:\Users\hp\AppData\Local\Programs\Python\Python314\Lib\site-packages\apscheduler\executors\base.py", line 181, in run_coroutine_job
    retval = await job.func(*job.args, **job.kwargs)
             ^^^^^^^^^^^^^^^^^^^^^^^^^^^^^^^^^^^^^^^
  File "C:\Users\hp\Documents\Coding Projects\SchoolSync - internship\SchoolSync\backend\main.py", line 122, in _expiry_job
    await expire_overdue_assignments(db)
  File "C:\Users\hp\Documents\Coding Projects\SchoolSync - internship\SchoolSync\backend\relief_dispatch.py", line 58, in expire_overdue_assignments
    result = await db.execute(
             ^^^^^^^^^^^^^^^^^
    ...<5 lines>...
    )
    ^
  File "C:\Users\hp\AppData\Local\Programs\Python\Python314\Lib\site-packages\sqlalchemy\ext\asyncio\session.py", line 449, in execute
    result = await greenlet_spawn(
             ^^^^^^^^^^^^^^^^^^^^^
    ...<6 lines>...
    )
    ^
  File "C:\Users\hp\AppData\Local\Programs\Python\Python314\Lib\site-packages\sqlalchemy\util\_concurrency_py3k.py", line 203, in greenlet_spawn
    result = context.switch(value)
  File "C:\Users\hp\AppData\Local\Programs\Python\Python314\Lib\site-packages\sqlalchemy\orm\session.py", line 2351, in execute
    return self._execute_internal(
           ~~~~~~~~~~~~~~~~~~~~~~^
        statement,
        ^^^^^^^^^^
    ...<4 lines>...
        _add_event=_add_event,
        ^^^^^^^^^^^^^^^^^^^^^^
    )
    ^
  File "C:\Users\hp\AppData\Local\Programs\Python\Python314\Lib\site-packages\sqlalchemy\orm\session.py", line 2249, in _execute_internal
    result: Result[Any] = compile_state_cls.orm_execute_statement(
                          ~~~~~~~~~~~~~~~~~~~~~~~~~~~~~~~~~~~~~~~^
        self,
        ^^^^^
    ...<4 lines>...
        conn,
        ^^^^^
    )
    ^
  File "C:\Users\hp\AppData\Local\Programs\Python\Python314\Lib\site-packages\sqlalchemy\orm\context.py", line 306, in orm_execute_statement
    result = conn.execute(
        statement, params or {}, execution_options=execution_options
    )
  File "C:\Users\hp\AppData\Local\Programs\Python\Python314\Lib\site-packages\sqlalchemy\engine\base.py", line 1419, in execute
    return meth(
        self,
        distilled_parameters,
        execution_options or NO_OPTIONS,
    )
  File "C:\Users\hp\AppData\Local\Programs\Python\Python314\Lib\site-packages\sqlalchemy\sql\elements.py", line 527, in _execute_on_connection
    return connection._execute_clauseelement(
           ~~~~~~~~~~~~~~~~~~~~~~~~~~~~~~~~~^
        self, distilled_params, execution_options
        ^^^^^^^^^^^^^^^^^^^^^^^^^^^^^^^^^^^^^^^^^
    )
    ^
  File "C:\Users\hp\AppData\Local\Programs\Python\Python314\Lib\site-packages\sqlalchemy\engine\base.py", line 1633, in _execute_clauseelement
    compiled_sql, extracted_params, cache_hit = elem._compile_w_cache(
                                                ~~~~~~~~~~~~~~~~~~~~~^
        dialect=dialect,
        ^^^^^^^^^^^^^^^^
    ...<4 lines>...
        linting=self.dialect.compiler_linting | compiler.WARN_LINTING,
        ^^^^^^^^^^^^^^^^^^^^^^^^^^^^^^^^^^^^^^^^^^^^^^^^^^^^^^^^^^^^^^
    )
    ^
  File "C:\Users\hp\AppData\Local\Programs\Python\Python314\Lib\site-packages\sqlalchemy\sql\elements.py", line 716, in _compile_w_cache
    compiled_sql = self._compiler(
        dialect,
    ...<4 lines>...
        **kw,
    )
  File "C:\Users\hp\AppData\Local\Programs\Python\Python314\Lib\site-packages\sqlalchemy\sql\elements.py", line 324, in _compiler
    return dialect.statement_compiler(dialect, self, **kw)
           ~~~~~~~~~~~~~~~~~~~~~~~~~~^^^^^^^^^^^^^^^^^^^^^
  File "C:\Users\hp\AppData\Local\Programs\Python\Python314\Lib\site-packages\sqlalchemy\sql\compiler.py", line 1461, in __init__
    Compiled.__init__(self, dialect, statement, **kwargs)
    ~~~~~~~~~~~~~~~~~^^^^^^^^^^^^^^^^^^^^^^^^^^^^^^^^^^^^
  File "C:\Users\hp\AppData\Local\Programs\Python\Python314\Lib\site-packages\sqlalchemy\sql\compiler.py", line 901, in __init__
    self.string = self.process(self.statement, **compile_kwargs)
                  ~~~~~~~~~~~~^^^^^^^^^^^^^^^^^^^^^^^^^^^^^^^^^^
  File "C:\Users\hp\AppData\Local\Programs\Python\Python314\Lib\site-packages\sqlalchemy\sql\compiler.py", line 947, in process
    return obj._compiler_dispatch(self, **kwargs)
           ~~~~~~~~~~~~~~~~~~~~~~^^^^^^^^^^^^^^^^
  File "C:\Users\hp\AppData\Local\Programs\Python\Python314\Lib\site-packages\sqlalchemy\sql\visitors.py", line 138, in _compiler_dispatch
    return meth(self, **kw)  # type: ignore  # noqa: E501
  File "C:\Users\hp\AppData\Local\Programs\Python\Python314\Lib\site-packages\sqlalchemy\sql\compiler.py", line 4809, in visit_select
    compile_state = select_stmt._compile_state_factory(
        select_stmt, self, **kwargs
    )
  File "C:\Users\hp\AppData\Local\Programs\Python\Python314\Lib\site-packages\sqlalchemy\sql\base.py", line 775, in create_for_statement
    return klass.create_for_statement(statement, compiler, **kw)
           ~~~~~~~~~~~~~~~~~~~~~~~~~~^^^^^^^^^^^^^^^^^^^^^^^^^^^
  File "C:\Users\hp\AppData\Local\Programs\Python\Python314\Lib\site-packages\sqlalchemy\orm\context.py", line 447, in create_for_statement
    return cls._create_orm_context(
           ~~~~~~~~~~~~~~~~~~~~~~~^
        cast("Union[Select, FromStatement]", statement),
        ^^^^^^^^^^^^^^^^^^^^^^^^^^^^^^^^^^^^^^^^^^^^^^^^
    ...<2 lines>...
        **kw,
        ^^^^^
    )
    ^
  File "C:\Users\hp\AppData\Local\Programs\Python\Python314\Lib\site-packages\sqlalchemy\orm\context.py", line 1175, in _create_orm_context
    _QueryEntity.to_compile_state(
    ~~~~~~~~~~~~~~~~~~~~~~~~~~~~~^
        self,
        ^^^^^
    ...<2 lines>...
        is_current_entities=True,
        ^^^^^^^^^^^^^^^^^^^^^^^^^
    )
    ^
  File "C:\Users\hp\AppData\Local\Programs\Python\Python314\Lib\site-packages\sqlalchemy\orm\context.py", line 2628, in to_compile_state
    _MapperEntity(
    ~~~~~~~~~~~~~^
        compile_state,
        ^^^^^^^^^^^^^^
    ...<2 lines>...
        is_current_entities,
        ^^^^^^^^^^^^^^^^^^^^
    )
    ^
  File "C:\Users\hp\AppData\Local\Programs\Python\Python314\Lib\site-packages\sqlalchemy\orm\context.py", line 2708, in __init__
    entity._post_inspect
  File "C:\Users\hp\AppData\Local\Programs\Python\Python314\Lib\site-packages\sqlalchemy\util\langhelpers.py", line 1235, in __get__
    obj.__dict__[self.__name__] = result = self.fget(obj)
                                           ~~~~~~~~~^^^^^
  File "C:\Users\hp\AppData\Local\Programs\Python\Python314\Lib\site-packages\sqlalchemy\orm\mapper.py", line 2733, in _post_inspect
    self._check_configure()
    ~~~~~~~~~~~~~~~~~~~~~^^
  File "C:\Users\hp\AppData\Local\Programs\Python\Python314\Lib\site-packages\sqlalchemy\orm\mapper.py", line 2410, in _check_configure
    _configure_registries({self.registry}, cascade=True)
    ~~~~~~~~~~~~~~~~~~~~~^^^^^^^^^^^^^^^^^^^^^^^^^^^^^^^
  File "C:\Users\hp\AppData\Local\Programs\Python\Python314\Lib\site-packages\sqlalchemy\orm\mapper.py", line 4227, in _configure_registries
    _do_configure_registries(registries, cascade)
    ~~~~~~~~~~~~~~~~~~~~~~~~^^^^^^^^^^^^^^^^^^^^^
  File "C:\Users\hp\AppData\Local\Programs\Python\Python314\Lib\site-packages\sqlalchemy\orm\mapper.py", line 4264, in _do_configure_registries
    raise e
sqlalchemy.exc.InvalidRequestError: One or more mappers failed to initialize - can't proceed with initialization of other mappers. Triggering mapper: 'Mapper[Subject(subjects)]'. Original exception was: Mapper 'Mapper[Department(departments)]' has no property 'subjects'.  If this property was indicated from other mappers or configure events, ensure registry.configure() has been called.
2026-05-31 18:33:22,190 [INFO] apscheduler.executors.default - Running job "startup.<locals>._expiry_job (trigger: interval[0:01:00], next run at: 2026-05-31 18:34:22 +03)" (scheduled at 2026-05-31 18:33:22.178765+03:00)
2026-05-31 18:33:22,773 [ERROR] apscheduler.executors.default - Job "startup.<locals>._expiry_job (trigger: interval[0:01:00], next run at: 2026-05-31 18:34:22 +03)" raised an exception
Traceback (most recent call last):
  File "C:\Users\hp\AppData\Local\Programs\Python\Python314\Lib\site-packages\apscheduler\executors\base.py", line 181, in run_coroutine_job
    retval = await job.func(*job.args, **job.kwargs)
             ^^^^^^^^^^^^^^^^^^^^^^^^^^^^^^^^^^^^^^^
  File "C:\Users\hp\Documents\Coding Projects\SchoolSync - internship\SchoolSync\backend\main.py", line 122, in _expiry_job
    await expire_overdue_assignments(db)
  File "C:\Users\hp\Documents\Coding Projects\SchoolSync - internship\SchoolSync\backend\relief_dispatch.py", line 58, in expire_overdue_assignments
    result = await db.execute(
             ^^^^^^^^^^^^^^^^^
    ...<5 lines>...
    )
    ^
  File "C:\Users\hp\AppData\Local\Programs\Python\Python314\Lib\site-packages\sqlalchemy\ext\asyncio\session.py", line 449, in execute
    result = await greenlet_spawn(
             ^^^^^^^^^^^^^^^^^^^^^
    ...<6 lines>...
    )
    ^
  File "C:\Users\hp\AppData\Local\Programs\Python\Python314\Lib\site-packages\sqlalchemy\util\_concurrency_py3k.py", line 203, in greenlet_spawn
    result = context.switch(value)
  File "C:\Users\hp\AppData\Local\Programs\Python\Python314\Lib\site-packages\sqlalchemy\orm\session.py", line 2351, in execute
    return self._execute_internal(
           ~~~~~~~~~~~~~~~~~~~~~~^
        statement,
        ^^^^^^^^^^
    ...<4 lines>...
        _add_event=_add_event,
        ^^^^^^^^^^^^^^^^^^^^^^
    )
    ^
  File "C:\Users\hp\AppData\Local\Programs\Python\Python314\Lib\site-packages\sqlalchemy\orm\session.py", line 2249, in _execute_internal
    result: Result[Any] = compile_state_cls.orm_execute_statement(
                          ~~~~~~~~~~~~~~~~~~~~~~~~~~~~~~~~~~~~~~~^
        self,
        ^^^^^
    ...<4 lines>...
        conn,
        ^^^^^
    )
    ^
  File "C:\Users\hp\AppData\Local\Programs\Python\Python314\Lib\site-packages\sqlalchemy\orm\context.py", line 306, in orm_execute_statement
    result = conn.execute(
        statement, params or {}, execution_options=execution_options
    )
  File "C:\Users\hp\AppData\Local\Programs\Python\Python314\Lib\site-packages\sqlalchemy\engine\base.py", line 1419, in execute
    return meth(
        self,
        distilled_parameters,
        execution_options or NO_OPTIONS,
    )
  File "C:\Users\hp\AppData\Local\Programs\Python\Python314\Lib\site-packages\sqlalchemy\sql\elements.py", line 527, in _execute_on_connection
    return connection._execute_clauseelement(
           ~~~~~~~~~~~~~~~~~~~~~~~~~~~~~~~~~^
        self, distilled_params, execution_options
        ^^^^^^^^^^^^^^^^^^^^^^^^^^^^^^^^^^^^^^^^^
    )
    ^
  File "C:\Users\hp\AppData\Local\Programs\Python\Python314\Lib\site-packages\sqlalchemy\engine\base.py", line 1633, in _execute_clauseelement
    compiled_sql, extracted_params, cache_hit = elem._compile_w_cache(
                                                ~~~~~~~~~~~~~~~~~~~~~^
        dialect=dialect,
        ^^^^^^^^^^^^^^^^
    ...<4 lines>...
        linting=self.dialect.compiler_linting | compiler.WARN_LINTING,
        ^^^^^^^^^^^^^^^^^^^^^^^^^^^^^^^^^^^^^^^^^^^^^^^^^^^^^^^^^^^^^^
    )
    ^
  File "C:\Users\hp\AppData\Local\Programs\Python\Python314\Lib\site-packages\sqlalchemy\sql\elements.py", line 716, in _compile_w_cache
    compiled_sql = self._compiler(
        dialect,
    ...<4 lines>...
        **kw,
    )
  File "C:\Users\hp\AppData\Local\Programs\Python\Python314\Lib\site-packages\sqlalchemy\sql\elements.py", line 324, in _compiler
    return dialect.statement_compiler(dialect, self, **kw)
           ~~~~~~~~~~~~~~~~~~~~~~~~~~^^^^^^^^^^^^^^^^^^^^^
  File "C:\Users\hp\AppData\Local\Programs\Python\Python314\Lib\site-packages\sqlalchemy\sql\compiler.py", line 1461, in __init__
    Compiled.__init__(self, dialect, statement, **kwargs)
    ~~~~~~~~~~~~~~~~~^^^^^^^^^^^^^^^^^^^^^^^^^^^^^^^^^^^^
  File "C:\Users\hp\AppData\Local\Programs\Python\Python314\Lib\site-packages\sqlalchemy\sql\compiler.py", line 901, in __init__
    self.string = self.process(self.statement, **compile_kwargs)
                  ~~~~~~~~~~~~^^^^^^^^^^^^^^^^^^^^^^^^^^^^^^^^^^
  File "C:\Users\hp\AppData\Local\Programs\Python\Python314\Lib\site-packages\sqlalchemy\sql\compiler.py", line 947, in process
    return obj._compiler_dispatch(self, **kwargs)
           ~~~~~~~~~~~~~~~~~~~~~~^^^^^^^^^^^^^^^^
  File "C:\Users\hp\AppData\Local\Programs\Python\Python314\Lib\site-packages\sqlalchemy\sql\visitors.py", line 138, in _compiler_dispatch
    return meth(self, **kw)  # type: ignore  # noqa: E501
  File "C:\Users\hp\AppData\Local\Programs\Python\Python314\Lib\site-packages\sqlalchemy\sql\compiler.py", line 4809, in visit_select
    compile_state = select_stmt._compile_state_factory(
        select_stmt, self, **kwargs
    )
  File "C:\Users\hp\AppData\Local\Programs\Python\Python314\Lib\site-packages\sqlalchemy\sql\base.py", line 775, in create_for_statement
    return klass.create_for_statement(statement, compiler, **kw)
           ~~~~~~~~~~~~~~~~~~~~~~~~~~^^^^^^^^^^^^^^^^^^^^^^^^^^^
  File "C:\Users\hp\AppData\Local\Programs\Python\Python314\Lib\site-packages\sqlalchemy\orm\context.py", line 447, in create_for_statement
    return cls._create_orm_context(
           ~~~~~~~~~~~~~~~~~~~~~~~^
        cast("Union[Select, FromStatement]", statement),
        ^^^^^^^^^^^^^^^^^^^^^^^^^^^^^^^^^^^^^^^^^^^^^^^^
    ...<2 lines>...
        **kw,
        ^^^^^
    )
    ^
  File "C:\Users\hp\AppData\Local\Programs\Python\Python314\Lib\site-packages\sqlalchemy\orm\context.py", line 1175, in _create_orm_context
    _QueryEntity.to_compile_state(
    ~~~~~~~~~~~~~~~~~~~~~~~~~~~~~^
        self,
        ^^^^^
    ...<2 lines>...
        is_current_entities=True,
        ^^^^^^^^^^^^^^^^^^^^^^^^^
    )
    ^
  File "C:\Users\hp\AppData\Local\Programs\Python\Python314\Lib\site-packages\sqlalchemy\orm\context.py", line 2628, in to_compile_state
    _MapperEntity(
    ~~~~~~~~~~~~~^
        compile_state,
        ^^^^^^^^^^^^^^
    ...<2 lines>...
        is_current_entities,
        ^^^^^^^^^^^^^^^^^^^^
    )
    ^
  File "C:\Users\hp\AppData\Local\Programs\Python\Python314\Lib\site-packages\sqlalchemy\orm\context.py", line 2708, in __init__
    entity._post_inspect
  File "C:\Users\hp\AppData\Local\Programs\Python\Python314\Lib\site-packages\sqlalchemy\util\langhelpers.py", line 1235, in __get__
    obj.__dict__[self.__name__] = result = self.fget(obj)
                                           ~~~~~~~~~^^^^^
  File "C:\Users\hp\AppData\Local\Programs\Python\Python314\Lib\site-packages\sqlalchemy\orm\mapper.py", line 2733, in _post_inspect
    self._check_configure()
    ~~~~~~~~~~~~~~~~~~~~~^^
  File "C:\Users\hp\AppData\Local\Programs\Python\Python314\Lib\site-packages\sqlalchemy\orm\mapper.py", line 2410, in _check_configure
    _configure_registries({self.registry}, cascade=True)
    ~~~~~~~~~~~~~~~~~~~~~^^^^^^^^^^^^^^^^^^^^^^^^^^^^^^^
  File "C:\Users\hp\AppData\Local\Programs\Python\Python314\Lib\site-packages\sqlalchemy\orm\mapper.py", line 4227, in _configure_registries
    _do_configure_registries(registries, cascade)
    ~~~~~~~~~~~~~~~~~~~~~~~~^^^^^^^^^^^^^^^^^^^^^
  File "C:\Users\hp\AppData\Local\Programs\Python\Python314\Lib\site-packages\sqlalchemy\orm\mapper.py", line 4264, in _do_configure_registries
    raise e
sqlalchemy.exc.InvalidRequestError: One or more mappers failed to initialize - can't proceed with initialization of other mappers. Triggering mapper: 'Mapper[Subject(subjects)]'. Original exception was: Mapper 'Mapper[Department(departments)]' has no property 'subjects'.  If this property was indicated from other mappers or configure events, ensure registry.configure() has been called.
2026-05-31 18:33:40,260 [INFO] apscheduler.scheduler - Scheduler has been shut down
2026-05-31 18:33:42,780 [INFO] apscheduler.scheduler - Adding job tentatively -- it will be properly scheduled when the scheduler starts
2026-05-31 18:33:42,781 [INFO] apscheduler.scheduler - Added job "startup.<locals>._expiry_job" to job store "default"
2026-05-31 18:33:42,781 [INFO] apscheduler.scheduler - Scheduler started
2026-05-31 18:33:55,489 [INFO] backend.auth - User TCH001 (UserRole.TEACHER) authenticated successfully.
2026-05-31 18:33:56,935 [INFO] backend.auth - User TCH001 (UserRole.TEACHER) authenticated successfully.
2026-05-31 18:33:59,168 [INFO] backend.auth - User TCH001 (UserRole.TEACHER) authenticated successfully.
2026-05-31 18:34:42,784 [INFO] apscheduler.executors.default - Running job "startup.<locals>._expiry_job (trigger: interval[0:01:00], next run at: 2026-05-31 18:35:42 +03)" (scheduled at 2026-05-31 18:34:42.780575+03:00)
2026-05-31 18:34:45,319 [INFO] apscheduler.executors.default - Job "startup.<locals>._expiry_job (trigger: interval[0:01:00], next run at: 2026-05-31 18:35:42 +03)" executed successfully
2026-05-31 18:35:42,791 [INFO] apscheduler.executors.default - Running job "startup.<locals>._expiry_job (trigger: interval[0:01:00], next run at: 2026-05-31 18:36:42 +03)" (scheduled at 2026-05-31 18:35:42.780575+03:00)
2026-05-31 18:35:45,864 [INFO] apscheduler.executors.default - Job "startup.<locals>._expiry_job (trigger: interval[0:01:00], next run at: 2026-05-31 18:36:42 +03)" executed successfully
2026-05-31 18:36:13,741 [INFO] backend.auth - User TCH001 (UserRole.TEACHER) authenticated successfully.
2026-05-31 18:36:13,742 [INFO] backend.auth - User TCH001 (UserRole.TEACHER) authenticated successfully.
2026-05-31 18:36:15,995 [INFO] backend.auth - User TCH001 (UserRole.TEACHER) authenticated successfully.
2026-05-31 18:36:19,344 [INFO] backend.auth - User TCH001 (UserRole.TEACHER) authenticated successfully.
2026-05-31 18:36:21,124 [INFO] backend.auth - User TCH001 (UserRole.TEACHER) authenticated successfully.
2026-05-31 18:36:21,778 [INFO] backend.auth - User TCH001 (UserRole.TEACHER) authenticated successfully.
2026-05-31 18:36:23,778 [INFO] backend.auth - User TCH001 (UserRole.TEACHER) authenticated successfully.
2026-05-31 18:36:23,982 [INFO] backend.auth - User TCH001 (UserRole.TEACHER) authenticated successfully.
2026-05-31 18:36:35,348 [INFO] backend.auth - User TCH001 (UserRole.TEACHER) authenticated successfully.
2026-05-31 18:36:35,352 [INFO] backend.auth - User TCH001 (UserRole.TEACHER) authenticated successfully.
2026-05-31 18:36:37,501 [INFO] backend.auth - User TCH001 (UserRole.TEACHER) authenticated successfully.
2026-05-31 18:36:42,794 [INFO] apscheduler.executors.default - Running job "startup.<locals>._expiry_job (trigger: interval[0:01:00], next run at: 2026-05-31 18:37:42 +03)" (scheduled at 2026-05-31 18:36:42.780575+03:00)
2026-05-31 18:36:44,668 [INFO] apscheduler.executors.default - Job "startup.<locals>._expiry_job (trigger: interval[0:01:00], next run at: 2026-05-31 18:37:42 +03)" executed successfully
2026-05-31 18:37:42,787 [INFO] apscheduler.executors.default - Running job "startup.<locals>._expiry_job (trigger: interval[0:01:00], next run at: 2026-05-31 18:38:42 +03)" (scheduled at 2026-05-31 18:37:42.780575+03:00)
2026-05-31 18:37:49,182 [INFO] apscheduler.executors.default - Job "startup.<locals>._expiry_job (trigger: interval[0:01:00], next run at: 2026-05-31 18:38:42 +03)" executed successfully
2026-05-31 18:38:42,784 [INFO] apscheduler.executors.default - Running job "startup.<locals>._expiry_job (trigger: interval[0:01:00], next run at: 2026-05-31 18:39:42 +03)" (scheduled at 2026-05-31 18:38:42.780575+03:00)
2026-05-31 18:38:44,579 [INFO] apscheduler.executors.default - Job "startup.<locals>._expiry_job (trigger: interval[0:01:00], next run at: 2026-05-31 18:39:42 +03)" executed successfully
2026-05-31 18:39:35,892 [INFO] backend.auth - User TCH001 (UserRole.TEACHER) authenticated successfully.
2026-05-31 18:39:35,892 [INFO] backend.auth - User TCH001 (UserRole.TEACHER) authenticated successfully.
2026-05-31 18:39:40,675 [INFO] backend.auth - User TCH001 (UserRole.TEACHER) authenticated successfully.
2026-05-31 18:39:42,789 [INFO] apscheduler.executors.default - Running job "startup.<locals>._expiry_job (trigger: interval[0:01:00], next run at: 2026-05-31 18:40:42 +03)" (scheduled at 2026-05-31 18:39:42.780575+03:00)
2026-05-31 18:39:45,323 [INFO] apscheduler.executors.default - Job "startup.<locals>._expiry_job (trigger: interval[0:01:00], next run at: 2026-05-31 18:40:42 +03)" executed successfully
2026-05-31 18:40:42,794 [INFO] apscheduler.executors.default - Running job "startup.<locals>._expiry_job (trigger: interval[0:01:00], next run at: 2026-05-31 18:41:42 +03)" (scheduled at 2026-05-31 18:40:42.780575+03:00)
2026-05-31 18:40:47,256 [INFO] apscheduler.executors.default - Job "startup.<locals>._expiry_job (trigger: interval[0:01:00], next run at: 2026-05-31 18:41:42 +03)" executed successfully
2026-05-31 18:41:42,793 [INFO] apscheduler.executors.default - Running job "startup.<locals>._expiry_job (trigger: interval[0:01:00], next run at: 2026-05-31 18:42:42 +03)" (scheduled at 2026-05-31 18:41:42.780575+03:00)
2026-05-31 18:41:45,520 [INFO] apscheduler.executors.default - Job "startup.<locals>._expiry_job (trigger: interval[0:01:00], next run at: 2026-05-31 18:42:42 +03)" executed successfully
2026-05-31 18:42:42,790 [INFO] apscheduler.executors.default - Running job "startup.<locals>._expiry_job (trigger: interval[0:01:00], next run at: 2026-05-31 18:43:42 +03)" (scheduled at 2026-05-31 18:42:42.780575+03:00)
2026-05-31 18:42:44,707 [INFO] apscheduler.executors.default - Job "startup.<locals>._expiry_job (trigger: interval[0:01:00], next run at: 2026-05-31 18:43:42 +03)" executed successfully
2026-05-31 18:43:42,791 [INFO] apscheduler.executors.default - Running job "startup.<locals>._expiry_job (trigger: interval[0:01:00], next run at: 2026-05-31 18:44:42 +03)" (scheduled at 2026-05-31 18:43:42.780575+03:00)
2026-05-31 18:43:44,613 [INFO] apscheduler.executors.default - Job "startup.<locals>._expiry_job (trigger: interval[0:01:00], next run at: 2026-05-31 18:44:42 +03)" executed successfully
2026-05-31 18:43:57,681 [INFO] apscheduler.scheduler - Scheduler has been shut down
2026-05-31 19:01:24,246 [INFO] apscheduler.scheduler - Adding job tentatively -- it will be properly scheduled when the scheduler starts
2026-05-31 19:01:24,246 [INFO] apscheduler.scheduler - Added job "startup.<locals>._expiry_job" to job store "default"
2026-05-31 19:01:24,247 [INFO] apscheduler.scheduler - Scheduler started
2026-05-31 19:01:31,563 [WARNING] backend.auth - Invalid or expired JWT token received.
2026-05-31 19:01:31,567 [WARNING] backend.auth - Invalid or expired JWT token received.
2026-05-31 19:01:31,575 [WARNING] backend.auth - Invalid or expired JWT token received.
2026-05-31 19:01:31,582 [WARNING] backend.auth - Invalid or expired JWT token received.
2026-05-31 19:01:34,911 [WARNING] backend.auth - Invalid or expired JWT token received.
2026-05-31 19:01:35,545 [WARNING] backend.auth - Invalid or expired JWT token received.
2026-05-31 19:01:36,130 [WARNING] backend.auth - Invalid or expired JWT token received.
2026-05-31 19:02:24,248 [INFO] apscheduler.executors.default - Running job "startup.<locals>._expiry_job (trigger: interval[0:01:00], next run at: 2026-05-31 19:03:24 +03)" (scheduled at 2026-05-31 19:02:24.245998+03:00)
2026-05-31 19:02:28,574 [INFO] apscheduler.executors.default - Job "startup.<locals>._expiry_job (trigger: interval[0:01:00], next run at: 2026-05-31 19:03:24 +03)" executed successfully
2026-05-31 19:03:21,050 [WARNING] backend.auth - Invalid or expired JWT token received.
2026-05-31 19:03:21,052 [WARNING] backend.auth - Invalid or expired JWT token received.
2026-05-31 19:03:21,054 [WARNING] backend.auth - Invalid or expired JWT token received.
2026-05-31 19:03:21,065 [WARNING] backend.auth - Invalid or expired JWT token received.
2026-05-31 19:03:24,255 [INFO] apscheduler.executors.default - Running job "startup.<locals>._expiry_job (trigger: interval[0:01:00], next run at: 2026-05-31 19:04:24 +03)" (scheduled at 2026-05-31 19:03:24.245998+03:00)
2026-05-31 19:03:25,524 [INFO] apscheduler.executors.default - Job "startup.<locals>._expiry_job (trigger: interval[0:01:00], next run at: 2026-05-31 19:04:24 +03)" executed successfully
2026-05-31 19:04:24,256 [INFO] apscheduler.executors.default - Running job "startup.<locals>._expiry_job (trigger: interval[0:01:00], next run at: 2026-05-31 19:05:24 +03)" (scheduled at 2026-05-31 19:04:24.245998+03:00)
2026-05-31 19:04:25,557 [INFO] apscheduler.executors.default - Job "startup.<locals>._expiry_job (trigger: interval[0:01:00], next run at: 2026-05-31 19:05:24 +03)" executed successfully
2026-05-31 19:05:24,256 [INFO] apscheduler.executors.default - Running job "startup.<locals>._expiry_job (trigger: interval[0:01:00], next run at: 2026-05-31 19:06:24 +03)" (scheduled at 2026-05-31 19:05:24.245998+03:00)
2026-05-31 19:05:25,511 [INFO] apscheduler.executors.default - Job "startup.<locals>._expiry_job (trigger: interval[0:01:00], next run at: 2026-05-31 19:06:24 +03)" executed successfully
2026-05-31 19:06:24,255 [INFO] apscheduler.executors.default - Running job "startup.<locals>._expiry_job (trigger: interval[0:01:00], next run at: 2026-05-31 19:07:24 +03)" (scheduled at 2026-05-31 19:06:24.245998+03:00)
2026-05-31 19:06:25,573 [INFO] apscheduler.executors.default - Job "startup.<locals>._expiry_job (trigger: interval[0:01:00], next run at: 2026-05-31 19:07:24 +03)" executed successfully
2026-05-31 19:07:24,255 [INFO] apscheduler.executors.default - Running job "startup.<locals>._expiry_job (trigger: interval[0:01:00], next run at: 2026-05-31 19:08:24 +03)" (scheduled at 2026-05-31 19:07:24.245998+03:00)
2026-05-31 19:07:28,386 [INFO] apscheduler.executors.default - Job "startup.<locals>._expiry_job (trigger: interval[0:01:00], next run at: 2026-05-31 19:08:24 +03)" executed successfully
2026-05-31 19:08:24,250 [INFO] apscheduler.executors.default - Running job "startup.<locals>._expiry_job (trigger: interval[0:01:00], next run at: 2026-05-31 19:09:24 +03)" (scheduled at 2026-05-31 19:08:24.245998+03:00)
2026-05-31 19:08:25,524 [INFO] apscheduler.executors.default - Job "startup.<locals>._expiry_job (trigger: interval[0:01:00], next run at: 2026-05-31 19:09:24 +03)" executed successfully
2026-05-31 19:09:24,257 [INFO] apscheduler.executors.default - Running job "startup.<locals>._expiry_job (trigger: interval[0:01:00], next run at: 2026-05-31 19:10:24 +03)" (scheduled at 2026-05-31 19:09:24.245998+03:00)
2026-05-31 19:09:25,508 [INFO] apscheduler.executors.default - Job "startup.<locals>._expiry_job (trigger: interval[0:01:00], next run at: 2026-05-31 19:10:24 +03)" executed successfully
2026-05-31 19:10:24,252 [INFO] apscheduler.executors.default - Running job "startup.<locals>._expiry_job (trigger: interval[0:01:00], next run at: 2026-05-31 19:11:24 +03)" (scheduled at 2026-05-31 19:10:24.245998+03:00)
2026-05-31 19:10:25,513 [INFO] apscheduler.executors.default - Job "startup.<locals>._expiry_job (trigger: interval[0:01:00], next run at: 2026-05-31 19:11:24 +03)" executed successfully
2026-05-31 19:11:24,257 [INFO] apscheduler.executors.default - Running job "startup.<locals>._expiry_job (trigger: interval[0:01:00], next run at: 2026-05-31 19:12:24 +03)" (scheduled at 2026-05-31 19:11:24.245998+03:00)
2026-05-31 19:11:25,633 [INFO] apscheduler.executors.default - Job "startup.<locals>._expiry_job (trigger: interval[0:01:00], next run at: 2026-05-31 19:12:24 +03)" executed successfully
2026-05-31 19:12:24,262 [INFO] apscheduler.executors.default - Running job "startup.<locals>._expiry_job (trigger: interval[0:01:00], next run at: 2026-05-31 19:13:24 +03)" (scheduled at 2026-05-31 19:12:24.245998+03:00)
2026-05-31 19:12:25,600 [INFO] apscheduler.executors.default - Job "startup.<locals>._expiry_job (trigger: interval[0:01:00], next run at: 2026-05-31 19:13:24 +03)" executed successfully
2026-05-31 19:13:24,260 [INFO] apscheduler.executors.default - Running job "startup.<locals>._expiry_job (trigger: interval[0:01:00], next run at: 2026-05-31 19:14:24 +03)" (scheduled at 2026-05-31 19:13:24.245998+03:00)
2026-05-31 19:13:40,497 [INFO] apscheduler.executors.default - Job "startup.<locals>._expiry_job (trigger: interval[0:01:00], next run at: 2026-05-31 19:14:24 +03)" executed successfully
2026-05-31 19:14:24,250 [INFO] apscheduler.executors.default - Running job "startup.<locals>._expiry_job (trigger: interval[0:01:00], next run at: 2026-05-31 19:15:24 +03)" (scheduled at 2026-05-31 19:14:24.245998+03:00)
2026-05-31 19:14:25,565 [INFO] apscheduler.executors.default - Job "startup.<locals>._expiry_job (trigger: interval[0:01:00], next run at: 2026-05-31 19:15:24 +03)" executed successfully
2026-05-31 19:15:24,252 [INFO] apscheduler.executors.default - Running job "startup.<locals>._expiry_job (trigger: interval[0:01:00], next run at: 2026-05-31 19:16:24 +03)" (scheduled at 2026-05-31 19:15:24.245998+03:00)
2026-05-31 19:15:25,640 [INFO] apscheduler.executors.default - Job "startup.<locals>._expiry_job (trigger: interval[0:01:00], next run at: 2026-05-31 19:16:24 +03)" executed successfully
2026-05-31 19:16:24,251 [INFO] apscheduler.executors.default - Running job "startup.<locals>._expiry_job (trigger: interval[0:01:00], next run at: 2026-05-31 19:17:24 +03)" (scheduled at 2026-05-31 19:16:24.245998+03:00)
2026-05-31 19:16:25,501 [INFO] apscheduler.executors.default - Job "startup.<locals>._expiry_job (trigger: interval[0:01:00], next run at: 2026-05-31 19:17:24 +03)" executed successfully
2026-05-31 19:17:24,258 [INFO] apscheduler.executors.default - Running job "startup.<locals>._expiry_job (trigger: interval[0:01:00], next run at: 2026-05-31 19:18:24 +03)" (scheduled at 2026-05-31 19:17:24.245998+03:00)
2026-05-31 19:17:25,712 [INFO] apscheduler.executors.default - Job "startup.<locals>._expiry_job (trigger: interval[0:01:00], next run at: 2026-05-31 19:18:24 +03)" executed successfully
2026-05-31 19:18:24,260 [INFO] apscheduler.executors.default - Running job "startup.<locals>._expiry_job (trigger: interval[0:01:00], next run at: 2026-05-31 19:19:24 +03)" (scheduled at 2026-05-31 19:18:24.245998+03:00)
2026-05-31 19:18:25,563 [INFO] apscheduler.executors.default - Job "startup.<locals>._expiry_job (trigger: interval[0:01:00], next run at: 2026-05-31 19:19:24 +03)" executed successfully
2026-05-31 19:19:24,258 [INFO] apscheduler.executors.default - Running job "startup.<locals>._expiry_job (trigger: interval[0:01:00], next run at: 2026-05-31 19:20:24 +03)" (scheduled at 2026-05-31 19:19:24.245998+03:00)
2026-05-31 19:19:26,674 [INFO] apscheduler.executors.default - Job "startup.<locals>._expiry_job (trigger: interval[0:01:00], next run at: 2026-05-31 19:20:24 +03)" executed successfully
2026-05-31 19:20:24,256 [INFO] apscheduler.executors.default - Running job "startup.<locals>._expiry_job (trigger: interval[0:01:00], next run at: 2026-05-31 19:21:24 +03)" (scheduled at 2026-05-31 19:20:24.245998+03:00)
2026-05-31 19:20:25,604 [INFO] apscheduler.executors.default - Job "startup.<locals>._expiry_job (trigger: interval[0:01:00], next run at: 2026-05-31 19:21:24 +03)" executed successfully
2026-05-31 19:21:24,261 [INFO] apscheduler.executors.default - Running job "startup.<locals>._expiry_job (trigger: interval[0:01:00], next run at: 2026-05-31 19:22:24 +03)" (scheduled at 2026-05-31 19:21:24.245998+03:00)
2026-05-31 19:21:25,529 [INFO] apscheduler.executors.default - Job "startup.<locals>._expiry_job (trigger: interval[0:01:00], next run at: 2026-05-31 19:22:24 +03)" executed successfully
2026-05-31 19:22:24,258 [INFO] apscheduler.executors.default - Running job "startup.<locals>._expiry_job (trigger: interval[0:01:00], next run at: 2026-05-31 19:23:24 +03)" (scheduled at 2026-05-31 19:22:24.245998+03:00)
2026-05-31 19:22:25,511 [INFO] apscheduler.executors.default - Job "startup.<locals>._expiry_job (trigger: interval[0:01:00], next run at: 2026-05-31 19:23:24 +03)" executed successfully
2026-05-31 19:23:24,258 [INFO] apscheduler.executors.default - Running job "startup.<locals>._expiry_job (trigger: interval[0:01:00], next run at: 2026-05-31 19:24:24 +03)" (scheduled at 2026-05-31 19:23:24.245998+03:00)
2026-05-31 19:23:25,803 [INFO] apscheduler.executors.default - Job "startup.<locals>._expiry_job (trigger: interval[0:01:00], next run at: 2026-05-31 19:24:24 +03)" executed successfully
2026-05-31 19:24:24,248 [INFO] apscheduler.executors.default - Running job "startup.<locals>._expiry_job (trigger: interval[0:01:00], next run at: 2026-05-31 19:25:24 +03)" (scheduled at 2026-05-31 19:24:24.245998+03:00)
2026-05-31 19:24:25,496 [INFO] apscheduler.executors.default - Job "startup.<locals>._expiry_job (trigger: interval[0:01:00], next run at: 2026-05-31 19:25:24 +03)" executed successfully
2026-05-31 19:25:24,257 [INFO] apscheduler.executors.default - Running job "startup.<locals>._expiry_job (trigger: interval[0:01:00], next run at: 2026-05-31 19:26:24 +03)" (scheduled at 2026-05-31 19:25:24.245998+03:00)
2026-05-31 19:25:27,018 [INFO] apscheduler.executors.default - Job "startup.<locals>._expiry_job (trigger: interval[0:01:00], next run at: 2026-05-31 19:26:24 +03)" executed successfully
2026-05-31 19:25:54,042 [WARNING] backend.auth - Invalid or expired JWT token received.
2026-05-31 19:25:54,043 [WARNING] backend.auth - Invalid or expired JWT token received.
2026-05-31 19:25:54,045 [WARNING] backend.auth - Invalid or expired JWT token received.
2026-05-31 19:25:54,046 [WARNING] backend.auth - Invalid or expired JWT token received.
2026-05-31 19:27:19,629 [WARNING] apscheduler.executors.default - Run time of job "startup.<locals>._expiry_job (trigger: interval[0:01:00], next run at: 2026-05-31 19:27:24 +03)" was missed by 0:00:55.383018
2026-05-31 19:27:20,825 [WARNING] backend.auth - Invalid or expired JWT token received.
2026-05-31 19:27:20,826 [WARNING] backend.auth - Invalid or expired JWT token received.
2026-05-31 19:27:20,826 [WARNING] backend.auth - Invalid or expired JWT token received.
2026-05-31 19:27:20,829 [WARNING] backend.auth - Invalid or expired JWT token received.
2026-05-31 19:27:24,249 [INFO] apscheduler.executors.default - Running job "startup.<locals>._expiry_job (trigger: interval[0:01:00], next run at: 2026-05-31 19:28:24 +03)" (scheduled at 2026-05-31 19:27:24.245998+03:00)
2026-05-31 19:27:25,538 [INFO] apscheduler.executors.default - Job "startup.<locals>._expiry_job (trigger: interval[0:01:00], next run at: 2026-05-31 19:28:24 +03)" executed successfully
2026-05-31 19:28:24,252 [INFO] apscheduler.executors.default - Running job "startup.<locals>._expiry_job (trigger: interval[0:01:00], next run at: 2026-05-31 19:29:24 +03)" (scheduled at 2026-05-31 19:28:24.245998+03:00)
2026-05-31 19:28:25,825 [INFO] apscheduler.executors.default - Job "startup.<locals>._expiry_job (trigger: interval[0:01:00], next run at: 2026-05-31 19:29:24 +03)" executed successfully
2026-05-31 19:29:24,254 [INFO] apscheduler.executors.default - Running job "startup.<locals>._expiry_job (trigger: interval[0:01:00], next run at: 2026-05-31 19:30:24 +03)" (scheduled at 2026-05-31 19:29:24.245998+03:00)
2026-05-31 19:29:25,807 [INFO] apscheduler.executors.default - Job "startup.<locals>._expiry_job (trigger: interval[0:01:00], next run at: 2026-05-31 19:30:24 +03)" executed successfully
2026-05-31 19:30:24,250 [INFO] apscheduler.executors.default - Running job "startup.<locals>._expiry_job (trigger: interval[0:01:00], next run at: 2026-05-31 19:31:24 +03)" (scheduled at 2026-05-31 19:30:24.245998+03:00)
2026-05-31 19:30:25,669 [INFO] apscheduler.executors.default - Job "startup.<locals>._expiry_job (trigger: interval[0:01:00], next run at: 2026-05-31 19:31:24 +03)" executed successfully
2026-05-31 19:31:24,249 [INFO] apscheduler.executors.default - Running job "startup.<locals>._expiry_job (trigger: interval[0:01:00], next run at: 2026-05-31 19:32:24 +03)" (scheduled at 2026-05-31 19:31:24.245998+03:00)
2026-05-31 19:31:26,993 [INFO] apscheduler.executors.default - Job "startup.<locals>._expiry_job (trigger: interval[0:01:00], next run at: 2026-05-31 19:32:24 +03)" executed successfully
2026-05-31 19:32:24,260 [INFO] apscheduler.executors.default - Running job "startup.<locals>._expiry_job (trigger: interval[0:01:00], next run at: 2026-05-31 19:33:24 +03)" (scheduled at 2026-05-31 19:32:24.245998+03:00)
2026-05-31 19:32:25,563 [INFO] apscheduler.executors.default - Job "startup.<locals>._expiry_job (trigger: interval[0:01:00], next run at: 2026-05-31 19:33:24 +03)" executed successfully
2026-05-31 19:33:24,259 [INFO] apscheduler.executors.default - Running job "startup.<locals>._expiry_job (trigger: interval[0:01:00], next run at: 2026-05-31 19:34:24 +03)" (scheduled at 2026-05-31 19:33:24.245998+03:00)
2026-05-31 19:33:25,647 [INFO] apscheduler.executors.default - Job "startup.<locals>._expiry_job (trigger: interval[0:01:00], next run at: 2026-05-31 19:34:24 +03)" executed successfully
2026-05-31 19:34:24,248 [INFO] apscheduler.executors.default - Running job "startup.<locals>._expiry_job (trigger: interval[0:01:00], next run at: 2026-05-31 19:35:24 +03)" (scheduled at 2026-05-31 19:34:24.245998+03:00)
2026-05-31 19:34:25,553 [INFO] apscheduler.executors.default - Job "startup.<locals>._expiry_job (trigger: interval[0:01:00], next run at: 2026-05-31 19:35:24 +03)" executed successfully
2026-05-31 19:35:24,260 [INFO] apscheduler.executors.default - Running job "startup.<locals>._expiry_job (trigger: interval[0:01:00], next run at: 2026-05-31 19:36:24 +03)" (scheduled at 2026-05-31 19:35:24.245998+03:00)
2026-05-31 19:35:25,591 [INFO] apscheduler.executors.default - Job "startup.<locals>._expiry_job (trigger: interval[0:01:00], next run at: 2026-05-31 19:36:24 +03)" executed successfully
2026-05-31 19:36:24,253 [INFO] apscheduler.executors.default - Running job "startup.<locals>._expiry_job (trigger: interval[0:01:00], next run at: 2026-05-31 19:37:24 +03)" (scheduled at 2026-05-31 19:36:24.245998+03:00)
2026-05-31 19:36:25,551 [INFO] apscheduler.executors.default - Job "startup.<locals>._expiry_job (trigger: interval[0:01:00], next run at: 2026-05-31 19:37:24 +03)" executed successfully
2026-05-31 19:37:24,251 [INFO] apscheduler.executors.default - Running job "startup.<locals>._expiry_job (trigger: interval[0:01:00], next run at: 2026-05-31 19:38:24 +03)" (scheduled at 2026-05-31 19:37:24.245998+03:00)
2026-05-31 19:37:26,594 [INFO] apscheduler.executors.default - Job "startup.<locals>._expiry_job (trigger: interval[0:01:00], next run at: 2026-05-31 19:38:24 +03)" executed successfully
2026-05-31 19:38:19,034 [WARNING] backend.auth - Invalid or expired JWT token received.
2026-05-31 19:38:19,036 [WARNING] backend.auth - Invalid or expired JWT token received.
2026-05-31 19:38:19,037 [WARNING] backend.auth - Invalid or expired JWT token received.
2026-05-31 19:38:19,047 [WARNING] backend.auth - Invalid or expired JWT token received.
2026-05-31 19:38:24,249 [INFO] apscheduler.executors.default - Running job "startup.<locals>._expiry_job (trigger: interval[0:01:00], next run at: 2026-05-31 19:39:24 +03)" (scheduled at 2026-05-31 19:38:24.245998+03:00)
2026-05-31 19:38:25,459 [INFO] apscheduler.executors.default - Job "startup.<locals>._expiry_job (trigger: interval[0:01:00], next run at: 2026-05-31 19:39:24 +03)" executed successfully
2026-05-31 19:39:24,251 [INFO] apscheduler.executors.default - Running job "startup.<locals>._expiry_job (trigger: interval[0:01:00], next run at: 2026-05-31 19:40:24 +03)" (scheduled at 2026-05-31 19:39:24.245998+03:00)
2026-05-31 19:39:25,541 [INFO] apscheduler.executors.default - Job "startup.<locals>._expiry_job (trigger: interval[0:01:00], next run at: 2026-05-31 19:40:24 +03)" executed successfully
2026-05-31 19:40:08,574 [INFO] apscheduler.scheduler - Scheduler has been shut down
2026-05-31 19:40:10,761 [INFO] apscheduler.scheduler - Adding job tentatively -- it will be properly scheduled when the scheduler starts
2026-05-31 19:40:10,762 [INFO] apscheduler.scheduler - Added job "startup.<locals>._expiry_job" to job store "default"
2026-05-31 19:40:10,762 [INFO] apscheduler.scheduler - Scheduler started
2026-05-31 19:40:10,873 [INFO] apscheduler.scheduler - Scheduler has been shut down
2026-05-31 19:40:12,988 [INFO] apscheduler.scheduler - Adding job tentatively -- it will be properly scheduled when the scheduler starts
2026-05-31 19:40:12,989 [INFO] apscheduler.scheduler - Added job "startup.<locals>._expiry_job" to job store "default"
2026-05-31 19:40:12,989 [INFO] apscheduler.scheduler - Scheduler started
2026-05-31 19:40:12,997 [WARNING] backend.auth - Invalid or expired JWT token received.
2026-05-31 19:40:12,998 [WARNING] backend.auth - Invalid or expired JWT token received.
2026-05-31 19:40:13,000 [WARNING] backend.auth - Invalid or expired JWT token received.
2026-05-31 19:40:13,001 [WARNING] backend.auth - Invalid or expired JWT token received.
2026-05-31 19:40:13,001 [WARNING] backend.auth - Invalid or expired JWT token received.
2026-05-31 19:40:13,002 [WARNING] backend.auth - Invalid or expired JWT token received.
2026-05-31 19:40:13,006 [WARNING] backend.auth - Invalid or expired JWT token received.
2026-05-31 19:41:12,989 [INFO] apscheduler.executors.default - Running job "startup.<locals>._expiry_job (trigger: interval[0:01:00], next run at: 2026-05-31 19:42:12 +03)" (scheduled at 2026-05-31 19:41:12.987983+03:00)
2026-05-31 19:41:18,559 [INFO] apscheduler.executors.default - Job "startup.<locals>._expiry_job (trigger: interval[0:01:00], next run at: 2026-05-31 19:42:12 +03)" executed successfully
2026-05-31 19:41:37,005 [INFO] apscheduler.scheduler - Scheduler has been shut down
2026-05-31 19:41:45,062 [INFO] apscheduler.scheduler - Adding job tentatively -- it will be properly scheduled when the scheduler starts
2026-05-31 19:41:45,063 [INFO] apscheduler.scheduler - Added job "startup.<locals>._expiry_job" to job store "default"
2026-05-31 19:41:45,063 [INFO] apscheduler.scheduler - Scheduler started
2026-05-31 19:41:50,146 [WARNING] backend.auth - Invalid or expired JWT token received.
2026-05-31 19:41:50,150 [WARNING] backend.auth - Invalid or expired JWT token received.
2026-05-31 19:41:50,156 [WARNING] backend.auth - Invalid or expired JWT token received.
2026-05-31 19:41:50,163 [WARNING] backend.auth - Invalid or expired JWT token received.
2026-05-31 19:42:45,074 [INFO] apscheduler.executors.default - Running job "startup.<locals>._expiry_job (trigger: interval[0:01:00], next run at: 2026-05-31 19:43:45 +03)" (scheduled at 2026-05-31 19:42:45.061992+03:00)
2026-05-31 19:42:50,429 [INFO] apscheduler.executors.default - Job "startup.<locals>._expiry_job (trigger: interval[0:01:00], next run at: 2026-05-31 19:43:45 +03)" executed successfully
2026-05-31 19:43:45,073 [INFO] apscheduler.executors.default - Running job "startup.<locals>._expiry_job (trigger: interval[0:01:00], next run at: 2026-05-31 19:44:45 +03)" (scheduled at 2026-05-31 19:43:45.061992+03:00)
2026-05-31 19:43:49,784 [INFO] apscheduler.executors.default - Job "startup.<locals>._expiry_job (trigger: interval[0:01:00], next run at: 2026-05-31 19:44:45 +03)" executed successfully
2026-05-31 19:44:45,073 [INFO] apscheduler.executors.default - Running job "startup.<locals>._expiry_job (trigger: interval[0:01:00], next run at: 2026-05-31 19:45:45 +03)" (scheduled at 2026-05-31 19:44:45.061992+03:00)
2026-05-31 19:44:46,357 [INFO] apscheduler.executors.default - Job "startup.<locals>._expiry_job (trigger: interval[0:01:00], next run at: 2026-05-31 19:45:45 +03)" executed successfully
2026-05-31 19:45:45,074 [INFO] apscheduler.executors.default - Running job "startup.<locals>._expiry_job (trigger: interval[0:01:00], next run at: 2026-05-31 19:46:45 +03)" (scheduled at 2026-05-31 19:45:45.061992+03:00)
2026-05-31 19:45:46,352 [INFO] apscheduler.executors.default - Job "startup.<locals>._expiry_job (trigger: interval[0:01:00], next run at: 2026-05-31 19:46:45 +03)" executed successfully
2026-05-31 19:46:45,067 [INFO] apscheduler.executors.default - Running job "startup.<locals>._expiry_job (trigger: interval[0:01:00], next run at: 2026-05-31 19:47:45 +03)" (scheduled at 2026-05-31 19:46:45.061992+03:00)
2026-05-31 19:46:46,316 [INFO] apscheduler.executors.default - Job "startup.<locals>._expiry_job (trigger: interval[0:01:00], next run at: 2026-05-31 19:47:45 +03)" executed successfully
2026-05-31 19:47:45,069 [INFO] apscheduler.executors.default - Running job "startup.<locals>._expiry_job (trigger: interval[0:01:00], next run at: 2026-05-31 19:48:45 +03)" (scheduled at 2026-05-31 19:47:45.061992+03:00)
2026-05-31 19:47:46,284 [INFO] apscheduler.executors.default - Job "startup.<locals>._expiry_job (trigger: interval[0:01:00], next run at: 2026-05-31 19:48:45 +03)" executed successfully
2026-05-31 19:47:50,971 [WARNING] backend.auth - Invalid or expired JWT token received.
2026-05-31 19:47:50,972 [WARNING] backend.auth - Invalid or expired JWT token received.
2026-05-31 19:47:50,973 [WARNING] backend.auth - Invalid or expired JWT token received.
2026-05-31 19:47:50,984 [WARNING] backend.auth - Invalid or expired JWT token received.
2026-05-31 19:48:45,076 [INFO] apscheduler.executors.default - Running job "startup.<locals>._expiry_job (trigger: interval[0:01:00], next run at: 2026-05-31 19:49:45 +03)" (scheduled at 2026-05-31 19:48:45.061992+03:00)
2026-05-31 19:48:47,475 [INFO] apscheduler.executors.default - Job "startup.<locals>._expiry_job (trigger: interval[0:01:00], next run at: 2026-05-31 19:49:45 +03)" executed successfully
2026-05-31 19:49:45,070 [INFO] apscheduler.executors.default - Running job "startup.<locals>._expiry_job (trigger: interval[0:01:00], next run at: 2026-05-31 19:50:45 +03)" (scheduled at 2026-05-31 19:49:45.061992+03:00)
2026-05-31 19:49:46,389 [INFO] apscheduler.executors.default - Job "startup.<locals>._expiry_job (trigger: interval[0:01:00], next run at: 2026-05-31 19:50:45 +03)" executed successfully
2026-05-31 19:50:45,069 [INFO] apscheduler.executors.default - Running job "startup.<locals>._expiry_job (trigger: interval[0:01:00], next run at: 2026-05-31 19:51:45 +03)" (scheduled at 2026-05-31 19:50:45.061992+03:00)
2026-05-31 19:50:46,415 [INFO] apscheduler.executors.default - Job "startup.<locals>._expiry_job (trigger: interval[0:01:00], next run at: 2026-05-31 19:51:45 +03)" executed successfully
2026-05-31 19:51:45,078 [INFO] apscheduler.executors.default - Running job "startup.<locals>._expiry_job (trigger: interval[0:01:00], next run at: 2026-05-31 19:52:45 +03)" (scheduled at 2026-05-31 19:51:45.061992+03:00)
2026-05-31 19:51:46,629 [INFO] apscheduler.executors.default - Job "startup.<locals>._expiry_job (trigger: interval[0:01:00], next run at: 2026-05-31 19:52:45 +03)" executed successfully
2026-05-31 19:52:45,064 [INFO] apscheduler.executors.default - Running job "startup.<locals>._expiry_job (trigger: interval[0:01:00], next run at: 2026-05-31 19:53:45 +03)" (scheduled at 2026-05-31 19:52:45.061992+03:00)
2026-05-31 19:52:46,373 [INFO] apscheduler.executors.default - Job "startup.<locals>._expiry_job (trigger: interval[0:01:00], next run at: 2026-05-31 19:53:45 +03)" executed successfully
2026-05-31 19:53:45,065 [INFO] apscheduler.executors.default - Running job "startup.<locals>._expiry_job (trigger: interval[0:01:00], next run at: 2026-05-31 19:54:45 +03)" (scheduled at 2026-05-31 19:53:45.061992+03:00)
2026-05-31 19:53:46,422 [INFO] apscheduler.executors.default - Job "startup.<locals>._expiry_job (trigger: interval[0:01:00], next run at: 2026-05-31 19:54:45 +03)" executed successfully
2026-05-31 19:54:45,065 [INFO] apscheduler.executors.default - Running job "startup.<locals>._expiry_job (trigger: interval[0:01:00], next run at: 2026-05-31 19:55:45 +03)" (scheduled at 2026-05-31 19:54:45.061992+03:00)
2026-05-31 19:54:47,865 [INFO] apscheduler.executors.default - Job "startup.<locals>._expiry_job (trigger: interval[0:01:00], next run at: 2026-05-31 19:55:45 +03)" executed successfully
2026-05-31 19:55:45,074 [INFO] apscheduler.executors.default - Running job "startup.<locals>._expiry_job (trigger: interval[0:01:00], next run at: 2026-05-31 19:56:45 +03)" (scheduled at 2026-05-31 19:55:45.061992+03:00)
2026-05-31 19:55:46,410 [INFO] apscheduler.executors.default - Job "startup.<locals>._expiry_job (trigger: interval[0:01:00], next run at: 2026-05-31 19:56:45 +03)" executed successfully
2026-05-31 19:56:30,379 [INFO] apscheduler.scheduler - Scheduler has been shut down
2026-05-31 19:56:32,065 [INFO] apscheduler.scheduler - Adding job tentatively -- it will be properly scheduled when the scheduler starts
2026-05-31 19:56:32,066 [INFO] apscheduler.scheduler - Added job "startup.<locals>._expiry_job" to job store "default"
2026-05-31 19:56:32,066 [INFO] apscheduler.scheduler - Scheduler started
2026-05-31 19:56:46,773 [WARNING] backend.auth - Invalid or expired JWT token received.
2026-05-31 19:56:46,779 [WARNING] backend.auth - Invalid or expired JWT token received.
2026-05-31 19:56:46,783 [WARNING] backend.auth - Invalid or expired JWT token received.
2026-05-31 19:56:46,788 [WARNING] backend.auth - Invalid or expired JWT token received.
2026-05-31 19:57:32,067 [INFO] apscheduler.executors.default - Running job "startup.<locals>._expiry_job (trigger: interval[0:01:00], next run at: 2026-05-31 19:58:32 +03)" (scheduled at 2026-05-31 19:57:32.065584+03:00)
2026-05-31 19:57:36,733 [INFO] apscheduler.executors.default - Job "startup.<locals>._expiry_job (trigger: interval[0:01:00], next run at: 2026-05-31 19:58:32 +03)" executed successfully
2026-05-31 19:58:32,066 [INFO] apscheduler.executors.default - Running job "startup.<locals>._expiry_job (trigger: interval[0:01:00], next run at: 2026-05-31 19:59:32 +03)" (scheduled at 2026-05-31 19:58:32.065584+03:00)
2026-05-31 19:58:33,407 [INFO] apscheduler.executors.default - Job "startup.<locals>._expiry_job (trigger: interval[0:01:00], next run at: 2026-05-31 19:59:32 +03)" executed successfully
2026-05-31 19:59:32,069 [INFO] apscheduler.executors.default - Running job "startup.<locals>._expiry_job (trigger: interval[0:01:00], next run at: 2026-05-31 20:00:32 +03)" (scheduled at 2026-05-31 19:59:32.065584+03:00)
2026-05-31 19:59:33,475 [INFO] apscheduler.executors.default - Job "startup.<locals>._expiry_job (trigger: interval[0:01:00], next run at: 2026-05-31 20:00:32 +03)" executed successfully
2026-05-31 20:00:32,073 [INFO] apscheduler.executors.default - Running job "startup.<locals>._expiry_job (trigger: interval[0:01:00], next run at: 2026-05-31 20:01:32 +03)" (scheduled at 2026-05-31 20:00:32.065584+03:00)
2026-05-31 20:00:33,390 [INFO] apscheduler.executors.default - Job "startup.<locals>._expiry_job (trigger: interval[0:01:00], next run at: 2026-05-31 20:01:32 +03)" executed successfully
2026-05-31 20:01:32,071 [INFO] apscheduler.executors.default - Running job "startup.<locals>._expiry_job (trigger: interval[0:01:00], next run at: 2026-05-31 20:02:32 +03)" (scheduled at 2026-05-31 20:01:32.065584+03:00)
2026-05-31 20:01:33,336 [INFO] apscheduler.executors.default - Job "startup.<locals>._expiry_job (trigger: interval[0:01:00], next run at: 2026-05-31 20:02:32 +03)" executed successfully
2026-05-31 20:02:32,067 [INFO] apscheduler.executors.default - Running job "startup.<locals>._expiry_job (trigger: interval[0:01:00], next run at: 2026-05-31 20:03:32 +03)" (scheduled at 2026-05-31 20:02:32.065584+03:00)
2026-05-31 20:02:34,606 [INFO] apscheduler.executors.default - Job "startup.<locals>._expiry_job (trigger: interval[0:01:00], next run at: 2026-05-31 20:03:32 +03)" executed successfully
2026-05-31 20:03:32,068 [INFO] apscheduler.executors.default - Running job "startup.<locals>._expiry_job (trigger: interval[0:01:00], next run at: 2026-05-31 20:04:32 +03)" (scheduled at 2026-05-31 20:03:32.065584+03:00)
2026-05-31 20:03:33,444 [INFO] apscheduler.executors.default - Job "startup.<locals>._expiry_job (trigger: interval[0:01:00], next run at: 2026-05-31 20:04:32 +03)" executed successfully
2026-05-31 20:04:32,074 [INFO] apscheduler.executors.default - Running job "startup.<locals>._expiry_job (trigger: interval[0:01:00], next run at: 2026-05-31 20:05:32 +03)" (scheduled at 2026-05-31 20:04:32.065584+03:00)
2026-05-31 20:04:33,502 [INFO] apscheduler.executors.default - Job "startup.<locals>._expiry_job (trigger: interval[0:01:00], next run at: 2026-05-31 20:05:32 +03)" executed successfully
2026-05-31 20:05:32,070 [INFO] apscheduler.executors.default - Running job "startup.<locals>._expiry_job (trigger: interval[0:01:00], next run at: 2026-05-31 20:06:32 +03)" (scheduled at 2026-05-31 20:05:32.065584+03:00)
2026-05-31 20:05:33,476 [INFO] apscheduler.executors.default - Job "startup.<locals>._expiry_job (trigger: interval[0:01:00], next run at: 2026-05-31 20:06:32 +03)" executed successfully
2026-05-31 20:06:32,080 [INFO] apscheduler.executors.default - Running job "startup.<locals>._expiry_job (trigger: interval[0:01:00], next run at: 2026-05-31 20:07:32 +03)" (scheduled at 2026-05-31 20:06:32.065584+03:00)
2026-05-31 20:06:33,482 [INFO] apscheduler.executors.default - Job "startup.<locals>._expiry_job (trigger: interval[0:01:00], next run at: 2026-05-31 20:07:32 +03)" executed successfully
2026-05-31 20:06:55,998 [INFO] backend.auth - User TCH001 (UserRole.TEACHER) authenticated successfully.
2026-05-31 20:06:57,145 [INFO] backend.auth - User TCH001 (UserRole.TEACHER) authenticated successfully.
2026-05-31 20:06:57,262 [INFO] backend.auth - User TCH001 (UserRole.TEACHER) authenticated successfully.
2026-05-31 20:06:59,750 [INFO] backend.auth - User TCH001 (UserRole.TEACHER) authenticated successfully.
2026-05-31 20:07:32,067 [INFO] apscheduler.executors.default - Running job "startup.<locals>._expiry_job (trigger: interval[0:01:00], next run at: 2026-05-31 20:08:32 +03)" (scheduled at 2026-05-31 20:07:32.065584+03:00)
2026-05-31 20:07:33,516 [INFO] apscheduler.executors.default - Job "startup.<locals>._expiry_job (trigger: interval[0:01:00], next run at: 2026-05-31 20:08:32 +03)" executed successfully
2026-05-31 20:07:35,330 [INFO] backend.auth - User TCH001 (UserRole.TEACHER) authenticated successfully.
2026-05-31 20:07:35,621 [INFO] backend.auth - User TCH001 (UserRole.TEACHER) authenticated successfully.
2026-05-31 20:07:35,649 [INFO] backend.auth - User TCH001 (UserRole.TEACHER) authenticated successfully.
2026-05-31 20:07:39,081 [INFO] backend.auth - User TCH001 (UserRole.TEACHER) authenticated successfully.
2026-05-31 20:08:32,067 [INFO] apscheduler.executors.default - Running job "startup.<locals>._expiry_job (trigger: interval[0:01:00], next run at: 2026-05-31 20:09:32 +03)" (scheduled at 2026-05-31 20:08:32.065584+03:00)
2026-05-31 20:08:34,195 [INFO] apscheduler.executors.default - Job "startup.<locals>._expiry_job (trigger: interval[0:01:00], next run at: 2026-05-31 20:09:32 +03)" executed successfully
2026-05-31 20:09:32,076 [INFO] apscheduler.executors.default - Running job "startup.<locals>._expiry_job (trigger: interval[0:01:00], next run at: 2026-05-31 20:10:32 +03)" (scheduled at 2026-05-31 20:09:32.065584+03:00)
2026-05-31 20:09:35,999 [INFO] apscheduler.executors.default - Job "startup.<locals>._expiry_job (trigger: interval[0:01:00], next run at: 2026-05-31 20:10:32 +03)" executed successfully
2026-05-31 20:10:32,074 [INFO] apscheduler.executors.default - Running job "startup.<locals>._expiry_job (trigger: interval[0:01:00], next run at: 2026-05-31 20:11:32 +03)" (scheduled at 2026-05-31 20:10:32.065584+03:00)
2026-05-31 20:10:34,222 [INFO] apscheduler.executors.default - Job "startup.<locals>._expiry_job (trigger: interval[0:01:00], next run at: 2026-05-31 20:11:32 +03)" executed successfully
2026-05-31 20:11:32,079 [INFO] apscheduler.executors.default - Running job "startup.<locals>._expiry_job (trigger: interval[0:01:00], next run at: 2026-05-31 20:12:32 +03)" (scheduled at 2026-05-31 20:11:32.065584+03:00)
2026-05-31 20:11:34,618 [INFO] apscheduler.executors.default - Job "startup.<locals>._expiry_job (trigger: interval[0:01:00], next run at: 2026-05-31 20:12:32 +03)" executed successfully
2026-05-31 20:12:32,074 [INFO] apscheduler.executors.default - Running job "startup.<locals>._expiry_job (trigger: interval[0:01:00], next run at: 2026-05-31 20:13:32 +03)" (scheduled at 2026-05-31 20:12:32.065584+03:00)
2026-05-31 20:12:34,839 [INFO] apscheduler.executors.default - Job "startup.<locals>._expiry_job (trigger: interval[0:01:00], next run at: 2026-05-31 20:13:32 +03)" executed successfully
2026-05-31 20:13:32,076 [INFO] apscheduler.executors.default - Running job "startup.<locals>._expiry_job (trigger: interval[0:01:00], next run at: 2026-05-31 20:14:32 +03)" (scheduled at 2026-05-31 20:13:32.065584+03:00)
2026-05-31 20:13:35,166 [INFO] apscheduler.executors.default - Job "startup.<locals>._expiry_job (trigger: interval[0:01:00], next run at: 2026-05-31 20:14:32 +03)" executed successfully
2026-05-31 20:14:32,076 [INFO] apscheduler.executors.default - Running job "startup.<locals>._expiry_job (trigger: interval[0:01:00], next run at: 2026-05-31 20:15:32 +03)" (scheduled at 2026-05-31 20:14:32.065584+03:00)
2026-05-31 20:14:34,566 [INFO] apscheduler.executors.default - Job "startup.<locals>._expiry_job (trigger: interval[0:01:00], next run at: 2026-05-31 20:15:32 +03)" executed successfully
2026-05-31 20:15:32,074 [INFO] apscheduler.executors.default - Running job "startup.<locals>._expiry_job (trigger: interval[0:01:00], next run at: 2026-05-31 20:16:32 +03)" (scheduled at 2026-05-31 20:15:32.065584+03:00)
2026-05-31 20:15:34,501 [INFO] apscheduler.executors.default - Job "startup.<locals>._expiry_job (trigger: interval[0:01:00], next run at: 2026-05-31 20:16:32 +03)" executed successfully
2026-05-31 20:16:32,073 [INFO] apscheduler.executors.default - Running job "startup.<locals>._expiry_job (trigger: interval[0:01:00], next run at: 2026-05-31 20:17:32 +03)" (scheduled at 2026-05-31 20:16:32.065584+03:00)
2026-05-31 20:16:33,555 [INFO] apscheduler.executors.default - Job "startup.<locals>._expiry_job (trigger: interval[0:01:00], next run at: 2026-05-31 20:17:32 +03)" executed successfully
2026-05-31 20:17:32,074 [INFO] apscheduler.executors.default - Running job "startup.<locals>._expiry_job (trigger: interval[0:01:00], next run at: 2026-05-31 20:18:32 +03)" (scheduled at 2026-05-31 20:17:32.065584+03:00)
2026-05-31 20:17:33,415 [INFO] apscheduler.executors.default - Job "startup.<locals>._expiry_job (trigger: interval[0:01:00], next run at: 2026-05-31 20:18:32 +03)" executed successfully
2026-05-31 20:18:32,074 [INFO] apscheduler.executors.default - Running job "startup.<locals>._expiry_job (trigger: interval[0:01:00], next run at: 2026-05-31 20:19:32 +03)" (scheduled at 2026-05-31 20:18:32.065584+03:00)
2026-05-31 20:18:33,466 [INFO] apscheduler.executors.default - Job "startup.<locals>._expiry_job (trigger: interval[0:01:00], next run at: 2026-05-31 20:19:32 +03)" executed successfully
2026-05-31 20:19:32,073 [INFO] apscheduler.executors.default - Running job "startup.<locals>._expiry_job (trigger: interval[0:01:00], next run at: 2026-05-31 20:20:32 +03)" (scheduled at 2026-05-31 20:19:32.065584+03:00)
2026-05-31 20:19:33,620 [INFO] apscheduler.executors.default - Job "startup.<locals>._expiry_job (trigger: interval[0:01:00], next run at: 2026-05-31 20:20:32 +03)" executed successfully
2026-05-31 20:20:32,075 [INFO] apscheduler.executors.default - Running job "startup.<locals>._expiry_job (trigger: interval[0:01:00], next run at: 2026-05-31 20:21:32 +03)" (scheduled at 2026-05-31 20:20:32.065584+03:00)
2026-05-31 20:20:35,001 [INFO] apscheduler.executors.default - Job "startup.<locals>._expiry_job (trigger: interval[0:01:00], next run at: 2026-05-31 20:21:32 +03)" executed successfully
2026-05-31 20:21:32,074 [INFO] apscheduler.executors.default - Running job "startup.<locals>._expiry_job (trigger: interval[0:01:00], next run at: 2026-05-31 20:22:32 +03)" (scheduled at 2026-05-31 20:21:32.065584+03:00)
2026-05-31 20:21:35,761 [INFO] apscheduler.executors.default - Job "startup.<locals>._expiry_job (trigger: interval[0:01:00], next run at: 2026-05-31 20:22:32 +03)" executed successfully
2026-05-31 20:22:32,075 [INFO] apscheduler.executors.default - Running job "startup.<locals>._expiry_job (trigger: interval[0:01:00], next run at: 2026-05-31 20:23:32 +03)" (scheduled at 2026-05-31 20:22:32.065584+03:00)
2026-05-31 20:22:35,254 [INFO] apscheduler.executors.default - Job "startup.<locals>._expiry_job (trigger: interval[0:01:00], next run at: 2026-05-31 20:23:32 +03)" executed successfully
2026-05-31 20:23:32,073 [INFO] apscheduler.executors.default - Running job "startup.<locals>._expiry_job (trigger: interval[0:01:00], next run at: 2026-05-31 20:24:32 +03)" (scheduled at 2026-05-31 20:23:32.065584+03:00)
2026-05-31 20:23:35,263 [INFO] apscheduler.executors.default - Job "startup.<locals>._expiry_job (trigger: interval[0:01:00], next run at: 2026-05-31 20:24:32 +03)" executed successfully
2026-05-31 20:24:32,066 [INFO] apscheduler.executors.default - Running job "startup.<locals>._expiry_job (trigger: interval[0:01:00], next run at: 2026-05-31 20:25:32 +03)" (scheduled at 2026-05-31 20:24:32.065584+03:00)
2026-05-31 20:24:33,532 [INFO] apscheduler.executors.default - Job "startup.<locals>._expiry_job (trigger: interval[0:01:00], next run at: 2026-05-31 20:25:32 +03)" executed successfully
2026-05-31 20:25:32,070 [INFO] apscheduler.executors.default - Running job "startup.<locals>._expiry_job (trigger: interval[0:01:00], next run at: 2026-05-31 20:26:32 +03)" (scheduled at 2026-05-31 20:25:32.065584+03:00)
2026-05-31 20:25:33,739 [INFO] apscheduler.executors.default - Job "startup.<locals>._expiry_job (trigger: interval[0:01:00], next run at: 2026-05-31 20:26:32 +03)" executed successfully
2026-05-31 20:26:32,068 [INFO] apscheduler.executors.default - Running job "startup.<locals>._expiry_job (trigger: interval[0:01:00], next run at: 2026-05-31 20:27:32 +03)" (scheduled at 2026-05-31 20:26:32.065584+03:00)
2026-05-31 20:26:33,897 [INFO] apscheduler.executors.default - Job "startup.<locals>._expiry_job (trigger: interval[0:01:00], next run at: 2026-05-31 20:27:32 +03)" executed successfully
2026-05-31 20:27:32,074 [INFO] apscheduler.executors.default - Running job "startup.<locals>._expiry_job (trigger: interval[0:01:00], next run at: 2026-05-31 20:28:32 +03)" (scheduled at 2026-05-31 20:27:32.065584+03:00)
2026-05-31 20:27:33,591 [INFO] apscheduler.executors.default - Job "startup.<locals>._expiry_job (trigger: interval[0:01:00], next run at: 2026-05-31 20:28:32 +03)" executed successfully
2026-05-31 20:28:32,080 [INFO] apscheduler.executors.default - Running job "startup.<locals>._expiry_job (trigger: interval[0:01:00], next run at: 2026-05-31 20:29:32 +03)" (scheduled at 2026-05-31 20:28:32.065584+03:00)
2026-05-31 20:28:35,295 [INFO] apscheduler.executors.default - Job "startup.<locals>._expiry_job (trigger: interval[0:01:00], next run at: 2026-05-31 20:29:32 +03)" executed successfully
2026-05-31 20:29:32,071 [INFO] apscheduler.executors.default - Running job "startup.<locals>._expiry_job (trigger: interval[0:01:00], next run at: 2026-05-31 20:30:32 +03)" (scheduled at 2026-05-31 20:29:32.065584+03:00)
2026-05-31 20:29:35,507 [INFO] apscheduler.executors.default - Job "startup.<locals>._expiry_job (trigger: interval[0:01:00], next run at: 2026-05-31 20:30:32 +03)" executed successfully
2026-05-31 20:30:32,079 [INFO] apscheduler.executors.default - Running job "startup.<locals>._expiry_job (trigger: interval[0:01:00], next run at: 2026-05-31 20:31:32 +03)" (scheduled at 2026-05-31 20:30:32.065584+03:00)
2026-05-31 20:30:35,362 [INFO] apscheduler.executors.default - Job "startup.<locals>._expiry_job (trigger: interval[0:01:00], next run at: 2026-05-31 20:31:32 +03)" executed successfully
2026-05-31 20:31:32,073 [INFO] apscheduler.executors.default - Running job "startup.<locals>._expiry_job (trigger: interval[0:01:00], next run at: 2026-05-31 20:32:32 +03)" (scheduled at 2026-05-31 20:31:32.065584+03:00)
2026-05-31 20:31:35,316 [INFO] apscheduler.executors.default - Job "startup.<locals>._expiry_job (trigger: interval[0:01:00], next run at: 2026-05-31 20:32:32 +03)" executed successfully
2026-05-31 20:32:32,069 [INFO] apscheduler.executors.default - Running job "startup.<locals>._expiry_job (trigger: interval[0:01:00], next run at: 2026-05-31 20:33:32 +03)" (scheduled at 2026-05-31 20:32:32.065584+03:00)
2026-05-31 20:32:33,859 [INFO] apscheduler.executors.default - Job "startup.<locals>._expiry_job (trigger: interval[0:01:00], next run at: 2026-05-31 20:33:32 +03)" executed successfully
2026-05-31 20:33:32,076 [INFO] apscheduler.executors.default - Running job "startup.<locals>._expiry_job (trigger: interval[0:01:00], next run at: 2026-05-31 20:34:32 +03)" (scheduled at 2026-05-31 20:33:32.065584+03:00)
2026-05-31 20:33:33,871 [INFO] apscheduler.executors.default - Job "startup.<locals>._expiry_job (trigger: interval[0:01:00], next run at: 2026-05-31 20:34:32 +03)" executed successfully
2026-05-31 20:34:32,081 [INFO] apscheduler.executors.default - Running job "startup.<locals>._expiry_job (trigger: interval[0:01:00], next run at: 2026-05-31 20:35:32 +03)" (scheduled at 2026-05-31 20:34:32.065584+03:00)
2026-05-31 20:34:33,543 [INFO] apscheduler.executors.default - Job "startup.<locals>._expiry_job (trigger: interval[0:01:00], next run at: 2026-05-31 20:35:32 +03)" executed successfully
2026-05-31 20:35:32,070 [INFO] apscheduler.executors.default - Running job "startup.<locals>._expiry_job (trigger: interval[0:01:00], next run at: 2026-05-31 20:36:32 +03)" (scheduled at 2026-05-31 20:35:32.065584+03:00)
2026-05-31 20:35:33,858 [INFO] apscheduler.executors.default - Job "startup.<locals>._expiry_job (trigger: interval[0:01:00], next run at: 2026-05-31 20:36:32 +03)" executed successfully
2026-05-31 20:36:32,072 [INFO] apscheduler.executors.default - Running job "startup.<locals>._expiry_job (trigger: interval[0:01:00], next run at: 2026-05-31 20:37:32 +03)" (scheduled at 2026-05-31 20:36:32.065584+03:00)
2026-05-31 20:36:35,145 [INFO] apscheduler.executors.default - Job "startup.<locals>._expiry_job (trigger: interval[0:01:00], next run at: 2026-05-31 20:37:32 +03)" executed successfully
2026-05-31 20:37:32,074 [INFO] apscheduler.executors.default - Running job "startup.<locals>._expiry_job (trigger: interval[0:01:00], next run at: 2026-05-31 20:38:32 +03)" (scheduled at 2026-05-31 20:37:32.065584+03:00)
2026-05-31 20:37:35,050 [INFO] apscheduler.executors.default - Job "startup.<locals>._expiry_job (trigger: interval[0:01:00], next run at: 2026-05-31 20:38:32 +03)" executed successfully
2026-05-31 20:38:32,072 [INFO] apscheduler.executors.default - Running job "startup.<locals>._expiry_job (trigger: interval[0:01:00], next run at: 2026-05-31 20:39:32 +03)" (scheduled at 2026-05-31 20:38:32.065584+03:00)
2026-05-31 20:38:34,749 [INFO] apscheduler.executors.default - Job "startup.<locals>._expiry_job (trigger: interval[0:01:00], next run at: 2026-05-31 20:39:32 +03)" executed successfully
2026-05-31 20:39:32,069 [INFO] apscheduler.executors.default - Running job "startup.<locals>._expiry_job (trigger: interval[0:01:00], next run at: 2026-05-31 20:40:32 +03)" (scheduled at 2026-05-31 20:39:32.065584+03:00)
2026-05-31 20:39:34,444 [INFO] apscheduler.executors.default - Job "startup.<locals>._expiry_job (trigger: interval[0:01:00], next run at: 2026-05-31 20:40:32 +03)" executed successfully
2026-05-31 20:40:32,076 [INFO] apscheduler.executors.default - Running job "startup.<locals>._expiry_job (trigger: interval[0:01:00], next run at: 2026-05-31 20:41:32 +03)" (scheduled at 2026-05-31 20:40:32.065584+03:00)
2026-05-31 20:40:33,536 [INFO] apscheduler.executors.default - Job "startup.<locals>._expiry_job (trigger: interval[0:01:00], next run at: 2026-05-31 20:41:32 +03)" executed successfully
2026-05-31 20:41:32,072 [INFO] apscheduler.executors.default - Running job "startup.<locals>._expiry_job (trigger: interval[0:01:00], next run at: 2026-05-31 20:42:32 +03)" (scheduled at 2026-05-31 20:41:32.065584+03:00)
2026-05-31 20:41:33,684 [INFO] apscheduler.executors.default - Job "startup.<locals>._expiry_job (trigger: interval[0:01:00], next run at: 2026-05-31 20:42:32 +03)" executed successfully
2026-05-31 20:42:32,066 [INFO] apscheduler.executors.default - Running job "startup.<locals>._expiry_job (trigger: interval[0:01:00], next run at: 2026-05-31 20:43:32 +03)" (scheduled at 2026-05-31 20:42:32.065584+03:00)
2026-05-31 20:42:33,692 [INFO] apscheduler.executors.default - Job "startup.<locals>._expiry_job (trigger: interval[0:01:00], next run at: 2026-05-31 20:43:32 +03)" executed successfully
2026-05-31 20:43:32,076 [INFO] apscheduler.executors.default - Running job "startup.<locals>._expiry_job (trigger: interval[0:01:00], next run at: 2026-05-31 20:44:32 +03)" (scheduled at 2026-05-31 20:43:32.065584+03:00)
2026-05-31 20:43:33,702 [INFO] apscheduler.executors.default - Job "startup.<locals>._expiry_job (trigger: interval[0:01:00], next run at: 2026-05-31 20:44:32 +03)" executed successfully
2026-05-31 20:44:32,082 [INFO] apscheduler.executors.default - Running job "startup.<locals>._expiry_job (trigger: interval[0:01:00], next run at: 2026-05-31 20:45:32 +03)" (scheduled at 2026-05-31 20:44:32.065584+03:00)
2026-05-31 20:44:35,101 [INFO] apscheduler.executors.default - Job "startup.<locals>._expiry_job (trigger: interval[0:01:00], next run at: 2026-05-31 20:45:32 +03)" executed successfully
2026-05-31 20:45:32,075 [INFO] apscheduler.executors.default - Running job "startup.<locals>._expiry_job (trigger: interval[0:01:00], next run at: 2026-05-31 20:46:32 +03)" (scheduled at 2026-05-31 20:45:32.065584+03:00)
2026-05-31 20:45:35,043 [INFO] apscheduler.executors.default - Job "startup.<locals>._expiry_job (trigger: interval[0:01:00], next run at: 2026-05-31 20:46:32 +03)" executed successfully
2026-05-31 20:46:32,070 [INFO] apscheduler.executors.default - Running job "startup.<locals>._expiry_job (trigger: interval[0:01:00], next run at: 2026-05-31 20:47:32 +03)" (scheduled at 2026-05-31 20:46:32.065584+03:00)
2026-05-31 20:46:35,316 [INFO] apscheduler.executors.default - Job "startup.<locals>._expiry_job (trigger: interval[0:01:00], next run at: 2026-05-31 20:47:32 +03)" executed successfully
2026-05-31 20:47:32,076 [INFO] apscheduler.executors.default - Running job "startup.<locals>._expiry_job (trigger: interval[0:01:00], next run at: 2026-05-31 20:48:32 +03)" (scheduled at 2026-05-31 20:47:32.065584+03:00)
2026-05-31 20:47:35,328 [INFO] apscheduler.executors.default - Job "startup.<locals>._expiry_job (trigger: interval[0:01:00], next run at: 2026-05-31 20:48:32 +03)" executed successfully
2026-05-31 20:48:32,068 [INFO] apscheduler.executors.default - Running job "startup.<locals>._expiry_job (trigger: interval[0:01:00], next run at: 2026-05-31 20:49:32 +03)" (scheduled at 2026-05-31 20:48:32.065584+03:00)
2026-05-31 20:48:33,769 [INFO] apscheduler.executors.default - Job "startup.<locals>._expiry_job (trigger: interval[0:01:00], next run at: 2026-05-31 20:49:32 +03)" executed successfully
2026-05-31 20:49:32,074 [INFO] apscheduler.executors.default - Running job "startup.<locals>._expiry_job (trigger: interval[0:01:00], next run at: 2026-05-31 20:50:32 +03)" (scheduled at 2026-05-31 20:49:32.065584+03:00)
2026-05-31 20:49:33,529 [INFO] apscheduler.executors.default - Job "startup.<locals>._expiry_job (trigger: interval[0:01:00], next run at: 2026-05-31 20:50:32 +03)" executed successfully
2026-05-31 20:50:32,081 [INFO] apscheduler.executors.default - Running job "startup.<locals>._expiry_job (trigger: interval[0:01:00], next run at: 2026-05-31 20:51:32 +03)" (scheduled at 2026-05-31 20:50:32.065584+03:00)
2026-05-31 20:50:33,800 [INFO] apscheduler.executors.default - Job "startup.<locals>._expiry_job (trigger: interval[0:01:00], next run at: 2026-05-31 20:51:32 +03)" executed successfully
2026-05-31 20:51:32,069 [INFO] apscheduler.executors.default - Running job "startup.<locals>._expiry_job (trigger: interval[0:01:00], next run at: 2026-05-31 20:52:32 +03)" (scheduled at 2026-05-31 20:51:32.065584+03:00)
2026-05-31 20:51:33,625 [INFO] apscheduler.executors.default - Job "startup.<locals>._expiry_job (trigger: interval[0:01:00], next run at: 2026-05-31 20:52:32 +03)" executed successfully
2026-05-31 20:52:32,079 [INFO] apscheduler.executors.default - Running job "startup.<locals>._expiry_job (trigger: interval[0:01:00], next run at: 2026-05-31 20:53:32 +03)" (scheduled at 2026-05-31 20:52:32.065584+03:00)
2026-05-31 20:52:35,084 [INFO] apscheduler.executors.default - Job "startup.<locals>._expiry_job (trigger: interval[0:01:00], next run at: 2026-05-31 20:53:32 +03)" executed successfully
2026-05-31 20:53:32,075 [INFO] apscheduler.executors.default - Running job "startup.<locals>._expiry_job (trigger: interval[0:01:00], next run at: 2026-05-31 20:54:32 +03)" (scheduled at 2026-05-31 20:53:32.065584+03:00)
2026-05-31 20:53:35,299 [INFO] apscheduler.executors.default - Job "startup.<locals>._expiry_job (trigger: interval[0:01:00], next run at: 2026-05-31 20:54:32 +03)" executed successfully
2026-05-31 20:54:32,071 [INFO] apscheduler.executors.default - Running job "startup.<locals>._expiry_job (trigger: interval[0:01:00], next run at: 2026-05-31 20:55:32 +03)" (scheduled at 2026-05-31 20:54:32.065584+03:00)
2026-05-31 20:54:34,925 [INFO] apscheduler.executors.default - Job "startup.<locals>._expiry_job (trigger: interval[0:01:00], next run at: 2026-05-31 20:55:32 +03)" executed successfully
2026-05-31 20:55:32,076 [INFO] apscheduler.executors.default - Running job "startup.<locals>._expiry_job (trigger: interval[0:01:00], next run at: 2026-05-31 20:56:32 +03)" (scheduled at 2026-05-31 20:55:32.065584+03:00)
2026-05-31 20:55:35,142 [INFO] apscheduler.executors.default - Job "startup.<locals>._expiry_job (trigger: interval[0:01:00], next run at: 2026-05-31 20:56:32 +03)" executed successfully
2026-05-31 20:56:32,071 [INFO] apscheduler.executors.default - Running job "startup.<locals>._expiry_job (trigger: interval[0:01:00], next run at: 2026-05-31 20:57:32 +03)" (scheduled at 2026-05-31 20:56:32.065584+03:00)
2026-05-31 20:56:33,746 [INFO] apscheduler.executors.default - Job "startup.<locals>._expiry_job (trigger: interval[0:01:00], next run at: 2026-05-31 20:57:32 +03)" executed successfully
2026-05-31 20:57:32,068 [INFO] apscheduler.executors.default - Running job "startup.<locals>._expiry_job (trigger: interval[0:01:00], next run at: 2026-05-31 20:58:32 +03)" (scheduled at 2026-05-31 20:57:32.065584+03:00)
2026-05-31 20:57:33,752 [INFO] apscheduler.executors.default - Job "startup.<locals>._expiry_job (trigger: interval[0:01:00], next run at: 2026-05-31 20:58:32 +03)" executed successfully
2026-05-31 20:58:32,071 [INFO] apscheduler.executors.default - Running job "startup.<locals>._expiry_job (trigger: interval[0:01:00], next run at: 2026-05-31 20:59:32 +03)" (scheduled at 2026-05-31 20:58:32.065584+03:00)
2026-05-31 20:58:33,431 [INFO] apscheduler.executors.default - Job "startup.<locals>._expiry_job (trigger: interval[0:01:00], next run at: 2026-05-31 20:59:32 +03)" executed successfully
2026-05-31 20:59:32,067 [INFO] apscheduler.executors.default - Running job "startup.<locals>._expiry_job (trigger: interval[0:01:00], next run at: 2026-05-31 21:00:32 +03)" (scheduled at 2026-05-31 20:59:32.065584+03:00)
2026-05-31 20:59:33,471 [INFO] apscheduler.executors.default - Job "startup.<locals>._expiry_job (trigger: interval[0:01:00], next run at: 2026-05-31 21:00:32 +03)" executed successfully
2026-05-31 21:00:32,087 [INFO] apscheduler.executors.default - Running job "startup.<locals>._expiry_job (trigger: interval[0:01:00], next run at: 2026-05-31 21:01:32 +03)" (scheduled at 2026-05-31 21:00:32.065584+03:00)
2026-05-31 21:00:34,843 [INFO] apscheduler.executors.default - Job "startup.<locals>._expiry_job (trigger: interval[0:01:00], next run at: 2026-05-31 21:01:32 +03)" executed successfully
2026-05-31 21:01:32,070 [INFO] apscheduler.executors.default - Running job "startup.<locals>._expiry_job (trigger: interval[0:01:00], next run at: 2026-05-31 21:02:32 +03)" (scheduled at 2026-05-31 21:01:32.065584+03:00)
2026-05-31 21:01:34,517 [INFO] apscheduler.executors.default - Job "startup.<locals>._expiry_job (trigger: interval[0:01:00], next run at: 2026-05-31 21:02:32 +03)" executed successfully
2026-05-31 21:02:32,068 [INFO] apscheduler.executors.default - Running job "startup.<locals>._expiry_job (trigger: interval[0:01:00], next run at: 2026-05-31 21:03:32 +03)" (scheduled at 2026-05-31 21:02:32.065584+03:00)
2026-05-31 21:02:34,687 [INFO] apscheduler.executors.default - Job "startup.<locals>._expiry_job (trigger: interval[0:01:00], next run at: 2026-05-31 21:03:32 +03)" executed successfully
2026-05-31 21:03:32,072 [INFO] apscheduler.executors.default - Running job "startup.<locals>._expiry_job (trigger: interval[0:01:00], next run at: 2026-05-31 21:04:32 +03)" (scheduled at 2026-05-31 21:03:32.065584+03:00)
2026-05-31 21:03:35,165 [INFO] apscheduler.executors.default - Job "startup.<locals>._expiry_job (trigger: interval[0:01:00], next run at: 2026-05-31 21:04:32 +03)" executed successfully
2026-05-31 21:04:32,069 [INFO] apscheduler.executors.default - Running job "startup.<locals>._expiry_job (trigger: interval[0:01:00], next run at: 2026-05-31 21:05:32 +03)" (scheduled at 2026-05-31 21:04:32.065584+03:00)
2026-05-31 21:04:33,483 [INFO] apscheduler.executors.default - Job "startup.<locals>._expiry_job (trigger: interval[0:01:00], next run at: 2026-05-31 21:05:32 +03)" executed successfully
2026-05-31 21:05:32,075 [INFO] apscheduler.executors.default - Running job "startup.<locals>._expiry_job (trigger: interval[0:01:00], next run at: 2026-05-31 21:06:32 +03)" (scheduled at 2026-05-31 21:05:32.065584+03:00)
2026-05-31 21:05:33,548 [INFO] apscheduler.executors.default - Job "startup.<locals>._expiry_job (trigger: interval[0:01:00], next run at: 2026-05-31 21:06:32 +03)" executed successfully
2026-05-31 21:06:32,080 [INFO] apscheduler.executors.default - Running job "startup.<locals>._expiry_job (trigger: interval[0:01:00], next run at: 2026-05-31 21:07:32 +03)" (scheduled at 2026-05-31 21:06:32.065584+03:00)
2026-05-31 21:06:33,418 [INFO] apscheduler.executors.default - Job "startup.<locals>._expiry_job (trigger: interval[0:01:00], next run at: 2026-05-31 21:07:32 +03)" executed successfully
2026-05-31 21:07:32,076 [INFO] apscheduler.executors.default - Running job "startup.<locals>._expiry_job (trigger: interval[0:01:00], next run at: 2026-05-31 21:08:32 +03)" (scheduled at 2026-05-31 21:07:32.065584+03:00)
2026-05-31 21:07:33,330 [INFO] apscheduler.executors.default - Job "startup.<locals>._expiry_job (trigger: interval[0:01:00], next run at: 2026-05-31 21:08:32 +03)" executed successfully
2026-05-31 21:08:32,070 [INFO] apscheduler.executors.default - Running job "startup.<locals>._expiry_job (trigger: interval[0:01:00], next run at: 2026-05-31 21:09:32 +03)" (scheduled at 2026-05-31 21:08:32.065584+03:00)
2026-05-31 21:08:34,635 [INFO] apscheduler.executors.default - Job "startup.<locals>._expiry_job (trigger: interval[0:01:00], next run at: 2026-05-31 21:09:32 +03)" executed successfully
2026-05-31 21:09:32,077 [INFO] apscheduler.executors.default - Running job "startup.<locals>._expiry_job (trigger: interval[0:01:00], next run at: 2026-05-31 21:10:32 +03)" (scheduled at 2026-05-31 21:09:32.065584+03:00)
2026-05-31 21:09:34,825 [INFO] apscheduler.executors.default - Job "startup.<locals>._expiry_job (trigger: interval[0:01:00], next run at: 2026-05-31 21:10:32 +03)" executed successfully
2026-05-31 21:10:32,069 [INFO] apscheduler.executors.default - Running job "startup.<locals>._expiry_job (trigger: interval[0:01:00], next run at: 2026-05-31 21:11:32 +03)" (scheduled at 2026-05-31 21:10:32.065584+03:00)
2026-05-31 21:10:35,096 [INFO] apscheduler.executors.default - Job "startup.<locals>._expiry_job (trigger: interval[0:01:00], next run at: 2026-05-31 21:11:32 +03)" executed successfully
2026-05-31 21:11:32,075 [INFO] apscheduler.executors.default - Running job "startup.<locals>._expiry_job (trigger: interval[0:01:00], next run at: 2026-05-31 21:12:32 +03)" (scheduled at 2026-05-31 21:11:32.065584+03:00)
2026-05-31 21:11:34,860 [INFO] apscheduler.executors.default - Job "startup.<locals>._expiry_job (trigger: interval[0:01:00], next run at: 2026-05-31 21:12:32 +03)" executed successfully
2026-05-31 21:12:32,069 [INFO] apscheduler.executors.default - Running job "startup.<locals>._expiry_job (trigger: interval[0:01:00], next run at: 2026-05-31 21:13:32 +03)" (scheduled at 2026-05-31 21:12:32.065584+03:00)
2026-05-31 21:12:33,480 [INFO] apscheduler.executors.default - Job "startup.<locals>._expiry_job (trigger: interval[0:01:00], next run at: 2026-05-31 21:13:32 +03)" executed successfully
2026-05-31 21:13:32,073 [INFO] apscheduler.executors.default - Running job "startup.<locals>._expiry_job (trigger: interval[0:01:00], next run at: 2026-05-31 21:14:32 +03)" (scheduled at 2026-05-31 21:13:32.065584+03:00)
2026-05-31 21:13:33,485 [INFO] apscheduler.executors.default - Job "startup.<locals>._expiry_job (trigger: interval[0:01:00], next run at: 2026-05-31 21:14:32 +03)" executed successfully
2026-05-31 21:14:32,080 [INFO] apscheduler.executors.default - Running job "startup.<locals>._expiry_job (trigger: interval[0:01:00], next run at: 2026-05-31 21:15:32 +03)" (scheduled at 2026-05-31 21:14:32.065584+03:00)
2026-05-31 21:14:33,579 [INFO] apscheduler.executors.default - Job "startup.<locals>._expiry_job (trigger: interval[0:01:00], next run at: 2026-05-31 21:15:32 +03)" executed successfully
2026-05-31 21:15:32,069 [INFO] apscheduler.executors.default - Running job "startup.<locals>._expiry_job (trigger: interval[0:01:00], next run at: 2026-05-31 21:16:32 +03)" (scheduled at 2026-05-31 21:15:32.065584+03:00)
2026-05-31 21:15:33,474 [INFO] apscheduler.executors.default - Job "startup.<locals>._expiry_job (trigger: interval[0:01:00], next run at: 2026-05-31 21:16:32 +03)" executed successfully
2026-05-31 21:16:32,075 [INFO] apscheduler.executors.default - Running job "startup.<locals>._expiry_job (trigger: interval[0:01:00], next run at: 2026-05-31 21:17:32 +03)" (scheduled at 2026-05-31 21:16:32.065584+03:00)
2026-05-31 21:16:34,702 [INFO] apscheduler.executors.default - Job "startup.<locals>._expiry_job (trigger: interval[0:01:00], next run at: 2026-05-31 21:17:32 +03)" executed successfully
2026-05-31 21:17:32,068 [INFO] apscheduler.executors.default - Running job "startup.<locals>._expiry_job (trigger: interval[0:01:00], next run at: 2026-05-31 21:18:32 +03)" (scheduled at 2026-05-31 21:17:32.065584+03:00)
2026-05-31 21:17:34,695 [INFO] apscheduler.executors.default - Job "startup.<locals>._expiry_job (trigger: interval[0:01:00], next run at: 2026-05-31 21:18:32 +03)" executed successfully
2026-05-31 21:18:32,079 [INFO] apscheduler.executors.default - Running job "startup.<locals>._expiry_job (trigger: interval[0:01:00], next run at: 2026-05-31 21:19:32 +03)" (scheduled at 2026-05-31 21:18:32.065584+03:00)
2026-05-31 21:18:34,721 [INFO] apscheduler.executors.default - Job "startup.<locals>._expiry_job (trigger: interval[0:01:00], next run at: 2026-05-31 21:19:32 +03)" executed successfully
2026-05-31 21:19:32,070 [INFO] apscheduler.executors.default - Running job "startup.<locals>._expiry_job (trigger: interval[0:01:00], next run at: 2026-05-31 21:20:32 +03)" (scheduled at 2026-05-31 21:19:32.065584+03:00)
2026-05-31 21:19:34,930 [INFO] apscheduler.executors.default - Job "startup.<locals>._expiry_job (trigger: interval[0:01:00], next run at: 2026-05-31 21:20:32 +03)" executed successfully
2026-05-31 21:20:32,075 [INFO] apscheduler.executors.default - Running job "startup.<locals>._expiry_job (trigger: interval[0:01:00], next run at: 2026-05-31 21:21:32 +03)" (scheduled at 2026-05-31 21:20:32.065584+03:00)
2026-05-31 21:20:33,359 [INFO] apscheduler.executors.default - Job "startup.<locals>._expiry_job (trigger: interval[0:01:00], next run at: 2026-05-31 21:21:32 +03)" executed successfully
2026-05-31 21:21:32,079 [INFO] apscheduler.executors.default - Running job "startup.<locals>._expiry_job (trigger: interval[0:01:00], next run at: 2026-05-31 21:22:32 +03)" (scheduled at 2026-05-31 21:21:32.065584+03:00)
2026-05-31 21:21:33,351 [INFO] apscheduler.executors.default - Job "startup.<locals>._expiry_job (trigger: interval[0:01:00], next run at: 2026-05-31 21:22:32 +03)" executed successfully
2026-05-31 21:22:32,080 [INFO] apscheduler.executors.default - Running job "startup.<locals>._expiry_job (trigger: interval[0:01:00], next run at: 2026-05-31 21:23:32 +03)" (scheduled at 2026-05-31 21:22:32.065584+03:00)
2026-05-31 21:22:33,773 [INFO] apscheduler.executors.default - Job "startup.<locals>._expiry_job (trigger: interval[0:01:00], next run at: 2026-05-31 21:23:32 +03)" executed successfully
2026-05-31 21:23:32,073 [INFO] apscheduler.executors.default - Running job "startup.<locals>._expiry_job (trigger: interval[0:01:00], next run at: 2026-05-31 21:24:32 +03)" (scheduled at 2026-05-31 21:23:32.065584+03:00)
2026-05-31 21:23:33,873 [INFO] apscheduler.executors.default - Job "startup.<locals>._expiry_job (trigger: interval[0:01:00], next run at: 2026-05-31 21:24:32 +03)" executed successfully
2026-05-31 21:24:32,068 [INFO] apscheduler.executors.default - Running job "startup.<locals>._expiry_job (trigger: interval[0:01:00], next run at: 2026-05-31 21:25:32 +03)" (scheduled at 2026-05-31 21:24:32.065584+03:00)
2026-05-31 21:24:35,372 [INFO] apscheduler.executors.default - Job "startup.<locals>._expiry_job (trigger: interval[0:01:00], next run at: 2026-05-31 21:25:32 +03)" executed successfully
2026-05-31 21:25:32,067 [INFO] apscheduler.executors.default - Running job "startup.<locals>._expiry_job (trigger: interval[0:01:00], next run at: 2026-05-31 21:26:32 +03)" (scheduled at 2026-05-31 21:25:32.065584+03:00)
2026-05-31 21:25:35,238 [INFO] apscheduler.executors.default - Job "startup.<locals>._expiry_job (trigger: interval[0:01:00], next run at: 2026-05-31 21:26:32 +03)" executed successfully
2026-05-31 21:26:32,069 [INFO] apscheduler.executors.default - Running job "startup.<locals>._expiry_job (trigger: interval[0:01:00], next run at: 2026-05-31 21:27:32 +03)" (scheduled at 2026-05-31 21:26:32.065584+03:00)
2026-05-31 21:26:35,511 [INFO] apscheduler.executors.default - Job "startup.<locals>._expiry_job (trigger: interval[0:01:00], next run at: 2026-05-31 21:27:32 +03)" executed successfully
2026-05-31 21:27:32,568 [INFO] apscheduler.executors.default - Running job "startup.<locals>._expiry_job (trigger: interval[0:01:00], next run at: 2026-05-31 21:28:32 +03)" (scheduled at 2026-05-31 21:27:32.065584+03:00)
2026-05-31 21:27:35,292 [WARNING] backend.auth - Invalid or expired JWT token received.
2026-05-31 21:27:35,298 [WARNING] backend.auth - Invalid or expired JWT token received.
2026-05-31 21:27:35,308 [WARNING] backend.auth - Invalid or expired JWT token received.
2026-05-31 21:27:35,312 [WARNING] backend.auth - Invalid or expired JWT token received.
2026-05-31 21:27:35,686 [INFO] apscheduler.executors.default - Job "startup.<locals>._expiry_job (trigger: interval[0:01:00], next run at: 2026-05-31 21:28:32 +03)" executed successfully
2026-05-31 21:28:32,072 [INFO] apscheduler.executors.default - Running job "startup.<locals>._expiry_job (trigger: interval[0:01:00], next run at: 2026-05-31 21:29:32 +03)" (scheduled at 2026-05-31 21:28:32.065584+03:00)
2026-05-31 21:28:34,732 [INFO] apscheduler.executors.default - Job "startup.<locals>._expiry_job (trigger: interval[0:01:00], next run at: 2026-05-31 21:29:32 +03)" executed successfully
2026-05-31 21:29:32,066 [INFO] apscheduler.executors.default - Running job "startup.<locals>._expiry_job (trigger: interval[0:01:00], next run at: 2026-05-31 21:30:32 +03)" (scheduled at 2026-05-31 21:29:32.065584+03:00)
2026-05-31 21:29:35,154 [INFO] apscheduler.executors.default - Job "startup.<locals>._expiry_job (trigger: interval[0:01:00], next run at: 2026-05-31 21:30:32 +03)" executed successfully
2026-05-31 21:30:32,078 [INFO] apscheduler.executors.default - Running job "startup.<locals>._expiry_job (trigger: interval[0:01:00], next run at: 2026-05-31 21:31:32 +03)" (scheduled at 2026-05-31 21:30:32.065584+03:00)
2026-05-31 21:30:35,251 [INFO] apscheduler.executors.default - Job "startup.<locals>._expiry_job (trigger: interval[0:01:00], next run at: 2026-05-31 21:31:32 +03)" executed successfully
2026-05-31 21:31:32,078 [INFO] apscheduler.executors.default - Running job "startup.<locals>._expiry_job (trigger: interval[0:01:00], next run at: 2026-05-31 21:32:32 +03)" (scheduled at 2026-05-31 21:31:32.065584+03:00)
2026-05-31 21:31:35,112 [INFO] apscheduler.executors.default - Job "startup.<locals>._expiry_job (trigger: interval[0:01:00], next run at: 2026-05-31 21:32:32 +03)" executed successfully
2026-05-31 21:32:32,080 [INFO] apscheduler.executors.default - Running job "startup.<locals>._expiry_job (trigger: interval[0:01:00], next run at: 2026-05-31 21:33:32 +03)" (scheduled at 2026-05-31 21:32:32.065584+03:00)
2026-05-31 21:32:33,786 [INFO] apscheduler.executors.default - Job "startup.<locals>._expiry_job (trigger: interval[0:01:00], next run at: 2026-05-31 21:33:32 +03)" executed successfully
2026-05-31 21:33:32,074 [INFO] apscheduler.executors.default - Running job "startup.<locals>._expiry_job (trigger: interval[0:01:00], next run at: 2026-05-31 21:34:32 +03)" (scheduled at 2026-05-31 21:33:32.065584+03:00)
2026-05-31 21:33:33,633 [INFO] apscheduler.executors.default - Job "startup.<locals>._expiry_job (trigger: interval[0:01:00], next run at: 2026-05-31 21:34:32 +03)" executed successfully
2026-05-31 21:34:32,076 [INFO] apscheduler.executors.default - Running job "startup.<locals>._expiry_job (trigger: interval[0:01:00], next run at: 2026-05-31 21:35:32 +03)" (scheduled at 2026-05-31 21:34:32.065584+03:00)
2026-05-31 21:34:34,011 [INFO] apscheduler.executors.default - Job "startup.<locals>._expiry_job (trigger: interval[0:01:00], next run at: 2026-05-31 21:35:32 +03)" executed successfully
2026-05-31 21:35:32,067 [INFO] apscheduler.executors.default - Running job "startup.<locals>._expiry_job (trigger: interval[0:01:00], next run at: 2026-05-31 21:36:32 +03)" (scheduled at 2026-05-31 21:35:32.065584+03:00)
2026-05-31 21:35:33,648 [INFO] apscheduler.executors.default - Job "startup.<locals>._expiry_job (trigger: interval[0:01:00], next run at: 2026-05-31 21:36:32 +03)" executed successfully
2026-05-31 21:36:32,069 [INFO] apscheduler.executors.default - Running job "startup.<locals>._expiry_job (trigger: interval[0:01:00], next run at: 2026-05-31 21:37:32 +03)" (scheduled at 2026-05-31 21:36:32.065584+03:00)
2026-05-31 21:36:35,199 [INFO] apscheduler.executors.default - Job "startup.<locals>._expiry_job (trigger: interval[0:01:00], next run at: 2026-05-31 21:37:32 +03)" executed successfully
2026-05-31 21:37:32,076 [INFO] apscheduler.executors.default - Running job "startup.<locals>._expiry_job (trigger: interval[0:01:00], next run at: 2026-05-31 21:38:32 +03)" (scheduled at 2026-05-31 21:37:32.065584+03:00)
2026-05-31 21:37:35,146 [INFO] apscheduler.executors.default - Job "startup.<locals>._expiry_job (trigger: interval[0:01:00], next run at: 2026-05-31 21:38:32 +03)" executed successfully
2026-05-31 21:38:32,068 [INFO] apscheduler.executors.default - Running job "startup.<locals>._expiry_job (trigger: interval[0:01:00], next run at: 2026-05-31 21:39:32 +03)" (scheduled at 2026-05-31 21:38:32.065584+03:00)
2026-05-31 21:38:35,193 [INFO] apscheduler.executors.default - Job "startup.<locals>._expiry_job (trigger: interval[0:01:00], next run at: 2026-05-31 21:39:32 +03)" executed successfully
2026-05-31 21:39:32,067 [INFO] apscheduler.executors.default - Running job "startup.<locals>._expiry_job (trigger: interval[0:01:00], next run at: 2026-05-31 21:40:32 +03)" (scheduled at 2026-05-31 21:39:32.065584+03:00)
2026-05-31 21:39:35,295 [INFO] apscheduler.executors.default - Job "startup.<locals>._expiry_job (trigger: interval[0:01:00], next run at: 2026-05-31 21:40:32 +03)" executed successfully
2026-05-31 21:40:32,070 [INFO] apscheduler.executors.default - Running job "startup.<locals>._expiry_job (trigger: interval[0:01:00], next run at: 2026-05-31 21:41:32 +03)" (scheduled at 2026-05-31 21:40:32.065584+03:00)
2026-05-31 21:40:33,923 [INFO] apscheduler.executors.default - Job "startup.<locals>._expiry_job (trigger: interval[0:01:00], next run at: 2026-05-31 21:41:32 +03)" executed successfully
2026-05-31 21:41:26,169 [INFO] backend.auth - User TCH001 (UserRole.TEACHER) authenticated successfully.
2026-05-31 21:41:26,172 [INFO] backend.auth - User TCH001 (UserRole.TEACHER) authenticated successfully.
2026-05-31 21:41:26,496 [INFO] backend.auth - User TCH001 (UserRole.TEACHER) authenticated successfully.
2026-05-31 21:41:28,941 [INFO] backend.auth - User TCH001 (UserRole.TEACHER) authenticated successfully.
2026-05-31 21:41:32,068 [INFO] apscheduler.executors.default - Running job "startup.<locals>._expiry_job (trigger: interval[0:01:00], next run at: 2026-05-31 21:42:32 +03)" (scheduled at 2026-05-31 21:41:32.065584+03:00)
2026-05-31 21:41:33,700 [INFO] apscheduler.executors.default - Job "startup.<locals>._expiry_job (trigger: interval[0:01:00], next run at: 2026-05-31 21:42:32 +03)" executed successfully
2026-05-31 21:41:36,511 [INFO] backend.auth - User TCH001 (UserRole.TEACHER) authenticated successfully.
2026-05-31 21:41:36,513 [INFO] backend.auth - User TCH001 (UserRole.TEACHER) authenticated successfully.
2026-05-31 21:41:36,514 [INFO] backend.auth - User TCH001 (UserRole.TEACHER) authenticated successfully.
2026-05-31 21:41:39,746 [INFO] backend.auth - User TCH001 (UserRole.TEACHER) authenticated successfully.
2026-05-31 21:42:32,069 [INFO] apscheduler.executors.default - Running job "startup.<locals>._expiry_job (trigger: interval[0:01:00], next run at: 2026-05-31 21:43:32 +03)" (scheduled at 2026-05-31 21:42:32.065584+03:00)
2026-05-31 21:42:33,548 [INFO] apscheduler.executors.default - Job "startup.<locals>._expiry_job (trigger: interval[0:01:00], next run at: 2026-05-31 21:43:32 +03)" executed successfully
2026-05-31 21:42:40,309 [INFO] backend.auth - User TCH001 (UserRole.TEACHER) authenticated successfully.
2026-05-31 21:42:40,311 [INFO] backend.auth - User TCH001 (UserRole.TEACHER) authenticated successfully.
2026-05-31 21:42:41,843 [INFO] backend.auth - User TCH001 (UserRole.TEACHER) authenticated successfully.
2026-05-31 21:42:43,584 [INFO] backend.auth - User TCH001 (UserRole.TEACHER) authenticated successfully.
2026-05-31 21:42:55,973 [INFO] backend.auth - User TCH001 (UserRole.TEACHER) authenticated successfully.
2026-05-31 21:42:55,984 [INFO] backend.auth - User TCH001 (UserRole.TEACHER) authenticated successfully.
2026-05-31 21:42:55,994 [INFO] backend.auth - User TCH001 (UserRole.TEACHER) authenticated successfully.
2026-05-31 21:42:58,533 [INFO] backend.auth - User TCH001 (UserRole.TEACHER) authenticated successfully.
2026-05-31 21:43:32,072 [INFO] apscheduler.executors.default - Running job "startup.<locals>._expiry_job (trigger: interval[0:01:00], next run at: 2026-05-31 21:44:32 +03)" (scheduled at 2026-05-31 21:43:32.065584+03:00)
2026-05-31 21:43:34,184 [INFO] apscheduler.executors.default - Job "startup.<locals>._expiry_job (trigger: interval[0:01:00], next run at: 2026-05-31 21:44:32 +03)" executed successfully
2026-05-31 21:44:32,075 [INFO] apscheduler.executors.default - Running job "startup.<locals>._expiry_job (trigger: interval[0:01:00], next run at: 2026-05-31 21:45:32 +03)" (scheduled at 2026-05-31 21:44:32.065584+03:00)
2026-05-31 21:44:34,468 [INFO] apscheduler.executors.default - Job "startup.<locals>._expiry_job (trigger: interval[0:01:00], next run at: 2026-05-31 21:45:32 +03)" executed successfully
2026-05-31 21:45:32,072 [INFO] apscheduler.executors.default - Running job "startup.<locals>._expiry_job (trigger: interval[0:01:00], next run at: 2026-05-31 21:46:32 +03)" (scheduled at 2026-05-31 21:45:32.065584+03:00)
2026-05-31 21:45:34,928 [INFO] apscheduler.executors.default - Job "startup.<locals>._expiry_job (trigger: interval[0:01:00], next run at: 2026-05-31 21:46:32 +03)" executed successfully
2026-05-31 21:45:54,766 [INFO] backend.auth - User TCH001 (UserRole.TEACHER) authenticated successfully.
2026-05-31 21:46:32,073 [INFO] apscheduler.executors.default - Running job "startup.<locals>._expiry_job (trigger: interval[0:01:00], next run at: 2026-05-31 21:47:32 +03)" (scheduled at 2026-05-31 21:46:32.065584+03:00)
2026-05-31 21:46:33,978 [INFO] apscheduler.executors.default - Job "startup.<locals>._expiry_job (trigger: interval[0:01:00], next run at: 2026-05-31 21:47:32 +03)" executed successfully
2026-05-31 21:47:32,066 [INFO] apscheduler.executors.default - Running job "startup.<locals>._expiry_job (trigger: interval[0:01:00], next run at: 2026-05-31 21:48:32 +03)" (scheduled at 2026-05-31 21:47:32.065584+03:00)
2026-05-31 21:47:33,786 [INFO] apscheduler.executors.default - Job "startup.<locals>._expiry_job (trigger: interval[0:01:00], next run at: 2026-05-31 21:48:32 +03)" executed successfully
2026-05-31 21:48:32,070 [INFO] apscheduler.executors.default - Running job "startup.<locals>._expiry_job (trigger: interval[0:01:00], next run at: 2026-05-31 21:49:32 +03)" (scheduled at 2026-05-31 21:48:32.065584+03:00)
2026-05-31 21:48:33,691 [INFO] apscheduler.executors.default - Job "startup.<locals>._expiry_job (trigger: interval[0:01:00], next run at: 2026-05-31 21:49:32 +03)" executed successfully
2026-05-31 21:49:32,066 [INFO] apscheduler.executors.default - Running job "startup.<locals>._expiry_job (trigger: interval[0:01:00], next run at: 2026-05-31 21:50:32 +03)" (scheduled at 2026-05-31 21:49:32.065584+03:00)
2026-05-31 21:49:34,431 [INFO] apscheduler.executors.default - Job "startup.<locals>._expiry_job (trigger: interval[0:01:00], next run at: 2026-05-31 21:50:32 +03)" executed successfully
2026-05-31 21:50:32,067 [INFO] apscheduler.executors.default - Running job "startup.<locals>._expiry_job (trigger: interval[0:01:00], next run at: 2026-05-31 21:51:32 +03)" (scheduled at 2026-05-31 21:50:32.065584+03:00)
2026-05-31 21:50:34,912 [INFO] apscheduler.executors.default - Job "startup.<locals>._expiry_job (trigger: interval[0:01:00], next run at: 2026-05-31 21:51:32 +03)" executed successfully
2026-05-31 21:51:32,080 [INFO] apscheduler.executors.default - Running job "startup.<locals>._expiry_job (trigger: interval[0:01:00], next run at: 2026-05-31 21:52:32 +03)" (scheduled at 2026-05-31 21:51:32.065584+03:00)
2026-05-31 21:51:35,310 [INFO] apscheduler.executors.default - Job "startup.<locals>._expiry_job (trigger: interval[0:01:00], next run at: 2026-05-31 21:52:32 +03)" executed successfully
2026-05-31 21:52:32,068 [INFO] apscheduler.executors.default - Running job "startup.<locals>._expiry_job (trigger: interval[0:01:00], next run at: 2026-05-31 21:53:32 +03)" (scheduled at 2026-05-31 21:52:32.065584+03:00)
2026-05-31 21:52:35,151 [INFO] apscheduler.executors.default - Job "startup.<locals>._expiry_job (trigger: interval[0:01:00], next run at: 2026-05-31 21:53:32 +03)" executed successfully
2026-05-31 21:53:32,072 [INFO] apscheduler.executors.default - Running job "startup.<locals>._expiry_job (trigger: interval[0:01:00], next run at: 2026-05-31 21:54:32 +03)" (scheduled at 2026-05-31 21:53:32.065584+03:00)
2026-05-31 21:53:34,882 [INFO] apscheduler.executors.default - Job "startup.<locals>._expiry_job (trigger: interval[0:01:00], next run at: 2026-05-31 21:54:32 +03)" executed successfully
2026-05-31 21:54:07,090 [INFO] backend.auth - User TCH001 (UserRole.TEACHER) authenticated successfully.
2026-05-31 21:54:07,106 [INFO] backend.auth - User TCH001 (UserRole.TEACHER) authenticated successfully.
2026-05-31 21:54:07,108 [INFO] backend.auth - User TCH001 (UserRole.TEACHER) authenticated successfully.
2026-05-31 21:54:10,445 [INFO] backend.auth - User TCH001 (UserRole.TEACHER) authenticated successfully.
2026-05-31 21:54:32,082 [INFO] apscheduler.executors.default - Running job "startup.<locals>._expiry_job (trigger: interval[0:01:00], next run at: 2026-05-31 21:55:32 +03)" (scheduled at 2026-05-31 21:54:32.065584+03:00)
2026-05-31 21:54:33,884 [INFO] apscheduler.executors.default - Job "startup.<locals>._expiry_job (trigger: interval[0:01:00], next run at: 2026-05-31 21:55:32 +03)" executed successfully
2026-05-31 21:55:32,073 [INFO] apscheduler.executors.default - Running job "startup.<locals>._expiry_job (trigger: interval[0:01:00], next run at: 2026-05-31 21:56:32 +03)" (scheduled at 2026-05-31 21:55:32.065584+03:00)
2026-05-31 21:55:33,751 [INFO] apscheduler.executors.default - Job "startup.<locals>._expiry_job (trigger: interval[0:01:00], next run at: 2026-05-31 21:56:32 +03)" executed successfully
2026-05-31 21:55:58,150 [INFO] backend.auth - User TCH001 (UserRole.TEACHER) authenticated successfully.
2026-05-31 21:55:58,162 [INFO] backend.auth - User TCH001 (UserRole.TEACHER) authenticated successfully.
2026-05-31 21:55:58,165 [INFO] backend.auth - User TCH001 (UserRole.TEACHER) authenticated successfully.
2026-05-31 21:56:02,921 [INFO] backend.auth - User TCH001 (UserRole.TEACHER) authenticated successfully.
2026-05-31 21:56:32,071 [INFO] apscheduler.executors.default - Running job "startup.<locals>._expiry_job (trigger: interval[0:01:00], next run at: 2026-05-31 21:57:32 +03)" (scheduled at 2026-05-31 21:56:32.065584+03:00)
2026-05-31 21:56:33,745 [INFO] apscheduler.executors.default - Job "startup.<locals>._expiry_job (trigger: interval[0:01:00], next run at: 2026-05-31 21:57:32 +03)" executed successfully
2026-05-31 21:57:32,067 [INFO] apscheduler.executors.default - Running job "startup.<locals>._expiry_job (trigger: interval[0:01:00], next run at: 2026-05-31 21:58:32 +03)" (scheduled at 2026-05-31 21:57:32.065584+03:00)
2026-05-31 21:57:34,979 [INFO] apscheduler.executors.default - Job "startup.<locals>._expiry_job (trigger: interval[0:01:00], next run at: 2026-05-31 21:58:32 +03)" executed successfully
2026-05-31 21:58:32,072 [INFO] apscheduler.executors.default - Running job "startup.<locals>._expiry_job (trigger: interval[0:01:00], next run at: 2026-05-31 21:59:32 +03)" (scheduled at 2026-05-31 21:58:32.065584+03:00)
2026-05-31 21:58:33,865 [INFO] apscheduler.executors.default - Job "startup.<locals>._expiry_job (trigger: interval[0:01:00], next run at: 2026-05-31 21:59:32 +03)" executed successfully
2026-05-31 21:59:32,069 [INFO] apscheduler.executors.default - Running job "startup.<locals>._expiry_job (trigger: interval[0:01:00], next run at: 2026-05-31 22:00:32 +03)" (scheduled at 2026-05-31 21:59:32.065584+03:00)
2026-05-31 21:59:34,966 [INFO] apscheduler.executors.default - Job "startup.<locals>._expiry_job (trigger: interval[0:01:00], next run at: 2026-05-31 22:00:32 +03)" executed successfully
2026-05-31 22:00:32,077 [INFO] apscheduler.executors.default - Running job "startup.<locals>._expiry_job (trigger: interval[0:01:00], next run at: 2026-05-31 22:01:32 +03)" (scheduled at 2026-05-31 22:00:32.065584+03:00)
2026-05-31 22:00:35,063 [INFO] apscheduler.executors.default - Job "startup.<locals>._expiry_job (trigger: interval[0:01:00], next run at: 2026-05-31 22:01:32 +03)" executed successfully
2026-05-31 22:01:32,071 [INFO] apscheduler.executors.default - Running job "startup.<locals>._expiry_job (trigger: interval[0:01:00], next run at: 2026-05-31 22:02:32 +03)" (scheduled at 2026-05-31 22:01:32.065584+03:00)
2026-05-31 22:01:33,779 [INFO] apscheduler.executors.default - Job "startup.<locals>._expiry_job (trigger: interval[0:01:00], next run at: 2026-05-31 22:02:32 +03)" executed successfully
2026-05-31 22:02:32,070 [INFO] apscheduler.executors.default - Running job "startup.<locals>._expiry_job (trigger: interval[0:01:00], next run at: 2026-05-31 22:03:32 +03)" (scheduled at 2026-05-31 22:02:32.065584+03:00)
2026-05-31 22:02:35,134 [INFO] apscheduler.executors.default - Job "startup.<locals>._expiry_job (trigger: interval[0:01:00], next run at: 2026-05-31 22:03:32 +03)" executed successfully
2026-05-31 22:03:32,067 [INFO] apscheduler.executors.default - Running job "startup.<locals>._expiry_job (trigger: interval[0:01:00], next run at: 2026-05-31 22:04:32 +03)" (scheduled at 2026-05-31 22:03:32.065584+03:00)
2026-05-31 22:03:34,920 [INFO] apscheduler.executors.default - Job "startup.<locals>._expiry_job (trigger: interval[0:01:00], next run at: 2026-05-31 22:04:32 +03)" executed successfully
2026-05-31 22:04:32,068 [INFO] apscheduler.executors.default - Running job "startup.<locals>._expiry_job (trigger: interval[0:01:00], next run at: 2026-05-31 22:05:32 +03)" (scheduled at 2026-05-31 22:04:32.065584+03:00)
2026-05-31 22:04:33,925 [INFO] apscheduler.executors.default - Job "startup.<locals>._expiry_job (trigger: interval[0:01:00], next run at: 2026-05-31 22:05:32 +03)" executed successfully
2026-05-31 22:05:32,076 [INFO] apscheduler.executors.default - Running job "startup.<locals>._expiry_job (trigger: interval[0:01:00], next run at: 2026-05-31 22:06:32 +03)" (scheduled at 2026-05-31 22:05:32.065584+03:00)
2026-05-31 22:05:35,119 [INFO] apscheduler.executors.default - Job "startup.<locals>._expiry_job (trigger: interval[0:01:00], next run at: 2026-05-31 22:06:32 +03)" executed successfully
2026-05-31 22:06:32,068 [INFO] apscheduler.executors.default - Running job "startup.<locals>._expiry_job (trigger: interval[0:01:00], next run at: 2026-05-31 22:07:32 +03)" (scheduled at 2026-05-31 22:06:32.065584+03:00)
2026-05-31 22:06:33,519 [INFO] apscheduler.executors.default - Job "startup.<locals>._expiry_job (trigger: interval[0:01:00], next run at: 2026-05-31 22:07:32 +03)" executed successfully
2026-05-31 22:12:04,014 [WARNING] apscheduler.executors.default - Run time of job "startup.<locals>._expiry_job (trigger: interval[0:01:00], next run at: 2026-05-31 22:12:32 +03)" was missed by 0:00:31.949355
2026-05-31 22:12:06,885 [WARNING] backend.auth - Invalid or expired JWT token received.
2026-05-31 22:12:06,890 [WARNING] backend.auth - Invalid or expired JWT token received.
2026-05-31 22:12:06,904 [WARNING] backend.auth - Invalid or expired JWT token received.
2026-05-31 22:12:06,906 [WARNING] backend.auth - Invalid or expired JWT token received.
2026-05-31 22:12:32,072 [INFO] apscheduler.executors.default - Running job "startup.<locals>._expiry_job (trigger: interval[0:01:00], next run at: 2026-05-31 22:13:32 +03)" (scheduled at 2026-05-31 22:12:32.065584+03:00)
2026-05-31 22:12:34,933 [INFO] apscheduler.executors.default - Job "startup.<locals>._expiry_job (trigger: interval[0:01:00], next run at: 2026-05-31 22:13:32 +03)" executed successfully
2026-05-31 22:13:32,073 [INFO] apscheduler.executors.default - Running job "startup.<locals>._expiry_job (trigger: interval[0:01:00], next run at: 2026-05-31 22:14:32 +03)" (scheduled at 2026-05-31 22:13:32.065584+03:00)
2026-05-31 22:13:35,203 [INFO] apscheduler.executors.default - Job "startup.<locals>._expiry_job (trigger: interval[0:01:00], next run at: 2026-05-31 22:14:32 +03)" executed successfully
2026-05-31 22:14:32,073 [INFO] apscheduler.executors.default - Running job "startup.<locals>._expiry_job (trigger: interval[0:01:00], next run at: 2026-05-31 22:15:32 +03)" (scheduled at 2026-05-31 22:14:32.065584+03:00)
2026-05-31 22:14:34,798 [INFO] apscheduler.executors.default - Job "startup.<locals>._expiry_job (trigger: interval[0:01:00], next run at: 2026-05-31 22:15:32 +03)" executed successfully
2026-05-31 22:15:32,072 [INFO] apscheduler.executors.default - Running job "startup.<locals>._expiry_job (trigger: interval[0:01:00], next run at: 2026-05-31 22:16:32 +03)" (scheduled at 2026-05-31 22:15:32.065584+03:00)
2026-05-31 22:15:34,397 [INFO] apscheduler.executors.default - Job "startup.<locals>._expiry_job (trigger: interval[0:01:00], next run at: 2026-05-31 22:16:32 +03)" executed successfully
2026-05-31 22:16:32,070 [INFO] apscheduler.executors.default - Running job "startup.<locals>._expiry_job (trigger: interval[0:01:00], next run at: 2026-05-31 22:17:32 +03)" (scheduled at 2026-05-31 22:16:32.065584+03:00)
2026-05-31 22:16:33,862 [INFO] apscheduler.executors.default - Job "startup.<locals>._expiry_job (trigger: interval[0:01:00], next run at: 2026-05-31 22:17:32 +03)" executed successfully
2026-05-31 22:17:32,080 [INFO] apscheduler.executors.default - Running job "startup.<locals>._expiry_job (trigger: interval[0:01:00], next run at: 2026-05-31 22:18:32 +03)" (scheduled at 2026-05-31 22:17:32.065584+03:00)
2026-05-31 22:17:33,679 [INFO] apscheduler.executors.default - Job "startup.<locals>._expiry_job (trigger: interval[0:01:00], next run at: 2026-05-31 22:18:32 +03)" executed successfully
2026-05-31 22:18:32,077 [INFO] apscheduler.executors.default - Running job "startup.<locals>._expiry_job (trigger: interval[0:01:00], next run at: 2026-05-31 22:19:32 +03)" (scheduled at 2026-05-31 22:18:32.065584+03:00)
2026-05-31 22:18:33,639 [INFO] apscheduler.executors.default - Job "startup.<locals>._expiry_job (trigger: interval[0:01:00], next run at: 2026-05-31 22:19:32 +03)" executed successfully
2026-05-31 22:19:32,072 [INFO] apscheduler.executors.default - Running job "startup.<locals>._expiry_job (trigger: interval[0:01:00], next run at: 2026-05-31 22:20:32 +03)" (scheduled at 2026-05-31 22:19:32.065584+03:00)
2026-05-31 22:19:33,742 [INFO] apscheduler.executors.default - Job "startup.<locals>._expiry_job (trigger: interval[0:01:00], next run at: 2026-05-31 22:20:32 +03)" executed successfully
2026-05-31 22:20:32,083 [INFO] apscheduler.executors.default - Running job "startup.<locals>._expiry_job (trigger: interval[0:01:00], next run at: 2026-05-31 22:21:32 +03)" (scheduled at 2026-05-31 22:20:32.065584+03:00)
2026-05-31 22:20:34,714 [INFO] apscheduler.executors.default - Job "startup.<locals>._expiry_job (trigger: interval[0:01:00], next run at: 2026-05-31 22:21:32 +03)" executed successfully
2026-05-31 22:21:32,067 [INFO] apscheduler.executors.default - Running job "startup.<locals>._expiry_job (trigger: interval[0:01:00], next run at: 2026-05-31 22:22:32 +03)" (scheduled at 2026-05-31 22:21:32.065584+03:00)
2026-05-31 22:21:34,845 [INFO] apscheduler.executors.default - Job "startup.<locals>._expiry_job (trigger: interval[0:01:00], next run at: 2026-05-31 22:22:32 +03)" executed successfully
2026-05-31 22:22:32,070 [INFO] apscheduler.executors.default - Running job "startup.<locals>._expiry_job (trigger: interval[0:01:00], next run at: 2026-05-31 22:23:32 +03)" (scheduled at 2026-05-31 22:22:32.065584+03:00)
2026-05-31 22:22:35,058 [INFO] apscheduler.executors.default - Job "startup.<locals>._expiry_job (trigger: interval[0:01:00], next run at: 2026-05-31 22:23:32 +03)" executed successfully
2026-05-31 22:23:32,079 [INFO] apscheduler.executors.default - Running job "startup.<locals>._expiry_job (trigger: interval[0:01:00], next run at: 2026-05-31 22:24:32 +03)" (scheduled at 2026-05-31 22:23:32.065584+03:00)
2026-05-31 22:23:34,737 [INFO] apscheduler.executors.default - Job "startup.<locals>._expiry_job (trigger: interval[0:01:00], next run at: 2026-05-31 22:24:32 +03)" executed successfully
2026-05-31 22:24:32,071 [INFO] apscheduler.executors.default - Running job "startup.<locals>._expiry_job (trigger: interval[0:01:00], next run at: 2026-05-31 22:25:32 +03)" (scheduled at 2026-05-31 22:24:32.065584+03:00)
2026-05-31 22:24:34,149 [INFO] apscheduler.executors.default - Job "startup.<locals>._expiry_job (trigger: interval[0:01:00], next run at: 2026-05-31 22:25:32 +03)" executed successfully
2026-05-31 22:25:32,067 [INFO] apscheduler.executors.default - Running job "startup.<locals>._expiry_job (trigger: interval[0:01:00], next run at: 2026-05-31 22:26:32 +03)" (scheduled at 2026-05-31 22:25:32.065584+03:00)
2026-05-31 22:25:33,747 [INFO] apscheduler.executors.default - Job "startup.<locals>._expiry_job (trigger: interval[0:01:00], next run at: 2026-05-31 22:26:32 +03)" executed successfully
2026-05-31 22:26:32,068 [INFO] apscheduler.executors.default - Running job "startup.<locals>._expiry_job (trigger: interval[0:01:00], next run at: 2026-05-31 22:27:32 +03)" (scheduled at 2026-05-31 22:26:32.065584+03:00)
2026-05-31 22:26:33,939 [INFO] apscheduler.executors.default - Job "startup.<locals>._expiry_job (trigger: interval[0:01:00], next run at: 2026-05-31 22:27:32 +03)" executed successfully
2026-05-31 22:27:32,071 [INFO] apscheduler.executors.default - Running job "startup.<locals>._expiry_job (trigger: interval[0:01:00], next run at: 2026-05-31 22:28:32 +03)" (scheduled at 2026-05-31 22:27:32.065584+03:00)
2026-05-31 22:27:33,497 [INFO] apscheduler.executors.default - Job "startup.<locals>._expiry_job (trigger: interval[0:01:00], next run at: 2026-05-31 22:28:32 +03)" executed successfully
2026-05-31 22:28:32,075 [INFO] apscheduler.executors.default - Running job "startup.<locals>._expiry_job (trigger: interval[0:01:00], next run at: 2026-05-31 22:29:32 +03)" (scheduled at 2026-05-31 22:28:32.065584+03:00)
2026-05-31 22:28:34,996 [INFO] apscheduler.executors.default - Job "startup.<locals>._expiry_job (trigger: interval[0:01:00], next run at: 2026-05-31 22:29:32 +03)" executed successfully
2026-05-31 22:29:32,079 [INFO] apscheduler.executors.default - Running job "startup.<locals>._expiry_job (trigger: interval[0:01:00], next run at: 2026-05-31 22:30:32 +03)" (scheduled at 2026-05-31 22:29:32.065584+03:00)
2026-05-31 22:29:35,252 [INFO] apscheduler.executors.default - Job "startup.<locals>._expiry_job (trigger: interval[0:01:00], next run at: 2026-05-31 22:30:32 +03)" executed successfully
2026-05-31 22:30:32,072 [INFO] apscheduler.executors.default - Running job "startup.<locals>._expiry_job (trigger: interval[0:01:00], next run at: 2026-05-31 22:31:32 +03)" (scheduled at 2026-05-31 22:30:32.065584+03:00)
2026-05-31 22:30:34,909 [INFO] apscheduler.executors.default - Job "startup.<locals>._expiry_job (trigger: interval[0:01:00], next run at: 2026-05-31 22:31:32 +03)" executed successfully
2026-05-31 22:31:32,069 [INFO] apscheduler.executors.default - Running job "startup.<locals>._expiry_job (trigger: interval[0:01:00], next run at: 2026-05-31 22:32:32 +03)" (scheduled at 2026-05-31 22:31:32.065584+03:00)
2026-05-31 22:31:34,651 [INFO] apscheduler.executors.default - Job "startup.<locals>._expiry_job (trigger: interval[0:01:00], next run at: 2026-05-31 22:32:32 +03)" executed successfully
2026-05-31 22:32:32,076 [INFO] apscheduler.executors.default - Running job "startup.<locals>._expiry_job (trigger: interval[0:01:00], next run at: 2026-05-31 22:33:32 +03)" (scheduled at 2026-05-31 22:32:32.065584+03:00)
2026-05-31 22:32:33,632 [INFO] apscheduler.executors.default - Job "startup.<locals>._expiry_job (trigger: interval[0:01:00], next run at: 2026-05-31 22:33:32 +03)" executed successfully
2026-05-31 22:33:32,073 [INFO] apscheduler.executors.default - Running job "startup.<locals>._expiry_job (trigger: interval[0:01:00], next run at: 2026-05-31 22:34:32 +03)" (scheduled at 2026-05-31 22:33:32.065584+03:00)
2026-05-31 22:33:33,596 [INFO] apscheduler.executors.default - Job "startup.<locals>._expiry_job (trigger: interval[0:01:00], next run at: 2026-05-31 22:34:32 +03)" executed successfully
2026-05-31 22:34:32,081 [INFO] apscheduler.executors.default - Running job "startup.<locals>._expiry_job (trigger: interval[0:01:00], next run at: 2026-05-31 22:35:32 +03)" (scheduled at 2026-05-31 22:34:32.065584+03:00)
2026-05-31 22:34:33,599 [INFO] apscheduler.executors.default - Job "startup.<locals>._expiry_job (trigger: interval[0:01:00], next run at: 2026-05-31 22:35:32 +03)" executed successfully
2026-05-31 22:35:32,072 [INFO] apscheduler.executors.default - Running job "startup.<locals>._expiry_job (trigger: interval[0:01:00], next run at: 2026-05-31 22:36:32 +03)" (scheduled at 2026-05-31 22:35:32.065584+03:00)
2026-05-31 22:35:33,648 [INFO] apscheduler.executors.default - Job "startup.<locals>._expiry_job (trigger: interval[0:01:00], next run at: 2026-05-31 22:36:32 +03)" executed successfully
2026-05-31 22:36:32,067 [INFO] apscheduler.executors.default - Running job "startup.<locals>._expiry_job (trigger: interval[0:01:00], next run at: 2026-05-31 22:37:32 +03)" (scheduled at 2026-05-31 22:36:32.065584+03:00)
2026-05-31 22:36:34,878 [INFO] apscheduler.executors.default - Job "startup.<locals>._expiry_job (trigger: interval[0:01:00], next run at: 2026-05-31 22:37:32 +03)" executed successfully
2026-05-31 22:37:32,078 [INFO] apscheduler.executors.default - Running job "startup.<locals>._expiry_job (trigger: interval[0:01:00], next run at: 2026-05-31 22:38:32 +03)" (scheduled at 2026-05-31 22:37:32.065584+03:00)
2026-05-31 22:37:35,082 [INFO] apscheduler.executors.default - Job "startup.<locals>._expiry_job (trigger: interval[0:01:00], next run at: 2026-05-31 22:38:32 +03)" executed successfully
2026-05-31 22:37:56,302 [INFO] apscheduler.scheduler - Scheduler has been shut down
2026-05-31 22:38:09,044 [INFO] apscheduler.scheduler - Adding job tentatively -- it will be properly scheduled when the scheduler starts
2026-05-31 22:38:09,045 [INFO] apscheduler.scheduler - Added job "startup.<locals>._expiry_job" to job store "default"
2026-05-31 22:38:09,045 [INFO] apscheduler.scheduler - Scheduler started
2026-05-31 22:39:09,054 [INFO] apscheduler.executors.default - Running job "startup.<locals>._expiry_job (trigger: interval[0:01:00], next run at: 2026-05-31 22:40:09 +03)" (scheduled at 2026-05-31 22:39:09.044147+03:00)
2026-05-31 22:39:14,489 [INFO] apscheduler.executors.default - Job "startup.<locals>._expiry_job (trigger: interval[0:01:00], next run at: 2026-05-31 22:40:09 +03)" executed successfully
2026-05-31 22:40:09,045 [INFO] apscheduler.executors.default - Running job "startup.<locals>._expiry_job (trigger: interval[0:01:00], next run at: 2026-05-31 22:41:09 +03)" (scheduled at 2026-05-31 22:40:09.044147+03:00)
2026-05-31 22:40:10,803 [INFO] apscheduler.executors.default - Job "startup.<locals>._expiry_job (trigger: interval[0:01:00], next run at: 2026-05-31 22:41:09 +03)" executed successfully
2026-05-31 22:40:35,213 [INFO] apscheduler.scheduler - Scheduler has been shut down
2026-05-31 22:40:39,239 [INFO] apscheduler.scheduler - Adding job tentatively -- it will be properly scheduled when the scheduler starts
2026-05-31 22:40:39,241 [INFO] apscheduler.scheduler - Added job "startup.<locals>._expiry_job" to job store "default"
2026-05-31 22:40:39,241 [INFO] apscheduler.scheduler - Scheduler started
2026-05-31 22:40:44,223 [WARNING] backend.auth - Invalid or expired JWT token received.
2026-05-31 22:40:44,226 [WARNING] backend.auth - Invalid or expired JWT token received.
2026-05-31 22:40:44,231 [WARNING] backend.auth - Invalid or expired JWT token received.
2026-05-31 22:40:44,234 [WARNING] backend.auth - Invalid or expired JWT token received.
2026-05-31 22:41:39,249 [INFO] apscheduler.executors.default - Running job "startup.<locals>._expiry_job (trigger: interval[0:01:00], next run at: 2026-05-31 22:42:39 +03)" (scheduled at 2026-05-31 22:41:39.239784+03:00)
2026-05-31 22:41:45,017 [INFO] apscheduler.executors.default - Job "startup.<locals>._expiry_job (trigger: interval[0:01:00], next run at: 2026-05-31 22:42:39 +03)" executed successfully
2026-05-31 22:41:48,316 [WARNING] backend.auth - Invalid or expired JWT token received.
2026-05-31 22:41:48,320 [WARNING] backend.auth - Invalid or expired JWT token received.
2026-05-31 22:41:48,322 [WARNING] backend.auth - Invalid or expired JWT token received.
2026-05-31 22:41:48,328 [WARNING] backend.auth - Invalid or expired JWT token received.
2026-05-31 22:41:59,690 [INFO] backend.auth - User TCH001 (UserRole.TEACHER) authenticated successfully.
2026-05-31 22:42:01,249 [INFO] backend.auth - User TCH001 (UserRole.TEACHER) authenticated successfully.
2026-05-31 22:42:01,275 [INFO] backend.auth - User TCH001 (UserRole.TEACHER) authenticated successfully.
2026-05-31 22:42:03,830 [INFO] backend.auth - User TCH001 (UserRole.TEACHER) authenticated successfully.
2026-05-31 22:42:10,535 [INFO] backend.auth - User TCH001 (UserRole.TEACHER) authenticated successfully.
2026-05-31 22:42:10,537 [INFO] backend.auth - User TCH001 (UserRole.TEACHER) authenticated successfully.
2026-05-31 22:42:10,906 [INFO] backend.auth - User TCH001 (UserRole.TEACHER) authenticated successfully.
2026-05-31 22:42:12,635 [INFO] backend.auth - User TCH001 (UserRole.TEACHER) authenticated successfully.
2026-05-31 22:42:39,244 [INFO] apscheduler.executors.default - Running job "startup.<locals>._expiry_job (trigger: interval[0:01:00], next run at: 2026-05-31 22:43:39 +03)" (scheduled at 2026-05-31 22:42:39.239784+03:00)
2026-05-31 22:42:41,750 [INFO] apscheduler.executors.default - Job "startup.<locals>._expiry_job (trigger: interval[0:01:00], next run at: 2026-05-31 22:43:39 +03)" executed successfully
2026-05-31 22:43:39,248 [INFO] apscheduler.executors.default - Running job "startup.<locals>._expiry_job (trigger: interval[0:01:00], next run at: 2026-05-31 22:44:39 +03)" (scheduled at 2026-05-31 22:43:39.239784+03:00)
2026-05-31 22:43:41,109 [INFO] apscheduler.executors.default - Job "startup.<locals>._expiry_job (trigger: interval[0:01:00], next run at: 2026-05-31 22:44:39 +03)" executed successfully
2026-05-31 22:44:39,244 [INFO] apscheduler.executors.default - Running job "startup.<locals>._expiry_job (trigger: interval[0:01:00], next run at: 2026-05-31 22:45:39 +03)" (scheduled at 2026-05-31 22:44:39.239784+03:00)
2026-05-31 22:44:41,547 [INFO] apscheduler.executors.default - Job "startup.<locals>._expiry_job (trigger: interval[0:01:00], next run at: 2026-05-31 22:45:39 +03)" executed successfully
2026-05-31 22:44:50,001 [INFO] apscheduler.scheduler - Scheduler has been shut down
2026-05-31 22:45:01,641 [INFO] apscheduler.scheduler - Adding job tentatively -- it will be properly scheduled when the scheduler starts
2026-05-31 22:45:01,642 [INFO] apscheduler.scheduler - Added job "startup.<locals>._expiry_job" to job store "default"
2026-05-31 22:45:01,642 [INFO] apscheduler.scheduler - Scheduler started
2026-05-31 22:45:12,588 [INFO] backend.auth - User TCH001 (UserRole.TEACHER) authenticated successfully.
2026-05-31 22:45:12,687 [INFO] backend.auth - User TCH001 (UserRole.TEACHER) authenticated successfully.
2026-05-31 22:45:12,894 [INFO] backend.auth - User TCH001 (UserRole.TEACHER) authenticated successfully.
2026-05-31 22:45:15,469 [INFO] backend.auth - User TCH001 (UserRole.TEACHER) authenticated successfully.
2026-05-31 22:46:01,647 [INFO] apscheduler.executors.default - Running job "startup.<locals>._expiry_job (trigger: interval[0:01:00], next run at: 2026-05-31 22:47:01 +03)" (scheduled at 2026-05-31 22:46:01.640956+03:00)
2026-05-31 22:46:03,858 [INFO] apscheduler.executors.default - Job "startup.<locals>._expiry_job (trigger: interval[0:01:00], next run at: 2026-05-31 22:47:01 +03)" executed successfully
2026-05-31 22:47:01,642 [INFO] apscheduler.executors.default - Running job "startup.<locals>._expiry_job (trigger: interval[0:01:00], next run at: 2026-05-31 22:48:01 +03)" (scheduled at 2026-05-31 22:47:01.640956+03:00)
2026-05-31 22:47:04,345 [INFO] apscheduler.executors.default - Job "startup.<locals>._expiry_job (trigger: interval[0:01:00], next run at: 2026-05-31 22:48:01 +03)" executed successfully
2026-05-31 22:48:01,650 [INFO] apscheduler.executors.default - Running job "startup.<locals>._expiry_job (trigger: interval[0:01:00], next run at: 2026-05-31 22:49:01 +03)" (scheduled at 2026-05-31 22:48:01.640956+03:00)
2026-05-31 22:48:03,901 [INFO] apscheduler.executors.default - Job "startup.<locals>._expiry_job (trigger: interval[0:01:00], next run at: 2026-05-31 22:49:01 +03)" executed successfully
2026-05-31 22:48:36,882 [INFO] apscheduler.scheduler - Scheduler has been shut down
2026-05-31 22:48:39,230 [INFO] apscheduler.scheduler - Adding job tentatively -- it will be properly scheduled when the scheduler starts
2026-05-31 22:48:39,231 [INFO] apscheduler.scheduler - Added job "startup.<locals>._expiry_job" to job store "default"
2026-05-31 22:48:39,231 [INFO] apscheduler.scheduler - Scheduler started
2026-05-31 22:49:39,238 [INFO] apscheduler.executors.default - Running job "startup.<locals>._expiry_job (trigger: interval[0:01:00], next run at: 2026-05-31 22:50:39 +03)" (scheduled at 2026-05-31 22:49:39.229924+03:00)
2026-05-31 22:49:45,546 [INFO] apscheduler.executors.default - Job "startup.<locals>._expiry_job (trigger: interval[0:01:00], next run at: 2026-05-31 22:50:39 +03)" executed successfully
2026-05-31 22:50:39,238 [INFO] apscheduler.executors.default - Running job "startup.<locals>._expiry_job (trigger: interval[0:01:00], next run at: 2026-05-31 22:51:39 +03)" (scheduled at 2026-05-31 22:50:39.229924+03:00)
2026-05-31 22:50:40,726 [INFO] apscheduler.executors.default - Job "startup.<locals>._expiry_job (trigger: interval[0:01:00], next run at: 2026-05-31 22:51:39 +03)" executed successfully
2026-05-31 22:51:39,244 [INFO] apscheduler.executors.default - Running job "startup.<locals>._expiry_job (trigger: interval[0:01:00], next run at: 2026-05-31 22:52:39 +03)" (scheduled at 2026-05-31 22:51:39.229924+03:00)
2026-05-31 22:51:40,985 [INFO] apscheduler.executors.default - Job "startup.<locals>._expiry_job (trigger: interval[0:01:00], next run at: 2026-05-31 22:52:39 +03)" executed successfully
2026-05-31 22:52:39,235 [INFO] apscheduler.executors.default - Running job "startup.<locals>._expiry_job (trigger: interval[0:01:00], next run at: 2026-05-31 22:53:39 +03)" (scheduled at 2026-05-31 22:52:39.229924+03:00)
2026-05-31 22:52:41,203 [INFO] apscheduler.executors.default - Job "startup.<locals>._expiry_job (trigger: interval[0:01:00], next run at: 2026-05-31 22:53:39 +03)" executed successfully
2026-05-31 22:53:39,247 [INFO] apscheduler.executors.default - Running job "startup.<locals>._expiry_job (trigger: interval[0:01:00], next run at: 2026-05-31 22:54:39 +03)" (scheduled at 2026-05-31 22:53:39.229924+03:00)
2026-05-31 22:53:41,045 [INFO] apscheduler.executors.default - Job "startup.<locals>._expiry_job (trigger: interval[0:01:00], next run at: 2026-05-31 22:54:39 +03)" executed successfully
2026-05-31 22:54:39,233 [INFO] apscheduler.executors.default - Running job "startup.<locals>._expiry_job (trigger: interval[0:01:00], next run at: 2026-05-31 22:55:39 +03)" (scheduled at 2026-05-31 22:54:39.229924+03:00)
2026-05-31 22:54:40,856 [INFO] apscheduler.executors.default - Job "startup.<locals>._expiry_job (trigger: interval[0:01:00], next run at: 2026-05-31 22:55:39 +03)" executed successfully
2026-05-31 22:55:39,239 [INFO] apscheduler.executors.default - Running job "startup.<locals>._expiry_job (trigger: interval[0:01:00], next run at: 2026-05-31 22:56:39 +03)" (scheduled at 2026-05-31 22:55:39.229924+03:00)
2026-05-31 22:55:42,043 [INFO] apscheduler.executors.default - Job "startup.<locals>._expiry_job (trigger: interval[0:01:00], next run at: 2026-05-31 22:56:39 +03)" executed successfully
2026-05-31 22:56:11,122 [INFO] apscheduler.scheduler - Scheduler has been shut down
2026-05-31 22:56:13,534 [INFO] apscheduler.scheduler - Adding job tentatively -- it will be properly scheduled when the scheduler starts
2026-05-31 22:56:13,535 [INFO] apscheduler.scheduler - Added job "startup.<locals>._expiry_job" to job store "default"
2026-05-31 22:56:13,536 [INFO] apscheduler.scheduler - Scheduler started
2026-05-31 22:56:31,708 [INFO] backend.auth - User TCH001 (UserRole.TEACHER) authenticated successfully.
2026-05-31 22:56:31,710 [INFO] backend.auth - User TCH001 (UserRole.TEACHER) authenticated successfully.
2026-05-31 22:56:31,863 [INFO] backend.auth - User TCH001 (UserRole.TEACHER) authenticated successfully.
2026-05-31 22:56:34,846 [INFO] backend.auth - User TCH001 (UserRole.TEACHER) authenticated successfully.
2026-05-31 22:57:13,546 [INFO] apscheduler.executors.default - Running job "startup.<locals>._expiry_job (trigger: interval[0:01:00], next run at: 2026-05-31 22:58:13 +03)" (scheduled at 2026-05-31 22:57:13.534585+03:00)
2026-05-31 22:57:15,878 [INFO] apscheduler.executors.default - Job "startup.<locals>._expiry_job (trigger: interval[0:01:00], next run at: 2026-05-31 22:58:13 +03)" executed successfully
2026-05-31 22:58:13,542 [INFO] apscheduler.executors.default - Running job "startup.<locals>._expiry_job (trigger: interval[0:01:00], next run at: 2026-05-31 22:59:13 +03)" (scheduled at 2026-05-31 22:58:13.534585+03:00)
2026-05-31 22:58:16,257 [INFO] apscheduler.executors.default - Job "startup.<locals>._expiry_job (trigger: interval[0:01:00], next run at: 2026-05-31 22:59:13 +03)" executed successfully
2026-05-31 22:59:13,541 [INFO] apscheduler.executors.default - Running job "startup.<locals>._expiry_job (trigger: interval[0:01:00], next run at: 2026-05-31 23:00:13 +03)" (scheduled at 2026-05-31 22:59:13.534585+03:00)
2026-05-31 22:59:16,010 [INFO] apscheduler.executors.default - Job "startup.<locals>._expiry_job (trigger: interval[0:01:00], next run at: 2026-05-31 23:00:13 +03)" executed successfully
2026-05-31 23:00:13,538 [INFO] apscheduler.executors.default - Running job "startup.<locals>._expiry_job (trigger: interval[0:01:00], next run at: 2026-05-31 23:01:13 +03)" (scheduled at 2026-05-31 23:00:13.534585+03:00)
2026-05-31 23:00:15,280 [INFO] apscheduler.executors.default - Job "startup.<locals>._expiry_job (trigger: interval[0:01:00], next run at: 2026-05-31 23:01:13 +03)" executed successfully
2026-05-31 23:01:13,535 [INFO] apscheduler.executors.default - Running job "startup.<locals>._expiry_job (trigger: interval[0:01:00], next run at: 2026-05-31 23:02:13 +03)" (scheduled at 2026-05-31 23:01:13.534585+03:00)
2026-05-31 23:01:14,380 [INFO] apscheduler.scheduler - Scheduler has been shut down
2026-05-31 23:01:14,382 [ERROR] sqlalchemy.pool.impl.AsyncAdaptedQueuePool - Exception terminating connection <AdaptedConnection <asyncpg.connection.Connection object at 0x000001D8CE7C5E50>>
Traceback (most recent call last):
  File "C:\Users\hp\AppData\Local\Programs\Python\Python314\Lib\asyncio\runners.py", line 127, in run
    return self._loop.run_until_complete(task)
           ~~~~~~~~~~~~~~~~~~~~~~~~~~~~~^^^^^^
  File "C:\Users\hp\AppData\Local\Programs\Python\Python314\Lib\asyncio\base_events.py", line 719, in run_until_complete
    return future.result()
           ~~~~~~~~~~~~~^^
asyncio.exceptions.CancelledError

During handling of the above exception, another exception occurred:

Traceback (most recent call last):
  File "C:\Users\hp\AppData\Local\Programs\Python\Python314\Lib\asyncio\runners.py", line 204, in run
    return runner.run(main)
           ~~~~~~~~~~^^^^^^
  File "C:\Users\hp\AppData\Local\Programs\Python\Python314\Lib\asyncio\runners.py", line 132, in run
    raise KeyboardInterrupt()
KeyboardInterrupt

During handling of the above exception, another exception occurred:

Traceback (most recent call last):
  File "C:\Users\hp\AppData\Local\Programs\Python\Python314\Lib\site-packages\sqlalchemy\pool\base.py", line 373, in _close_connection
    self._dialect.do_terminate(connection)
    ~~~~~~~~~~~~~~~~~~~~~~~~~~^^^^^^^^^^^^
  File "C:\Users\hp\AppData\Local\Programs\Python\Python314\Lib\site-packages\sqlalchemy\dialects\postgresql\asyncpg.py", line 1127, in do_terminate
    dbapi_connection.terminate()
    ~~~~~~~~~~~~~~~~~~~~~~~~~~^^
  File "C:\Users\hp\AppData\Local\Programs\Python\Python314\Lib\site-packages\sqlalchemy\connectors\asyncio.py", line 402, in terminate
    self.await_(asyncio.shield(self._terminate_graceful_close()))  # type: ignore[attr-defined] # noqa: E501
    ~~~~~~~~~~~^^^^^^^^^^^^^^^^^^^^^^^^^^^^^^^^^^^^^^^^^^^^^^^^^^
  File "C:\Users\hp\AppData\Local\Programs\Python\Python314\Lib\site-packages\sqlalchemy\util\_concurrency_py3k.py", line 132, in await_only
    return current.parent.switch(awaitable)  # type: ignore[no-any-return,attr-defined] # noqa: E501
           ~~~~~~~~~~~~~~~~~~~~~^^^^^^^^^^^
  File "C:\Users\hp\AppData\Local\Programs\Python\Python314\Lib\site-packages\sqlalchemy\util\_concurrency_py3k.py", line 196, in greenlet_spawn
    value = await result
            ^^^^^^^^^^^^
asyncio.exceptions.CancelledError
2026-05-31 23:01:14,466 [ERROR] apscheduler.executors.default - Job "startup.<locals>._expiry_job (trigger: interval[0:01:00], next run at: 2026-05-31 23:02:13 +03)" raised an exception
Traceback (most recent call last):
  File "C:\Users\hp\AppData\Local\Programs\Python\Python314\Lib\asyncio\runners.py", line 127, in run
    return self._loop.run_until_complete(task)
           ~~~~~~~~~~~~~~~~~~~~~~~~~~~~~^^^^^^
  File "C:\Users\hp\AppData\Local\Programs\Python\Python314\Lib\asyncio\base_events.py", line 719, in run_until_complete
    return future.result()
           ~~~~~~~~~~~~~^^
asyncio.exceptions.CancelledError

During handling of the above exception, another exception occurred:

Traceback (most recent call last):
  File "C:\Users\hp\AppData\Local\Programs\Python\Python314\Lib\asyncio\runners.py", line 204, in run
    return runner.run(main)
           ~~~~~~~~~~^^^^^^
  File "C:\Users\hp\AppData\Local\Programs\Python\Python314\Lib\asyncio\runners.py", line 132, in run
    raise KeyboardInterrupt()
KeyboardInterrupt

During handling of the above exception, another exception occurred:

Traceback (most recent call last):
  File "C:\Users\hp\AppData\Local\Programs\Python\Python314\Lib\site-packages\apscheduler\executors\base.py", line 181, in run_coroutine_job
    retval = await job.func(*job.args, **job.kwargs)
             ^^^^^^^^^^^^^^^^^^^^^^^^^^^^^^^^^^^^^^^
  File "C:\Users\hp\Documents\Coding Projects\SchoolSync - internship\SchoolSync\backend\main.py", line 123, in _expiry_job
    await expire_overdue_assignments(db)
  File "C:\Users\hp\Documents\Coding Projects\SchoolSync - internship\SchoolSync\backend\relief_dispatch.py", line 58, in expire_overdue_assignments
    result = await db.execute(
             ^^^^^^^^^^^^^^^^^
    ...<5 lines>...
    )
    ^
  File "C:\Users\hp\AppData\Local\Programs\Python\Python314\Lib\site-packages\sqlalchemy\ext\asyncio\session.py", line 449, in execute
    result = await greenlet_spawn(
             ^^^^^^^^^^^^^^^^^^^^^
    ...<6 lines>...
    )
    ^
  File "C:\Users\hp\AppData\Local\Programs\Python\Python314\Lib\site-packages\sqlalchemy\util\_concurrency_py3k.py", line 201, in greenlet_spawn
    result = context.throw(*sys.exc_info())
  File "C:\Users\hp\AppData\Local\Programs\Python\Python314\Lib\site-packages\sqlalchemy\orm\session.py", line 2351, in execute
    return self._execute_internal(
           ~~~~~~~~~~~~~~~~~~~~~~^
        statement,
        ^^^^^^^^^^
    ...<4 lines>...
        _add_event=_add_event,
        ^^^^^^^^^^^^^^^^^^^^^^
    )
    ^
  File "C:\Users\hp\AppData\Local\Programs\Python\Python314\Lib\site-packages\sqlalchemy\orm\session.py", line 2239, in _execute_internal
    conn = self._connection_for_bind(bind)
  File "C:\Users\hp\AppData\Local\Programs\Python\Python314\Lib\site-packages\sqlalchemy\orm\session.py", line 2108, in _connection_for_bind
    return trans._connection_for_bind(engine, execution_options)
           ~~~~~~~~~~~~~~~~~~~~~~~~~~^^^^^^^^^^^^^^^^^^^^^^^^^^^
  File "<string>", line 2, in _connection_for_bind
  File "C:\Users\hp\AppData\Local\Programs\Python\Python314\Lib\site-packages\sqlalchemy\orm\state_changes.py", line 137, in _go
    ret_value = fn(self, *arg, **kw)
  File "C:\Users\hp\AppData\Local\Programs\Python\Python314\Lib\site-packages\sqlalchemy\orm\session.py", line 1187, in _connection_for_bind
    conn = bind.connect()
  File "C:\Users\hp\AppData\Local\Programs\Python\Python314\Lib\site-packages\sqlalchemy\engine\base.py", line 3293, in connect
    return self._connection_cls(self)
           ~~~~~~~~~~~~~~~~~~~~^^^^^^
  File "C:\Users\hp\AppData\Local\Programs\Python\Python314\Lib\site-packages\sqlalchemy\engine\base.py", line 143, in __init__
    self._dbapi_connection = engine.raw_connection()
                             ~~~~~~~~~~~~~~~~~~~~~^^
  File "C:\Users\hp\AppData\Local\Programs\Python\Python314\Lib\site-packages\sqlalchemy\engine\base.py", line 3317, in raw_connection
    return self.pool.connect()
           ~~~~~~~~~~~~~~~~~^^
  File "C:\Users\hp\AppData\Local\Programs\Python\Python314\Lib\site-packages\sqlalchemy\pool\base.py", line 448, in connect
    return _ConnectionFairy._checkout(self)
           ~~~~~~~~~~~~~~~~~~~~~~~~~~^^^^^^
  File "C:\Users\hp\AppData\Local\Programs\Python\Python314\Lib\site-packages\sqlalchemy\pool\base.py", line 1371, in _checkout
    with util.safe_reraise():
         ~~~~~~~~~~~~~~~~~^^
  File "C:\Users\hp\AppData\Local\Programs\Python\Python314\Lib\site-packages\sqlalchemy\util\langhelpers.py", line 125, in __exit__
    raise value.with_traceback(traceback)
  File "C:\Users\hp\AppData\Local\Programs\Python\Python314\Lib\site-packages\sqlalchemy\pool\base.py", line 1374, in _checkout
    rec._checkin_failed(
    ~~~~~~~~~~~~~~~~~~~^
        be_outer,
        ^^^^^^^^^
        _fairy_was_created=True,
        ^^^^^^^^^^^^^^^^^^^^^^^^
    )
    ^
  File "C:\Users\hp\AppData\Local\Programs\Python\Python314\Lib\site-packages\sqlalchemy\pool\base.py", line 746, in _checkin_failed
    self.invalidate(e=err)
    ~~~~~~~~~~~~~~~^^^^^^^
  File "C:\Users\hp\AppData\Local\Programs\Python\Python314\Lib\site-packages\sqlalchemy\pool\base.py", line 816, in invalidate
    self.__close(terminate=True)
    ~~~~~~~~~~~~^^^^^^^^^^^^^^^^
  File "C:\Users\hp\AppData\Local\Programs\Python\Python314\Lib\site-packages\sqlalchemy\pool\base.py", line 883, in __close
    self.__pool._close_connection(
    ~~~~~~~~~~~~~~~~~~~~~~~~~~~~~^
        self.dbapi_connection, terminate=terminate
        ^^^^^^^^^^^^^^^^^^^^^^^^^^^^^^^^^^^^^^^^^^
    )
    ^
  File "C:\Users\hp\AppData\Local\Programs\Python\Python314\Lib\site-packages\sqlalchemy\pool\base.py", line 373, in _close_connection
    self._dialect.do_terminate(connection)
    ~~~~~~~~~~~~~~~~~~~~~~~~~~^^^^^^^^^^^^
  File "C:\Users\hp\AppData\Local\Programs\Python\Python314\Lib\site-packages\sqlalchemy\dialects\postgresql\asyncpg.py", line 1127, in do_terminate
    dbapi_connection.terminate()
    ~~~~~~~~~~~~~~~~~~~~~~~~~~^^
  File "C:\Users\hp\AppData\Local\Programs\Python\Python314\Lib\site-packages\sqlalchemy\connectors\asyncio.py", line 402, in terminate
    self.await_(asyncio.shield(self._terminate_graceful_close()))  # type: ignore[attr-defined] # noqa: E501
    ~~~~~~~~~~~^^^^^^^^^^^^^^^^^^^^^^^^^^^^^^^^^^^^^^^^^^^^^^^^^^
  File "C:\Users\hp\AppData\Local\Programs\Python\Python314\Lib\site-packages\sqlalchemy\util\_concurrency_py3k.py", line 132, in await_only
    return current.parent.switch(awaitable)  # type: ignore[no-any-return,attr-defined] # noqa: E501
           ~~~~~~~~~~~~~~~~~~~~~^^^^^^^^^^^
  File "C:\Users\hp\AppData\Local\Programs\Python\Python314\Lib\site-packages\sqlalchemy\util\_concurrency_py3k.py", line 196, in greenlet_spawn
    value = await result
            ^^^^^^^^^^^^
asyncio.exceptions.CancelledError
2026-05-31 23:01:14,469 [ERROR] sqlalchemy.pool.impl.AsyncAdaptedQueuePool - The garbage collector is trying to clean up non-checked-in connection <AdaptedConnection <asyncpg.connection.Connection object at 0x000001D8CE7C5E50>>, which will be terminated.  Please ensure that SQLAlchemy pooled connections are returned to the pool explicitly, either by calling ``close()`` or by using appropriate context managers to manage their lifecycle.
2026-05-31 23:01:16,759 [INFO] apscheduler.scheduler - Adding job tentatively -- it will be properly scheduled when the scheduler starts
2026-05-31 23:01:16,760 [INFO] apscheduler.scheduler - Added job "startup.<locals>._expiry_job" to job store "default"
2026-05-31 23:01:16,760 [INFO] apscheduler.scheduler - Scheduler started
2026-05-31 23:01:23,698 [WARNING] backend.auth - Invalid or expired JWT token received.
2026-05-31 23:01:23,703 [WARNING] backend.auth - Invalid or expired JWT token received.
2026-05-31 23:01:23,706 [WARNING] backend.auth - Invalid or expired JWT token received.
2026-05-31 23:01:23,710 [WARNING] backend.auth - Invalid or expired JWT token received.
2026-05-31 23:01:28,882 [WARNING] backend.auth - Invalid or expired JWT token received.
2026-05-31 23:01:28,887 [WARNING] backend.auth - Invalid or expired JWT token received.
2026-05-31 23:01:28,890 [WARNING] backend.auth - Invalid or expired JWT token received.
2026-05-31 23:01:28,894 [WARNING] backend.auth - Invalid or expired JWT token received.
2026-05-31 23:01:47,346 [INFO] backend.auth - User TCH001 (UserRole.TEACHER) authenticated successfully.
2026-05-31 23:01:48,224 [INFO] backend.auth - User TCH001 (UserRole.TEACHER) authenticated successfully.
2026-05-31 23:01:48,335 [INFO] backend.auth - User TCH001 (UserRole.TEACHER) authenticated successfully.
2026-05-31 23:01:49,634 [INFO] backend.auth - User TCH001 (UserRole.TEACHER) authenticated successfully.
2026-05-31 23:01:55,761 [INFO] backend.auth - User TCH001 (UserRole.TEACHER) authenticated successfully.
2026-05-31 23:01:55,764 [INFO] backend.auth - User TCH001 (UserRole.TEACHER) authenticated successfully.
2026-05-31 23:01:56,170 [INFO] backend.auth - User TCH001 (UserRole.TEACHER) authenticated successfully.
2026-05-31 23:01:58,058 [INFO] backend.auth - User TCH001 (UserRole.TEACHER) authenticated successfully.
2026-05-31 23:02:16,768 [INFO] apscheduler.executors.default - Running job "startup.<locals>._expiry_job (trigger: interval[0:01:00], next run at: 2026-05-31 23:03:16 +03)" (scheduled at 2026-05-31 23:02:16.759019+03:00)
2026-05-31 23:02:18,894 [INFO] apscheduler.executors.default - Job "startup.<locals>._expiry_job (trigger: interval[0:01:00], next run at: 2026-05-31 23:03:16 +03)" executed successfully
2026-05-31 23:03:16,760 [INFO] apscheduler.executors.default - Running job "startup.<locals>._expiry_job (trigger: interval[0:01:00], next run at: 2026-05-31 23:04:16 +03)" (scheduled at 2026-05-31 23:03:16.759019+03:00)
2026-05-31 23:03:18,237 [INFO] apscheduler.executors.default - Job "startup.<locals>._expiry_job (trigger: interval[0:01:00], next run at: 2026-05-31 23:04:16 +03)" executed successfully
2026-05-31 23:04:16,763 [INFO] apscheduler.executors.default - Running job "startup.<locals>._expiry_job (trigger: interval[0:01:00], next run at: 2026-05-31 23:05:16 +03)" (scheduled at 2026-05-31 23:04:16.759019+03:00)
2026-05-31 23:04:18,188 [INFO] apscheduler.executors.default - Job "startup.<locals>._expiry_job (trigger: interval[0:01:00], next run at: 2026-05-31 23:05:16 +03)" executed successfully
2026-05-31 23:05:16,763 [INFO] apscheduler.executors.default - Running job "startup.<locals>._expiry_job (trigger: interval[0:01:00], next run at: 2026-05-31 23:06:16 +03)" (scheduled at 2026-05-31 23:05:16.759019+03:00)
2026-05-31 23:05:18,461 [INFO] apscheduler.executors.default - Job "startup.<locals>._expiry_job (trigger: interval[0:01:00], next run at: 2026-05-31 23:06:16 +03)" executed successfully
2026-05-31 23:06:16,766 [INFO] apscheduler.executors.default - Running job "startup.<locals>._expiry_job (trigger: interval[0:01:00], next run at: 2026-05-31 23:07:16 +03)" (scheduled at 2026-05-31 23:06:16.759019+03:00)
2026-05-31 23:06:18,303 [INFO] apscheduler.executors.default - Job "startup.<locals>._expiry_job (trigger: interval[0:01:00], next run at: 2026-05-31 23:07:16 +03)" executed successfully
2026-05-31 23:07:16,760 [INFO] apscheduler.executors.default - Running job "startup.<locals>._expiry_job (trigger: interval[0:01:00], next run at: 2026-05-31 23:08:16 +03)" (scheduled at 2026-05-31 23:07:16.759019+03:00)
2026-05-31 23:07:19,190 [INFO] apscheduler.executors.default - Job "startup.<locals>._expiry_job (trigger: interval[0:01:00], next run at: 2026-05-31 23:08:16 +03)" executed successfully
2026-05-31 23:08:16,767 [INFO] apscheduler.executors.default - Running job "startup.<locals>._expiry_job (trigger: interval[0:01:00], next run at: 2026-05-31 23:09:16 +03)" (scheduled at 2026-05-31 23:08:16.759019+03:00)
2026-05-31 23:08:19,757 [INFO] apscheduler.executors.default - Job "startup.<locals>._expiry_job (trigger: interval[0:01:00], next run at: 2026-05-31 23:09:16 +03)" executed successfully
2026-05-31 23:09:16,768 [INFO] apscheduler.executors.default - Running job "startup.<locals>._expiry_job (trigger: interval[0:01:00], next run at: 2026-05-31 23:10:16 +03)" (scheduled at 2026-05-31 23:09:16.759019+03:00)
2026-05-31 23:09:19,609 [INFO] apscheduler.executors.default - Job "startup.<locals>._expiry_job (trigger: interval[0:01:00], next run at: 2026-05-31 23:10:16 +03)" executed successfully
2026-05-31 23:10:16,765 [INFO] apscheduler.executors.default - Running job "startup.<locals>._expiry_job (trigger: interval[0:01:00], next run at: 2026-05-31 23:11:16 +03)" (scheduled at 2026-05-31 23:10:16.759019+03:00)
2026-05-31 23:10:18,489 [INFO] apscheduler.executors.default - Job "startup.<locals>._expiry_job (trigger: interval[0:01:00], next run at: 2026-05-31 23:11:16 +03)" executed successfully
2026-05-31 23:11:16,763 [INFO] apscheduler.executors.default - Running job "startup.<locals>._expiry_job (trigger: interval[0:01:00], next run at: 2026-05-31 23:12:16 +03)" (scheduled at 2026-05-31 23:11:16.759019+03:00)
2026-05-31 23:11:18,399 [INFO] apscheduler.executors.default - Job "startup.<locals>._expiry_job (trigger: interval[0:01:00], next run at: 2026-05-31 23:12:16 +03)" executed successfully
2026-05-31 23:11:25,521 [INFO] apscheduler.scheduler - Scheduler has been shut down
2026-05-31 23:11:27,828 [INFO] apscheduler.scheduler - Adding job tentatively -- it will be properly scheduled when the scheduler starts
2026-05-31 23:11:27,830 [INFO] apscheduler.scheduler - Added job "startup.<locals>._expiry_job" to job store "default"
2026-05-31 23:11:27,830 [INFO] apscheduler.scheduler - Scheduler started
2026-05-31 23:11:42,809 [INFO] backend.auth - User TCH001 (UserRole.TEACHER) authenticated successfully.
2026-05-31 23:11:42,940 [INFO] backend.auth - User TCH001 (UserRole.TEACHER) authenticated successfully.
2026-05-31 23:11:43,077 [INFO] backend.auth - User TCH001 (UserRole.TEACHER) authenticated successfully.
2026-05-31 23:11:45,760 [INFO] backend.auth - User TCH001 (UserRole.TEACHER) authenticated successfully.
2026-05-31 23:12:27,833 [INFO] apscheduler.executors.default - Running job "startup.<locals>._expiry_job (trigger: interval[0:01:00], next run at: 2026-05-31 23:13:27 +03)" (scheduled at 2026-05-31 23:12:27.828420+03:00)
2026-05-31 23:12:30,179 [INFO] apscheduler.executors.default - Job "startup.<locals>._expiry_job (trigger: interval[0:01:00], next run at: 2026-05-31 23:13:27 +03)" executed successfully
2026-05-31 23:13:27,829 [INFO] apscheduler.executors.default - Running job "startup.<locals>._expiry_job (trigger: interval[0:01:00], next run at: 2026-05-31 23:14:27 +03)" (scheduled at 2026-05-31 23:13:27.828420+03:00)
2026-05-31 23:13:29,263 [INFO] apscheduler.executors.default - Job "startup.<locals>._expiry_job (trigger: interval[0:01:00], next run at: 2026-05-31 23:14:27 +03)" executed successfully
2026-05-31 23:14:27,842 [INFO] apscheduler.executors.default - Running job "startup.<locals>._expiry_job (trigger: interval[0:01:00], next run at: 2026-05-31 23:15:27 +03)" (scheduled at 2026-05-31 23:14:27.828420+03:00)
2026-05-31 23:14:30,278 [INFO] apscheduler.executors.default - Job "startup.<locals>._expiry_job (trigger: interval[0:01:00], next run at: 2026-05-31 23:15:27 +03)" executed successfully
2026-05-31 23:15:27,843 [INFO] apscheduler.executors.default - Running job "startup.<locals>._expiry_job (trigger: interval[0:01:00], next run at: 2026-05-31 23:16:27 +03)" (scheduled at 2026-05-31 23:15:27.828420+03:00)
2026-05-31 23:15:29,376 [INFO] apscheduler.executors.default - Job "startup.<locals>._expiry_job (trigger: interval[0:01:00], next run at: 2026-05-31 23:16:27 +03)" executed successfully
2026-05-31 23:16:27,839 [INFO] apscheduler.executors.default - Running job "startup.<locals>._expiry_job (trigger: interval[0:01:00], next run at: 2026-05-31 23:17:27 +03)" (scheduled at 2026-05-31 23:16:27.828420+03:00)
2026-05-31 23:16:29,740 [INFO] apscheduler.executors.default - Job "startup.<locals>._expiry_job (trigger: interval[0:01:00], next run at: 2026-05-31 23:17:27 +03)" executed successfully
2026-05-31 23:17:27,842 [INFO] apscheduler.executors.default - Running job "startup.<locals>._expiry_job (trigger: interval[0:01:00], next run at: 2026-05-31 23:18:27 +03)" (scheduled at 2026-05-31 23:17:27.828420+03:00)
2026-05-31 23:17:30,778 [INFO] apscheduler.executors.default - Job "startup.<locals>._expiry_job (trigger: interval[0:01:00], next run at: 2026-05-31 23:18:27 +03)" executed successfully
2026-05-31 23:18:27,828 [INFO] apscheduler.executors.default - Running job "startup.<locals>._expiry_job (trigger: interval[0:01:00], next run at: 2026-05-31 23:19:27 +03)" (scheduled at 2026-05-31 23:18:27.828420+03:00)
2026-05-31 23:18:30,402 [INFO] apscheduler.executors.default - Job "startup.<locals>._expiry_job (trigger: interval[0:01:00], next run at: 2026-05-31 23:19:27 +03)" executed successfully
2026-05-31 23:19:27,843 [INFO] apscheduler.executors.default - Running job "startup.<locals>._expiry_job (trigger: interval[0:01:00], next run at: 2026-05-31 23:20:27 +03)" (scheduled at 2026-05-31 23:19:27.828420+03:00)
2026-05-31 23:19:31,046 [INFO] apscheduler.executors.default - Job "startup.<locals>._expiry_job (trigger: interval[0:01:00], next run at: 2026-05-31 23:20:27 +03)" executed successfully
2026-05-31 23:20:27,834 [INFO] apscheduler.executors.default - Running job "startup.<locals>._expiry_job (trigger: interval[0:01:00], next run at: 2026-05-31 23:21:27 +03)" (scheduled at 2026-05-31 23:20:27.828420+03:00)
2026-05-31 23:20:29,723 [INFO] apscheduler.executors.default - Job "startup.<locals>._expiry_job (trigger: interval[0:01:00], next run at: 2026-05-31 23:21:27 +03)" executed successfully
2026-05-31 23:21:23,143 [WARNING] backend.auth - Invalid or expired JWT token received.
2026-05-31 23:21:23,155 [WARNING] backend.auth - Invalid or expired JWT token received.
2026-05-31 23:21:27,833 [INFO] apscheduler.executors.default - Running job "startup.<locals>._expiry_job (trigger: interval[0:01:00], next run at: 2026-05-31 23:22:27 +03)" (scheduled at 2026-05-31 23:21:27.828420+03:00)
2026-05-31 23:21:29,355 [INFO] apscheduler.executors.default - Job "startup.<locals>._expiry_job (trigger: interval[0:01:00], next run at: 2026-05-31 23:22:27 +03)" executed successfully
2026-05-31 23:21:53,355 [INFO] backend.auth - User TCH001 (UserRole.TEACHER) authenticated successfully.
2026-05-31 23:21:53,753 [INFO] backend.auth - User TCH001 (UserRole.TEACHER) authenticated successfully.
2026-05-31 23:21:54,161 [INFO] backend.auth - User TCH001 (UserRole.TEACHER) authenticated successfully.
2026-05-31 23:21:56,250 [INFO] backend.auth - User TCH001 (UserRole.TEACHER) authenticated successfully.
2026-05-31 23:22:16,628 [INFO] backend.auth - User TCH001 (UserRole.TEACHER) authenticated successfully.
2026-05-31 23:22:16,632 [INFO] backend.auth - User TCH001 (UserRole.TEACHER) authenticated successfully.
2026-05-31 23:22:16,832 [INFO] backend.auth - User TCH001 (UserRole.TEACHER) authenticated successfully.
2026-05-31 23:22:19,907 [INFO] backend.auth - User TCH001 (UserRole.TEACHER) authenticated successfully.
2026-05-31 23:22:27,839 [INFO] apscheduler.executors.default - Running job "startup.<locals>._expiry_job (trigger: interval[0:01:00], next run at: 2026-05-31 23:23:27 +03)" (scheduled at 2026-05-31 23:22:27.828420+03:00)
2026-05-31 23:22:29,721 [INFO] apscheduler.executors.default - Job "startup.<locals>._expiry_job (trigger: interval[0:01:00], next run at: 2026-05-31 23:23:27 +03)" executed successfully
2026-05-31 23:23:27,831 [INFO] apscheduler.executors.default - Running job "startup.<locals>._expiry_job (trigger: interval[0:01:00], next run at: 2026-05-31 23:24:27 +03)" (scheduled at 2026-05-31 23:23:27.828420+03:00)
2026-05-31 23:23:29,369 [INFO] apscheduler.executors.default - Job "startup.<locals>._expiry_job (trigger: interval[0:01:00], next run at: 2026-05-31 23:24:27 +03)" executed successfully
2026-05-31 23:24:27,837 [INFO] apscheduler.executors.default - Running job "startup.<locals>._expiry_job (trigger: interval[0:01:00], next run at: 2026-05-31 23:25:27 +03)" (scheduled at 2026-05-31 23:24:27.828420+03:00)
2026-05-31 23:24:29,398 [INFO] apscheduler.executors.default - Job "startup.<locals>._expiry_job (trigger: interval[0:01:00], next run at: 2026-05-31 23:25:27 +03)" executed successfully
2026-05-31 23:24:58,201 [INFO] apscheduler.scheduler - Scheduler has been shut down
2026-05-31 23:25:01,961 [INFO] apscheduler.scheduler - Adding job tentatively -- it will be properly scheduled when the scheduler starts
2026-05-31 23:25:01,962 [INFO] apscheduler.scheduler - Added job "startup.<locals>._expiry_job" to job store "default"
2026-05-31 23:25:01,962 [INFO] apscheduler.scheduler - Scheduler started
2026-05-31 23:25:13,884 [INFO] backend.auth - User TCH001 (UserRole.TEACHER) authenticated successfully.
2026-05-31 23:25:13,890 [INFO] backend.auth - User TCH001 (UserRole.TEACHER) authenticated successfully.
2026-05-31 23:25:13,896 [INFO] backend.auth - User TCH001 (UserRole.TEACHER) authenticated successfully.
2026-05-31 23:25:14,090 [INFO] backend.auth - User TCH001 (UserRole.TEACHER) authenticated successfully.
2026-05-31 23:25:16,445 [INFO] backend.auth - User TCH001 (UserRole.TEACHER) authenticated successfully.
2026-05-31 23:25:57,097 [INFO] backend.auth - User TCH001 (UserRole.TEACHER) authenticated successfully.
2026-05-31 23:25:57,721 [INFO] backend.auth - User TCH001 (UserRole.TEACHER) authenticated successfully.
2026-05-31 23:25:59,505 [INFO] backend.auth - User TCH001 (UserRole.TEACHER) authenticated successfully.
2026-05-31 23:25:59,796 [INFO] backend.auth - User TCH001 (UserRole.TEACHER) authenticated successfully.
2026-05-31 23:26:00,888 [INFO] backend.auth - User TCH001 (UserRole.TEACHER) authenticated successfully.
2026-05-31 23:26:01,966 [INFO] apscheduler.executors.default - Running job "startup.<locals>._expiry_job (trigger: interval[0:01:00], next run at: 2026-05-31 23:27:01 +03)" (scheduled at 2026-05-31 23:26:01.961265+03:00)
2026-05-31 23:26:03,277 [INFO] backend.auth - User TCH001 (UserRole.TEACHER) authenticated successfully.
2026-05-31 23:26:03,363 [INFO] backend.auth - User TCH001 (UserRole.TEACHER) authenticated successfully.
2026-05-31 23:26:03,942 [INFO] apscheduler.executors.default - Job "startup.<locals>._expiry_job (trigger: interval[0:01:00], next run at: 2026-05-31 23:27:01 +03)" executed successfully
2026-05-31 23:26:06,354 [INFO] backend.auth - User TCH001 (UserRole.TEACHER) authenticated successfully.
2026-05-31 23:27:01,966 [INFO] apscheduler.executors.default - Running job "startup.<locals>._expiry_job (trigger: interval[0:01:00], next run at: 2026-05-31 23:28:01 +03)" (scheduled at 2026-05-31 23:27:01.961265+03:00)
2026-05-31 23:27:04,579 [INFO] apscheduler.executors.default - Job "startup.<locals>._expiry_job (trigger: interval[0:01:00], next run at: 2026-05-31 23:28:01 +03)" executed successfully
2026-06-01 12:02:59,465 [INFO] backend.main - SchoolSync API started. Schema managed externally — skipping create_all.
2026-06-01 12:02:59,468 [INFO] apscheduler.scheduler - Adding job tentatively -- it will be properly scheduled when the scheduler starts
2026-06-01 12:02:59,469 [INFO] apscheduler.scheduler - Added job "startup.<locals>._expiry_job" to job store "default"
2026-06-01 12:02:59,469 [INFO] apscheduler.scheduler - Scheduler started
2026-06-01 12:03:22,624 [INFO] apscheduler.scheduler - Scheduler has been shut down
2026-06-01 12:11:40,196 [INFO] backend.main - SchoolSync API started. Schema managed externally — skipping create_all.
2026-06-01 12:11:40,198 [INFO] apscheduler.scheduler - Adding job tentatively -- it will be properly scheduled when the scheduler starts
2026-06-01 12:11:40,199 [INFO] apscheduler.scheduler - Added job "startup.<locals>._expiry_job" to job store "default"
2026-06-01 12:11:40,200 [INFO] apscheduler.scheduler - Scheduler started
2026-06-01 12:12:40,208 [INFO] apscheduler.executors.default - Running job "startup.<locals>._expiry_job (trigger: interval[0:01:00], next run at: 2026-06-01 12:13:40 IST)" (scheduled at 2026-06-01 12:12:40.198717+05:30)
2026-06-01 12:12:43,980 [INFO] apscheduler.executors.default - Job "startup.<locals>._expiry_job (trigger: interval[0:01:00], next run at: 2026-06-01 12:13:40 IST)" executed successfully
2026-06-01 12:13:40,205 [INFO] apscheduler.executors.default - Running job "startup.<locals>._expiry_job (trigger: interval[0:01:00], next run at: 2026-06-01 12:14:40 IST)" (scheduled at 2026-06-01 12:13:40.198717+05:30)
2026-06-01 12:13:41,310 [INFO] apscheduler.executors.default - Job "startup.<locals>._expiry_job (trigger: interval[0:01:00], next run at: 2026-06-01 12:14:40 IST)" executed successfully
2026-06-01 12:14:40,208 [INFO] apscheduler.executors.default - Running job "startup.<locals>._expiry_job (trigger: interval[0:01:00], next run at: 2026-06-01 12:15:40 IST)" (scheduled at 2026-06-01 12:14:40.198717+05:30)
2026-06-01 12:14:41,338 [INFO] apscheduler.executors.default - Job "startup.<locals>._expiry_job (trigger: interval[0:01:00], next run at: 2026-06-01 12:15:40 IST)" executed successfully
2026-06-01 12:15:40,202 [INFO] apscheduler.executors.default - Running job "startup.<locals>._expiry_job (trigger: interval[0:01:00], next run at: 2026-06-01 12:16:40 IST)" (scheduled at 2026-06-01 12:15:40.198717+05:30)
2026-06-01 12:15:42,084 [INFO] apscheduler.executors.default - Job "startup.<locals>._expiry_job (trigger: interval[0:01:00], next run at: 2026-06-01 12:16:40 IST)" executed successfully
2026-06-01 12:16:40,209 [INFO] apscheduler.executors.default - Running job "startup.<locals>._expiry_job (trigger: interval[0:01:00], next run at: 2026-06-01 12:17:40 IST)" (scheduled at 2026-06-01 12:16:40.198717+05:30)
2026-06-01 12:16:41,316 [INFO] apscheduler.executors.default - Job "startup.<locals>._expiry_job (trigger: interval[0:01:00], next run at: 2026-06-01 12:17:40 IST)" executed successfully
2026-06-01 12:17:40,203 [INFO] apscheduler.executors.default - Running job "startup.<locals>._expiry_job (trigger: interval[0:01:00], next run at: 2026-06-01 12:18:40 IST)" (scheduled at 2026-06-01 12:17:40.198717+05:30)
2026-06-01 12:17:41,285 [INFO] apscheduler.executors.default - Job "startup.<locals>._expiry_job (trigger: interval[0:01:00], next run at: 2026-06-01 12:18:40 IST)" executed successfully
2026-06-01 12:18:40,200 [INFO] apscheduler.executors.default - Running job "startup.<locals>._expiry_job (trigger: interval[0:01:00], next run at: 2026-06-01 12:19:40 IST)" (scheduled at 2026-06-01 12:18:40.198717+05:30)
2026-06-01 12:18:41,284 [INFO] apscheduler.executors.default - Job "startup.<locals>._expiry_job (trigger: interval[0:01:00], next run at: 2026-06-01 12:19:40 IST)" executed successfully
2026-06-01 12:19:40,207 [INFO] apscheduler.executors.default - Running job "startup.<locals>._expiry_job (trigger: interval[0:01:00], next run at: 2026-06-01 12:20:40 IST)" (scheduled at 2026-06-01 12:19:40.198717+05:30)
2026-06-01 12:19:41,284 [INFO] apscheduler.executors.default - Job "startup.<locals>._expiry_job (trigger: interval[0:01:00], next run at: 2026-06-01 12:20:40 IST)" executed successfully
2026-06-01 12:20:40,210 [INFO] apscheduler.executors.default - Running job "startup.<locals>._expiry_job (trigger: interval[0:01:00], next run at: 2026-06-01 12:21:40 IST)" (scheduled at 2026-06-01 12:20:40.198717+05:30)
2026-06-01 12:20:41,296 [INFO] apscheduler.executors.default - Job "startup.<locals>._expiry_job (trigger: interval[0:01:00], next run at: 2026-06-01 12:21:40 IST)" executed successfully
2026-06-01 12:21:40,207 [INFO] apscheduler.executors.default - Running job "startup.<locals>._expiry_job (trigger: interval[0:01:00], next run at: 2026-06-01 12:22:40 IST)" (scheduled at 2026-06-01 12:21:40.198717+05:30)
2026-06-01 12:21:41,379 [INFO] apscheduler.executors.default - Job "startup.<locals>._expiry_job (trigger: interval[0:01:00], next run at: 2026-06-01 12:22:40 IST)" executed successfully
2026-06-01 12:21:53,500 [WARNING] backend.auth - Invalid or expired JWT token received.
2026-06-01 12:21:53,518 [WARNING] backend.auth - Invalid or expired JWT token received.
2026-06-01 12:21:53,530 [WARNING] backend.auth - Invalid or expired JWT token received.
2026-06-01 12:21:53,538 [WARNING] backend.auth - Invalid or expired JWT token received.
2026-06-01 12:21:53,557 [WARNING] backend.auth - Invalid or expired JWT token received.
2026-06-01 12:21:53,563 [WARNING] backend.auth - Invalid or expired JWT token received.
2026-06-01 12:21:53,576 [WARNING] backend.auth - Invalid or expired JWT token received.
2026-06-01 12:21:53,586 [WARNING] backend.auth - Invalid or expired JWT token received.
2026-06-01 12:22:16,816 [INFO] backend.auth - User TCH001 (UserRole.TEACHER) authenticated successfully.
2026-06-01 12:22:17,441 [INFO] backend.auth - User TCH001 (UserRole.TEACHER) authenticated successfully.
2026-06-01 12:22:17,687 [INFO] backend.auth - User TCH001 (UserRole.TEACHER) authenticated successfully.
2026-06-01 12:22:17,690 [INFO] backend.auth - User TCH001 (UserRole.TEACHER) authenticated successfully.
2026-06-01 12:22:17,694 [INFO] backend.auth - User TCH001 (UserRole.TEACHER) authenticated successfully.
2026-06-01 12:22:17,698 [INFO] backend.auth - User TCH001 (UserRole.TEACHER) authenticated successfully.
2026-06-01 12:22:17,816 [INFO] backend.auth - User TCH001 (UserRole.TEACHER) authenticated successfully.
2026-06-01 12:22:19,013 [INFO] backend.auth - User TCH001 (UserRole.TEACHER) authenticated successfully.
2026-06-01 12:22:40,199 [INFO] apscheduler.executors.default - Running job "startup.<locals>._expiry_job (trigger: interval[0:01:00], next run at: 2026-06-01 12:23:40 IST)" (scheduled at 2026-06-01 12:22:40.198717+05:30)
2026-06-01 12:22:41,276 [INFO] apscheduler.executors.default - Job "startup.<locals>._expiry_job (trigger: interval[0:01:00], next run at: 2026-06-01 12:23:40 IST)" executed successfully
2026-06-01 12:22:50,147 [INFO] apscheduler.scheduler - Scheduler has been shut down
2026-06-01 12:23:46,421 [INFO] backend.main - SchoolSync API started. Schema managed externally — skipping create_all.
2026-06-01 12:23:46,428 [INFO] apscheduler.scheduler - Adding job tentatively -- it will be properly scheduled when the scheduler starts
2026-06-01 12:23:46,435 [INFO] apscheduler.scheduler - Added job "startup.<locals>._expiry_job" to job store "default"
2026-06-01 12:23:46,435 [INFO] apscheduler.scheduler - Scheduler started
2026-06-01 12:23:46,547 [INFO] apscheduler.scheduler - Scheduler has been shut down
2026-06-01 12:23:53,046 [INFO] backend.main - SchoolSync API started. Schema managed externally — skipping create_all.
2026-06-01 12:23:53,051 [INFO] apscheduler.scheduler - Adding job tentatively -- it will be properly scheduled when the scheduler starts
2026-06-01 12:23:53,069 [INFO] apscheduler.scheduler - Added job "startup.<locals>._expiry_job" to job store "default"
2026-06-01 12:23:53,075 [INFO] apscheduler.scheduler - Scheduler started
2026-06-01 12:24:03,629 [INFO] backend.auth - User TCH001 (UserRole.TEACHER) authenticated successfully.
2026-06-01 12:24:03,638 [INFO] backend.auth - User TCH001 (UserRole.TEACHER) authenticated successfully.
2026-06-01 12:24:03,657 [INFO] backend.auth - User TCH001 (UserRole.TEACHER) authenticated successfully.
2026-06-01 12:24:03,661 [INFO] backend.auth - User TCH001 (UserRole.TEACHER) authenticated successfully.
2026-06-01 12:24:03,667 [INFO] backend.auth - User TCH001 (UserRole.TEACHER) authenticated successfully.
2026-06-01 12:24:03,671 [INFO] backend.auth - User TCH001 (UserRole.TEACHER) authenticated successfully.
2026-06-01 12:24:03,764 [INFO] backend.auth - User TCH001 (UserRole.TEACHER) authenticated successfully.
2026-06-01 12:24:05,771 [INFO] backend.auth - User TCH001 (UserRole.TEACHER) authenticated successfully.
2026-06-01 12:24:53,066 [INFO] apscheduler.executors.default - Running job "startup.<locals>._expiry_job (trigger: interval[0:01:00], next run at: 2026-06-01 12:25:53 IST)" (scheduled at 2026-06-01 12:24:53.051327+05:30)
2026-06-01 12:24:54,662 [INFO] apscheduler.executors.default - Job "startup.<locals>._expiry_job (trigger: interval[0:01:00], next run at: 2026-06-01 12:25:53 IST)" executed successfully
2026-06-01 12:25:08,047 [INFO] backend.auth - User TCH001 (UserRole.TEACHER) authenticated successfully.
2026-06-01 12:25:08,051 [INFO] backend.auth - User TCH001 (UserRole.TEACHER) authenticated successfully.
2026-06-01 12:25:08,054 [INFO] backend.auth - User TCH001 (UserRole.TEACHER) authenticated successfully.
2026-06-01 12:25:08,820 [INFO] backend.auth - User TCH001 (UserRole.TEACHER) authenticated successfully.
2026-06-01 12:25:16,615 [INFO] backend.auth - User TCH001 (UserRole.TEACHER) authenticated successfully.
2026-06-01 12:25:16,618 [INFO] backend.auth - User TCH001 (UserRole.TEACHER) authenticated successfully.
2026-06-01 12:25:16,621 [INFO] backend.auth - User TCH001 (UserRole.TEACHER) authenticated successfully.
2026-06-01 12:25:17,493 [INFO] backend.auth - User TCH001 (UserRole.TEACHER) authenticated successfully.
2026-06-01 12:25:17,662 [INFO] backend.auth - User TCH001 (UserRole.TEACHER) authenticated successfully.
2026-06-01 12:25:17,683 [INFO] backend.auth - User TCH001 (UserRole.TEACHER) authenticated successfully.
2026-06-01 12:25:53,062 [INFO] apscheduler.executors.default - Running job "startup.<locals>._expiry_job (trigger: interval[0:01:00], next run at: 2026-06-01 12:26:53 IST)" (scheduled at 2026-06-01 12:25:53.051327+05:30)
2026-06-01 12:25:54,140 [INFO] apscheduler.executors.default - Job "startup.<locals>._expiry_job (trigger: interval[0:01:00], next run at: 2026-06-01 12:26:53 IST)" executed successfully
2026-06-01 12:26:53,058 [INFO] apscheduler.executors.default - Running job "startup.<locals>._expiry_job (trigger: interval[0:01:00], next run at: 2026-06-01 12:27:53 IST)" (scheduled at 2026-06-01 12:26:53.051327+05:30)
2026-06-01 12:26:54,644 [INFO] apscheduler.executors.default - Job "startup.<locals>._expiry_job (trigger: interval[0:01:00], next run at: 2026-06-01 12:27:53 IST)" executed successfully
2026-06-01 12:27:07,277 [INFO] backend.auth - User TCH001 (UserRole.TEACHER) authenticated successfully.
2026-06-01 12:27:07,281 [INFO] backend.auth - User TCH001 (UserRole.TEACHER) authenticated successfully.
2026-06-01 12:27:07,283 [INFO] backend.auth - User TCH001 (UserRole.TEACHER) authenticated successfully.
2026-06-01 12:27:07,906 [INFO] backend.auth - User TCH001 (UserRole.TEACHER) authenticated successfully.
2026-06-01 12:27:07,940 [INFO] backend.auth - User TCH001 (UserRole.TEACHER) authenticated successfully.
2026-06-01 12:27:07,986 [INFO] backend.auth - User TCH001 (UserRole.TEACHER) authenticated successfully.
2026-06-01 12:27:08,032 [INFO] backend.auth - User TCH001 (UserRole.TEACHER) authenticated successfully.
2026-06-01 12:27:09,389 [INFO] backend.auth - User TCH001 (UserRole.TEACHER) authenticated successfully.
2026-06-01 12:27:53,059 [INFO] apscheduler.executors.default - Running job "startup.<locals>._expiry_job (trigger: interval[0:01:00], next run at: 2026-06-01 12:28:53 IST)" (scheduled at 2026-06-01 12:27:53.051327+05:30)
2026-06-01 12:27:54,688 [INFO] apscheduler.executors.default - Job "startup.<locals>._expiry_job (trigger: interval[0:01:00], next run at: 2026-06-01 12:28:53 IST)" executed successfully
2026-06-01 12:28:53,058 [INFO] apscheduler.executors.default - Running job "startup.<locals>._expiry_job (trigger: interval[0:01:00], next run at: 2026-06-01 12:29:53 IST)" (scheduled at 2026-06-01 12:28:53.051327+05:30)
2026-06-01 12:28:54,187 [INFO] apscheduler.executors.default - Job "startup.<locals>._expiry_job (trigger: interval[0:01:00], next run at: 2026-06-01 12:29:53 IST)" executed successfully
2026-06-01 12:29:53,055 [INFO] apscheduler.executors.default - Running job "startup.<locals>._expiry_job (trigger: interval[0:01:00], next run at: 2026-06-01 12:30:53 IST)" (scheduled at 2026-06-01 12:29:53.051327+05:30)
2026-06-01 12:29:54,622 [INFO] apscheduler.executors.default - Job "startup.<locals>._expiry_job (trigger: interval[0:01:00], next run at: 2026-06-01 12:30:53 IST)" executed successfully
2026-06-01 12:30:53,064 [INFO] apscheduler.executors.default - Running job "startup.<locals>._expiry_job (trigger: interval[0:01:00], next run at: 2026-06-01 12:31:53 IST)" (scheduled at 2026-06-01 12:30:53.051327+05:30)
2026-06-01 12:30:54,181 [INFO] apscheduler.executors.default - Job "startup.<locals>._expiry_job (trigger: interval[0:01:00], next run at: 2026-06-01 12:31:53 IST)" executed successfully
2026-06-01 12:31:53,061 [INFO] apscheduler.executors.default - Running job "startup.<locals>._expiry_job (trigger: interval[0:01:00], next run at: 2026-06-01 12:32:53 IST)" (scheduled at 2026-06-01 12:31:53.051327+05:30)
2026-06-01 12:31:54,200 [INFO] apscheduler.executors.default - Job "startup.<locals>._expiry_job (trigger: interval[0:01:00], next run at: 2026-06-01 12:32:53 IST)" executed successfully
2026-06-01 12:32:00,850 [INFO] backend.auth - User TCH001 (UserRole.TEACHER) authenticated successfully.
2026-06-01 12:32:00,859 [INFO] backend.auth - User TCH001 (UserRole.TEACHER) authenticated successfully.
2026-06-01 12:32:00,861 [INFO] backend.auth - User TCH001 (UserRole.TEACHER) authenticated successfully.
2026-06-01 12:32:01,515 [INFO] backend.auth - User TCH001 (UserRole.TEACHER) authenticated successfully.
2026-06-01 12:32:01,542 [INFO] backend.auth - User TCH001 (UserRole.TEACHER) authenticated successfully.
2026-06-01 12:32:01,793 [INFO] backend.auth - User TCH001 (UserRole.TEACHER) authenticated successfully.
2026-06-01 12:32:01,909 [INFO] backend.auth - User TCH001 (UserRole.TEACHER) authenticated successfully.
2026-06-01 12:32:02,027 [INFO] backend.auth - User TCH001 (UserRole.TEACHER) authenticated successfully.
2026-06-01 12:32:02,925 [INFO] backend.auth - User TCH001 (UserRole.TEACHER) authenticated successfully.
2026-06-01 12:32:02,976 [INFO] backend.auth - User TCH001 (UserRole.TEACHER) authenticated successfully.
2026-06-01 12:32:04,465 [INFO] backend.auth - User TCH001 (UserRole.TEACHER) authenticated successfully.
2026-06-01 12:32:04,467 [INFO] backend.auth - User TCH001 (UserRole.TEACHER) authenticated successfully.
2026-06-01 12:32:04,468 [INFO] backend.auth - User TCH001 (UserRole.TEACHER) authenticated successfully.
2026-06-01 12:32:04,834 [INFO] backend.auth - User TCH001 (UserRole.TEACHER) authenticated successfully.
2026-06-01 12:32:04,852 [INFO] backend.auth - User TCH001 (UserRole.TEACHER) authenticated successfully.
2026-06-01 12:32:05,219 [INFO] backend.auth - User TCH001 (UserRole.TEACHER) authenticated successfully.
2026-06-01 12:32:05,406 [INFO] backend.auth - User TCH001 (UserRole.TEACHER) authenticated successfully.
2026-06-01 12:32:05,494 [INFO] backend.auth - User TCH001 (UserRole.TEACHER) authenticated successfully.
2026-06-01 12:32:05,899 [INFO] backend.auth - User TCH001 (UserRole.TEACHER) authenticated successfully.
2026-06-01 12:32:28,687 [INFO] backend.auth - User TCH001 (UserRole.TEACHER) authenticated successfully.
2026-06-01 12:32:28,691 [INFO] backend.auth - User TCH001 (UserRole.TEACHER) authenticated successfully.
2026-06-01 12:32:28,693 [INFO] backend.auth - User TCH001 (UserRole.TEACHER) authenticated successfully.
2026-06-01 12:32:29,394 [INFO] backend.auth - User TCH001 (UserRole.TEACHER) authenticated successfully.
2026-06-01 12:32:53,052 [INFO] apscheduler.executors.default - Running job "startup.<locals>._expiry_job (trigger: interval[0:01:00], next run at: 2026-06-01 12:33:53 IST)" (scheduled at 2026-06-01 12:32:53.051327+05:30)
2026-06-01 12:32:54,633 [INFO] apscheduler.executors.default - Job "startup.<locals>._expiry_job (trigger: interval[0:01:00], next run at: 2026-06-01 12:33:53 IST)" executed successfully
2026-06-01 12:33:53,067 [INFO] apscheduler.executors.default - Running job "startup.<locals>._expiry_job (trigger: interval[0:01:00], next run at: 2026-06-01 12:34:53 IST)" (scheduled at 2026-06-01 12:33:53.051327+05:30)
2026-06-01 12:33:54,165 [INFO] apscheduler.executors.default - Job "startup.<locals>._expiry_job (trigger: interval[0:01:00], next run at: 2026-06-01 12:34:53 IST)" executed successfully
2026-06-01 12:34:53,067 [INFO] apscheduler.executors.default - Running job "startup.<locals>._expiry_job (trigger: interval[0:01:00], next run at: 2026-06-01 12:35:53 IST)" (scheduled at 2026-06-01 12:34:53.051327+05:30)
2026-06-01 12:34:54,167 [INFO] apscheduler.executors.default - Job "startup.<locals>._expiry_job (trigger: interval[0:01:00], next run at: 2026-06-01 12:35:53 IST)" executed successfully
2026-06-01 12:35:53,066 [INFO] apscheduler.executors.default - Running job "startup.<locals>._expiry_job (trigger: interval[0:01:00], next run at: 2026-06-01 12:36:53 IST)" (scheduled at 2026-06-01 12:35:53.051327+05:30)
2026-06-01 12:35:54,173 [INFO] apscheduler.executors.default - Job "startup.<locals>._expiry_job (trigger: interval[0:01:00], next run at: 2026-06-01 12:36:53 IST)" executed successfully
2026-06-01 12:36:53,056 [INFO] apscheduler.executors.default - Running job "startup.<locals>._expiry_job (trigger: interval[0:01:00], next run at: 2026-06-01 12:37:53 IST)" (scheduled at 2026-06-01 12:36:53.051327+05:30)
2026-06-01 12:36:54,168 [INFO] apscheduler.executors.default - Job "startup.<locals>._expiry_job (trigger: interval[0:01:00], next run at: 2026-06-01 12:37:53 IST)" executed successfully
2026-06-01 12:37:53,054 [INFO] apscheduler.executors.default - Running job "startup.<locals>._expiry_job (trigger: interval[0:01:00], next run at: 2026-06-01 12:38:53 IST)" (scheduled at 2026-06-01 12:37:53.051327+05:30)
2026-06-01 12:37:54,150 [INFO] apscheduler.executors.default - Job "startup.<locals>._expiry_job (trigger: interval[0:01:00], next run at: 2026-06-01 12:38:53 IST)" executed successfully
2026-06-01 12:38:44,517 [WARNING] backend.auth - Invalid or expired JWT token received.
2026-06-01 12:38:44,520 [WARNING] backend.auth - Invalid or expired JWT token received.
2026-06-01 12:38:44,522 [WARNING] backend.auth - Invalid or expired JWT token received.
2026-06-01 12:38:53,065 [INFO] apscheduler.executors.default - Running job "startup.<locals>._expiry_job (trigger: interval[0:01:00], next run at: 2026-06-01 12:39:53 IST)" (scheduled at 2026-06-01 12:38:53.051327+05:30)
2026-06-01 12:38:54,164 [INFO] apscheduler.executors.default - Job "startup.<locals>._expiry_job (trigger: interval[0:01:00], next run at: 2026-06-01 12:39:53 IST)" executed successfully
2026-06-01 12:38:56,352 [INFO] backend.auth - User TCH001 (UserRole.TEACHER) authenticated successfully.
2026-06-01 12:38:56,357 [INFO] backend.auth - User TCH001 (UserRole.TEACHER) authenticated successfully.
2026-06-01 12:38:56,980 [INFO] backend.auth - User TCH001 (UserRole.TEACHER) authenticated successfully.
2026-06-01 12:38:57,601 [INFO] backend.auth - User TCH001 (UserRole.TEACHER) authenticated successfully.
2026-06-01 12:38:57,630 [INFO] backend.auth - User TCH001 (UserRole.TEACHER) authenticated successfully.
2026-06-01 12:38:57,636 [INFO] backend.auth - User TCH001 (UserRole.TEACHER) authenticated successfully.
2026-06-01 12:38:57,640 [INFO] backend.auth - User TCH001 (UserRole.TEACHER) authenticated successfully.
2026-06-01 12:38:57,750 [INFO] backend.auth - User TCH001 (UserRole.TEACHER) authenticated successfully.
2026-06-01 12:38:58,102 [INFO] backend.auth - User TCH001 (UserRole.TEACHER) authenticated successfully.
2026-06-01 12:38:59,877 [INFO] backend.auth - User TCH001 (UserRole.TEACHER) authenticated successfully.
2026-06-01 12:39:23,043 [INFO] backend.auth - User TCH001 (UserRole.TEACHER) authenticated successfully.
2026-06-01 12:39:27,660 [INFO] backend.auth - User TCH001 (UserRole.TEACHER) authenticated successfully.
2026-06-01 12:39:53,058 [INFO] apscheduler.executors.default - Running job "startup.<locals>._expiry_job (trigger: interval[0:01:00], next run at: 2026-06-01 12:40:53 IST)" (scheduled at 2026-06-01 12:39:53.051327+05:30)
2026-06-01 12:39:54,154 [INFO] apscheduler.executors.default - Job "startup.<locals>._expiry_job (trigger: interval[0:01:00], next run at: 2026-06-01 12:40:53 IST)" executed successfully
2026-06-01 12:39:56,464 [INFO] backend.auth - User HOD001 (UserRole.HOD) authenticated successfully.
2026-06-01 12:39:56,780 [INFO] backend.auth - User HOD001 (UserRole.HOD) authenticated successfully.
2026-06-01 12:40:10,004 [INFO] backend.auth - User HOD001 (UserRole.HOD) authenticated successfully.
2026-06-01 12:40:10,007 [INFO] backend.auth - User HOD001 (UserRole.HOD) authenticated successfully.
2026-06-01 12:40:17,187 [INFO] backend.auth - User HOD001 (UserRole.HOD) authenticated successfully.
2026-06-01 12:40:17,517 [INFO] backend.auth - User HOD001 (UserRole.HOD) authenticated successfully.
2026-06-01 12:40:21,916 [INFO] backend.auth - User HOD001 (UserRole.HOD) authenticated successfully.
2026-06-01 12:40:21,935 [INFO] backend.auth - User HOD001 (UserRole.HOD) authenticated successfully.
2026-06-01 12:40:29,670 [INFO] backend.auth - User HOD001 (UserRole.HOD) authenticated successfully.
2026-06-01 12:40:29,673 [INFO] backend.auth - User HOD001 (UserRole.HOD) authenticated successfully.
2026-06-01 12:40:34,413 [INFO] backend.auth - User HOD001 (UserRole.HOD) authenticated successfully.
2026-06-01 12:40:36,524 [INFO] backend.auth - User HOD001 (UserRole.HOD) authenticated successfully.
2026-06-01 12:40:38,572 [INFO] backend.auth - User HOD001 (UserRole.HOD) authenticated successfully.
2026-06-01 12:40:53,066 [INFO] apscheduler.executors.default - Running job "startup.<locals>._expiry_job (trigger: interval[0:01:00], next run at: 2026-06-01 12:41:53 IST)" (scheduled at 2026-06-01 12:40:53.051327+05:30)
2026-06-01 12:40:54,169 [INFO] apscheduler.executors.default - Job "startup.<locals>._expiry_job (trigger: interval[0:01:00], next run at: 2026-06-01 12:41:53 IST)" executed successfully
2026-06-01 12:41:06,000 [INFO] backend.auth - User HOD001 (UserRole.HOD) authenticated successfully.
2026-06-01 12:41:06,003 [INFO] backend.auth - User HOD001 (UserRole.HOD) authenticated successfully.
2026-06-01 12:41:09,362 [INFO] backend.auth - User HOD001 (UserRole.HOD) authenticated successfully.
2026-06-01 12:41:09,377 [INFO] backend.auth - User HOD001 (UserRole.HOD) authenticated successfully.
2026-06-01 12:41:12,419 [INFO] backend.auth - User HOD001 (UserRole.HOD) authenticated successfully.
2026-06-01 12:41:12,427 [INFO] backend.auth - User HOD001 (UserRole.HOD) authenticated successfully.
2026-06-01 12:41:16,359 [INFO] backend.auth - User HOD001 (UserRole.HOD) authenticated successfully.
2026-06-01 12:41:29,202 [INFO] backend.auth - User HOD001 (UserRole.HOD) authenticated successfully.
2026-06-01 12:41:35,892 [INFO] backend.auth - User HOD001 (UserRole.HOD) authenticated via token param.
2026-06-01 12:41:53,063 [INFO] apscheduler.executors.default - Running job "startup.<locals>._expiry_job (trigger: interval[0:01:00], next run at: 2026-06-01 12:42:53 IST)" (scheduled at 2026-06-01 12:41:53.051327+05:30)
2026-06-01 12:41:54,223 [INFO] apscheduler.executors.default - Job "startup.<locals>._expiry_job (trigger: interval[0:01:00], next run at: 2026-06-01 12:42:53 IST)" executed successfully
2026-06-01 12:42:53,061 [INFO] apscheduler.executors.default - Running job "startup.<locals>._expiry_job (trigger: interval[0:01:00], next run at: 2026-06-01 12:43:53 IST)" (scheduled at 2026-06-01 12:42:53.051327+05:30)
2026-06-01 12:42:54,210 [INFO] apscheduler.executors.default - Job "startup.<locals>._expiry_job (trigger: interval[0:01:00], next run at: 2026-06-01 12:43:53 IST)" executed successfully
2026-06-01 12:43:53,056 [INFO] apscheduler.executors.default - Running job "startup.<locals>._expiry_job (trigger: interval[0:01:00], next run at: 2026-06-01 12:44:53 IST)" (scheduled at 2026-06-01 12:43:53.051327+05:30)
2026-06-01 12:43:54,157 [INFO] apscheduler.executors.default - Job "startup.<locals>._expiry_job (trigger: interval[0:01:00], next run at: 2026-06-01 12:44:53 IST)" executed successfully
2026-06-01 12:43:55,678 [INFO] backend.auth - User HOD001 (UserRole.HOD) authenticated successfully.
2026-06-01 12:43:55,701 [INFO] backend.auth - User HOD001 (UserRole.HOD) authenticated successfully.
2026-06-01 12:44:10,354 [INFO] backend.auth - User HOD001 (UserRole.HOD) authenticated successfully.
2026-06-01 12:44:10,676 [INFO] backend.auth - User HOD001 (UserRole.HOD) authenticated successfully.
2026-06-01 12:44:10,734 [INFO] backend.auth - User HOD001 (UserRole.HOD) authenticated successfully.
2026-06-01 12:44:53,065 [INFO] apscheduler.executors.default - Running job "startup.<locals>._expiry_job (trigger: interval[0:01:00], next run at: 2026-06-01 12:45:53 IST)" (scheduled at 2026-06-01 12:44:53.051327+05:30)
2026-06-01 12:44:54,206 [INFO] apscheduler.executors.default - Job "startup.<locals>._expiry_job (trigger: interval[0:01:00], next run at: 2026-06-01 12:45:53 IST)" executed successfully
2026-06-01 12:45:53,053 [INFO] apscheduler.executors.default - Running job "startup.<locals>._expiry_job (trigger: interval[0:01:00], next run at: 2026-06-01 12:46:53 IST)" (scheduled at 2026-06-01 12:45:53.051327+05:30)
2026-06-01 12:45:54,154 [INFO] apscheduler.executors.default - Job "startup.<locals>._expiry_job (trigger: interval[0:01:00], next run at: 2026-06-01 12:46:53 IST)" executed successfully
2026-06-01 12:46:53,066 [INFO] apscheduler.executors.default - Running job "startup.<locals>._expiry_job (trigger: interval[0:01:00], next run at: 2026-06-01 12:47:53 IST)" (scheduled at 2026-06-01 12:46:53.051327+05:30)
2026-06-01 12:46:54,149 [INFO] apscheduler.executors.default - Job "startup.<locals>._expiry_job (trigger: interval[0:01:00], next run at: 2026-06-01 12:47:53 IST)" executed successfully
2026-06-01 12:47:53,061 [INFO] apscheduler.executors.default - Running job "startup.<locals>._expiry_job (trigger: interval[0:01:00], next run at: 2026-06-01 12:48:53 IST)" (scheduled at 2026-06-01 12:47:53.051327+05:30)
2026-06-01 12:47:54,146 [INFO] apscheduler.executors.default - Job "startup.<locals>._expiry_job (trigger: interval[0:01:00], next run at: 2026-06-01 12:48:53 IST)" executed successfully
2026-06-01 12:48:53,063 [INFO] apscheduler.executors.default - Running job "startup.<locals>._expiry_job (trigger: interval[0:01:00], next run at: 2026-06-01 12:49:53 IST)" (scheduled at 2026-06-01 12:48:53.051327+05:30)
2026-06-01 12:48:54,141 [INFO] apscheduler.executors.default - Job "startup.<locals>._expiry_job (trigger: interval[0:01:00], next run at: 2026-06-01 12:49:53 IST)" executed successfully
2026-06-01 12:49:53,056 [INFO] apscheduler.executors.default - Running job "startup.<locals>._expiry_job (trigger: interval[0:01:00], next run at: 2026-06-01 12:50:53 IST)" (scheduled at 2026-06-01 12:49:53.051327+05:30)
2026-06-01 12:49:54,132 [INFO] apscheduler.executors.default - Job "startup.<locals>._expiry_job (trigger: interval[0:01:00], next run at: 2026-06-01 12:50:53 IST)" executed successfully
2026-06-01 12:50:53,055 [INFO] apscheduler.executors.default - Running job "startup.<locals>._expiry_job (trigger: interval[0:01:00], next run at: 2026-06-01 12:51:53 IST)" (scheduled at 2026-06-01 12:50:53.051327+05:30)
2026-06-01 12:50:54,126 [INFO] apscheduler.executors.default - Job "startup.<locals>._expiry_job (trigger: interval[0:01:00], next run at: 2026-06-01 12:51:53 IST)" executed successfully
2026-06-01 12:51:53,059 [INFO] apscheduler.executors.default - Running job "startup.<locals>._expiry_job (trigger: interval[0:01:00], next run at: 2026-06-01 12:52:53 IST)" (scheduled at 2026-06-01 12:51:53.051327+05:30)
2026-06-01 12:51:54,143 [INFO] apscheduler.executors.default - Job "startup.<locals>._expiry_job (trigger: interval[0:01:00], next run at: 2026-06-01 12:52:53 IST)" executed successfully
2026-06-01 12:52:53,060 [INFO] apscheduler.executors.default - Running job "startup.<locals>._expiry_job (trigger: interval[0:01:00], next run at: 2026-06-01 12:53:53 IST)" (scheduled at 2026-06-01 12:52:53.051327+05:30)
2026-06-01 12:52:54,147 [INFO] apscheduler.executors.default - Job "startup.<locals>._expiry_job (trigger: interval[0:01:00], next run at: 2026-06-01 12:53:53 IST)" executed successfully
2026-06-01 12:53:53,065 [INFO] apscheduler.executors.default - Running job "startup.<locals>._expiry_job (trigger: interval[0:01:00], next run at: 2026-06-01 12:54:53 IST)" (scheduled at 2026-06-01 12:53:53.051327+05:30)
2026-06-01 12:53:54,146 [INFO] apscheduler.executors.default - Job "startup.<locals>._expiry_job (trigger: interval[0:01:00], next run at: 2026-06-01 12:54:53 IST)" executed successfully
2026-06-01 12:54:53,055 [INFO] apscheduler.executors.default - Running job "startup.<locals>._expiry_job (trigger: interval[0:01:00], next run at: 2026-06-01 12:55:53 IST)" (scheduled at 2026-06-01 12:54:53.051327+05:30)
2026-06-01 12:54:54,167 [INFO] apscheduler.executors.default - Job "startup.<locals>._expiry_job (trigger: interval[0:01:00], next run at: 2026-06-01 12:55:53 IST)" executed successfully
2026-06-01 12:55:53,061 [INFO] apscheduler.executors.default - Running job "startup.<locals>._expiry_job (trigger: interval[0:01:00], next run at: 2026-06-01 12:56:53 IST)" (scheduled at 2026-06-01 12:55:53.051327+05:30)
2026-06-01 12:55:54,143 [INFO] apscheduler.executors.default - Job "startup.<locals>._expiry_job (trigger: interval[0:01:00], next run at: 2026-06-01 12:56:53 IST)" executed successfully
2026-06-01 12:56:24,982 [INFO] backend.auth - User HOD001 (UserRole.HOD) authenticated successfully.
2026-06-01 12:56:25,008 [INFO] backend.auth - User HOD001 (UserRole.HOD) authenticated successfully.
2026-06-01 12:56:26,400 [INFO] backend.auth - User HOD001 (UserRole.HOD) authenticated successfully.
2026-06-01 12:56:27,112 [INFO] backend.auth - User HOD001 (UserRole.HOD) authenticated successfully.
2026-06-01 12:56:53,067 [INFO] apscheduler.executors.default - Running job "startup.<locals>._expiry_job (trigger: interval[0:01:00], next run at: 2026-06-01 12:57:53 IST)" (scheduled at 2026-06-01 12:56:53.051327+05:30)
2026-06-01 12:56:54,171 [INFO] apscheduler.executors.default - Job "startup.<locals>._expiry_job (trigger: interval[0:01:00], next run at: 2026-06-01 12:57:53 IST)" executed successfully
2026-06-01 12:57:53,059 [INFO] apscheduler.executors.default - Running job "startup.<locals>._expiry_job (trigger: interval[0:01:00], next run at: 2026-06-01 12:58:53 IST)" (scheduled at 2026-06-01 12:57:53.051327+05:30)
2026-06-01 12:57:54,142 [INFO] apscheduler.executors.default - Job "startup.<locals>._expiry_job (trigger: interval[0:01:00], next run at: 2026-06-01 12:58:53 IST)" executed successfully
2026-06-01 12:58:53,052 [INFO] apscheduler.executors.default - Running job "startup.<locals>._expiry_job (trigger: interval[0:01:00], next run at: 2026-06-01 12:59:53 IST)" (scheduled at 2026-06-01 12:58:53.051327+05:30)
2026-06-01 12:58:54,143 [INFO] apscheduler.executors.default - Job "startup.<locals>._expiry_job (trigger: interval[0:01:00], next run at: 2026-06-01 12:59:53 IST)" executed successfully
2026-06-01 12:59:53,066 [INFO] apscheduler.executors.default - Running job "startup.<locals>._expiry_job (trigger: interval[0:01:00], next run at: 2026-06-01 13:00:53 IST)" (scheduled at 2026-06-01 12:59:53.051327+05:30)
2026-06-01 12:59:54,175 [INFO] apscheduler.executors.default - Job "startup.<locals>._expiry_job (trigger: interval[0:01:00], next run at: 2026-06-01 13:00:53 IST)" executed successfully
2026-06-01 13:00:53,054 [INFO] apscheduler.executors.default - Running job "startup.<locals>._expiry_job (trigger: interval[0:01:00], next run at: 2026-06-01 13:01:53 IST)" (scheduled at 2026-06-01 13:00:53.051327+05:30)
2026-06-01 13:00:54,151 [INFO] apscheduler.executors.default - Job "startup.<locals>._expiry_job (trigger: interval[0:01:00], next run at: 2026-06-01 13:01:53 IST)" executed successfully
2026-06-01 13:01:53,061 [INFO] apscheduler.executors.default - Running job "startup.<locals>._expiry_job (trigger: interval[0:01:00], next run at: 2026-06-01 13:02:53 IST)" (scheduled at 2026-06-01 13:01:53.051327+05:30)
2026-06-01 13:01:54,178 [INFO] apscheduler.executors.default - Job "startup.<locals>._expiry_job (trigger: interval[0:01:00], next run at: 2026-06-01 13:02:53 IST)" executed successfully
2026-06-01 13:02:53,062 [INFO] apscheduler.executors.default - Running job "startup.<locals>._expiry_job (trigger: interval[0:01:00], next run at: 2026-06-01 13:03:53 IST)" (scheduled at 2026-06-01 13:02:53.051327+05:30)
2026-06-01 13:02:54,237 [INFO] apscheduler.executors.default - Job "startup.<locals>._expiry_job (trigger: interval[0:01:00], next run at: 2026-06-01 13:03:53 IST)" executed successfully
2026-06-01 13:03:53,063 [INFO] apscheduler.executors.default - Running job "startup.<locals>._expiry_job (trigger: interval[0:01:00], next run at: 2026-06-01 13:04:53 IST)" (scheduled at 2026-06-01 13:03:53.051327+05:30)
2026-06-01 13:03:54,270 [INFO] apscheduler.executors.default - Job "startup.<locals>._expiry_job (trigger: interval[0:01:00], next run at: 2026-06-01 13:04:53 IST)" executed successfully
2026-06-01 13:04:53,057 [INFO] apscheduler.executors.default - Running job "startup.<locals>._expiry_job (trigger: interval[0:01:00], next run at: 2026-06-01 13:05:53 IST)" (scheduled at 2026-06-01 13:04:53.051327+05:30)
2026-06-01 13:04:54,236 [INFO] apscheduler.executors.default - Job "startup.<locals>._expiry_job (trigger: interval[0:01:00], next run at: 2026-06-01 13:05:53 IST)" executed successfully
2026-06-01 13:05:53,063 [INFO] apscheduler.executors.default - Running job "startup.<locals>._expiry_job (trigger: interval[0:01:00], next run at: 2026-06-01 13:06:53 IST)" (scheduled at 2026-06-01 13:05:53.051327+05:30)
2026-06-01 13:05:54,253 [INFO] apscheduler.executors.default - Job "startup.<locals>._expiry_job (trigger: interval[0:01:00], next run at: 2026-06-01 13:06:53 IST)" executed successfully
2026-06-01 13:06:53,061 [INFO] apscheduler.executors.default - Running job "startup.<locals>._expiry_job (trigger: interval[0:01:00], next run at: 2026-06-01 13:07:53 IST)" (scheduled at 2026-06-01 13:06:53.051327+05:30)
2026-06-01 13:06:54,212 [INFO] apscheduler.executors.default - Job "startup.<locals>._expiry_job (trigger: interval[0:01:00], next run at: 2026-06-01 13:07:53 IST)" executed successfully
2026-06-01 13:07:53,059 [INFO] apscheduler.executors.default - Running job "startup.<locals>._expiry_job (trigger: interval[0:01:00], next run at: 2026-06-01 13:08:53 IST)" (scheduled at 2026-06-01 13:07:53.051327+05:30)
2026-06-01 13:07:54,243 [INFO] apscheduler.executors.default - Job "startup.<locals>._expiry_job (trigger: interval[0:01:00], next run at: 2026-06-01 13:08:53 IST)" executed successfully
2026-06-01 13:08:53,061 [INFO] apscheduler.executors.default - Running job "startup.<locals>._expiry_job (trigger: interval[0:01:00], next run at: 2026-06-01 13:09:53 IST)" (scheduled at 2026-06-01 13:08:53.051327+05:30)
2026-06-01 13:08:54,176 [INFO] apscheduler.executors.default - Job "startup.<locals>._expiry_job (trigger: interval[0:01:00], next run at: 2026-06-01 13:09:53 IST)" executed successfully
2026-06-01 13:09:53,055 [INFO] apscheduler.executors.default - Running job "startup.<locals>._expiry_job (trigger: interval[0:01:00], next run at: 2026-06-01 13:10:53 IST)" (scheduled at 2026-06-01 13:09:53.051327+05:30)
2026-06-01 13:09:55,244 [INFO] apscheduler.executors.default - Job "startup.<locals>._expiry_job (trigger: interval[0:01:00], next run at: 2026-06-01 13:10:53 IST)" executed successfully
2026-06-01 13:10:53,062 [INFO] apscheduler.executors.default - Running job "startup.<locals>._expiry_job (trigger: interval[0:01:00], next run at: 2026-06-01 13:11:53 IST)" (scheduled at 2026-06-01 13:10:53.051327+05:30)
2026-06-01 13:10:55,063 [INFO] apscheduler.executors.default - Job "startup.<locals>._expiry_job (trigger: interval[0:01:00], next run at: 2026-06-01 13:11:53 IST)" executed successfully
2026-06-01 13:11:53,066 [INFO] apscheduler.executors.default - Running job "startup.<locals>._expiry_job (trigger: interval[0:01:00], next run at: 2026-06-01 13:12:53 IST)" (scheduled at 2026-06-01 13:11:53.051327+05:30)
2026-06-01 13:11:55,105 [INFO] apscheduler.executors.default - Job "startup.<locals>._expiry_job (trigger: interval[0:01:00], next run at: 2026-06-01 13:12:53 IST)" executed successfully
2026-06-01 13:12:53,056 [INFO] apscheduler.executors.default - Running job "startup.<locals>._expiry_job (trigger: interval[0:01:00], next run at: 2026-06-01 13:13:53 IST)" (scheduled at 2026-06-01 13:12:53.051327+05:30)
2026-06-01 13:12:54,714 [INFO] apscheduler.executors.default - Job "startup.<locals>._expiry_job (trigger: interval[0:01:00], next run at: 2026-06-01 13:13:53 IST)" executed successfully
2026-06-01 13:13:53,057 [INFO] apscheduler.executors.default - Running job "startup.<locals>._expiry_job (trigger: interval[0:01:00], next run at: 2026-06-01 13:14:53 IST)" (scheduled at 2026-06-01 13:13:53.051327+05:30)
2026-06-01 13:13:54,697 [INFO] apscheduler.executors.default - Job "startup.<locals>._expiry_job (trigger: interval[0:01:00], next run at: 2026-06-01 13:14:53 IST)" executed successfully
2026-06-01 13:14:53,068 [INFO] apscheduler.executors.default - Running job "startup.<locals>._expiry_job (trigger: interval[0:01:00], next run at: 2026-06-01 13:15:53 IST)" (scheduled at 2026-06-01 13:14:53.051327+05:30)
2026-06-01 13:14:54,729 [INFO] apscheduler.executors.default - Job "startup.<locals>._expiry_job (trigger: interval[0:01:00], next run at: 2026-06-01 13:15:53 IST)" executed successfully
2026-06-01 13:15:53,060 [INFO] apscheduler.executors.default - Running job "startup.<locals>._expiry_job (trigger: interval[0:01:00], next run at: 2026-06-01 13:16:53 IST)" (scheduled at 2026-06-01 13:15:53.051327+05:30)
2026-06-01 13:15:54,358 [INFO] apscheduler.executors.default - Job "startup.<locals>._expiry_job (trigger: interval[0:01:00], next run at: 2026-06-01 13:16:53 IST)" executed successfully
2026-06-01 13:16:53,056 [INFO] apscheduler.executors.default - Running job "startup.<locals>._expiry_job (trigger: interval[0:01:00], next run at: 2026-06-01 13:17:53 IST)" (scheduled at 2026-06-01 13:16:53.051327+05:30)
2026-06-01 13:16:54,543 [INFO] apscheduler.executors.default - Job "startup.<locals>._expiry_job (trigger: interval[0:01:00], next run at: 2026-06-01 13:17:53 IST)" executed successfully
2026-06-01 13:17:53,057 [INFO] apscheduler.executors.default - Running job "startup.<locals>._expiry_job (trigger: interval[0:01:00], next run at: 2026-06-01 13:18:53 IST)" (scheduled at 2026-06-01 13:17:53.051327+05:30)
2026-06-01 13:17:54,876 [INFO] apscheduler.executors.default - Job "startup.<locals>._expiry_job (trigger: interval[0:01:00], next run at: 2026-06-01 13:18:53 IST)" executed successfully
2026-06-01 13:18:53,088 [INFO] apscheduler.executors.default - Running job "startup.<locals>._expiry_job (trigger: interval[0:01:00], next run at: 2026-06-01 13:19:53 IST)" (scheduled at 2026-06-01 13:18:53.051327+05:30)
2026-06-01 13:18:54,754 [INFO] apscheduler.executors.default - Job "startup.<locals>._expiry_job (trigger: interval[0:01:00], next run at: 2026-06-01 13:19:53 IST)" executed successfully
2026-06-01 13:19:53,067 [INFO] apscheduler.executors.default - Running job "startup.<locals>._expiry_job (trigger: interval[0:01:00], next run at: 2026-06-01 13:20:53 IST)" (scheduled at 2026-06-01 13:19:53.051327+05:30)
2026-06-01 13:19:54,762 [INFO] apscheduler.executors.default - Job "startup.<locals>._expiry_job (trigger: interval[0:01:00], next run at: 2026-06-01 13:20:53 IST)" executed successfully
2026-06-01 13:20:53,059 [INFO] apscheduler.executors.default - Running job "startup.<locals>._expiry_job (trigger: interval[0:01:00], next run at: 2026-06-01 13:21:53 IST)" (scheduled at 2026-06-01 13:20:53.051327+05:30)
2026-06-01 13:20:54,868 [INFO] apscheduler.executors.default - Job "startup.<locals>._expiry_job (trigger: interval[0:01:00], next run at: 2026-06-01 13:21:53 IST)" executed successfully
2026-06-01 13:21:53,060 [INFO] apscheduler.executors.default - Running job "startup.<locals>._expiry_job (trigger: interval[0:01:00], next run at: 2026-06-01 13:22:53 IST)" (scheduled at 2026-06-01 13:21:53.051327+05:30)
2026-06-01 13:21:54,875 [INFO] apscheduler.executors.default - Job "startup.<locals>._expiry_job (trigger: interval[0:01:00], next run at: 2026-06-01 13:22:53 IST)" executed successfully
2026-06-01 13:22:53,068 [INFO] apscheduler.executors.default - Running job "startup.<locals>._expiry_job (trigger: interval[0:01:00], next run at: 2026-06-01 13:23:53 IST)" (scheduled at 2026-06-01 13:22:53.051327+05:30)
2026-06-01 13:22:54,882 [INFO] apscheduler.executors.default - Job "startup.<locals>._expiry_job (trigger: interval[0:01:00], next run at: 2026-06-01 13:23:53 IST)" executed successfully
2026-06-01 13:23:53,063 [INFO] apscheduler.executors.default - Running job "startup.<locals>._expiry_job (trigger: interval[0:01:00], next run at: 2026-06-01 13:24:53 IST)" (scheduled at 2026-06-01 13:23:53.051327+05:30)
2026-06-01 13:23:54,785 [INFO] apscheduler.executors.default - Job "startup.<locals>._expiry_job (trigger: interval[0:01:00], next run at: 2026-06-01 13:24:53 IST)" executed successfully
2026-06-01 13:24:53,057 [INFO] apscheduler.executors.default - Running job "startup.<locals>._expiry_job (trigger: interval[0:01:00], next run at: 2026-06-01 13:25:53 IST)" (scheduled at 2026-06-01 13:24:53.051327+05:30)
2026-06-01 13:24:54,690 [INFO] apscheduler.executors.default - Job "startup.<locals>._expiry_job (trigger: interval[0:01:00], next run at: 2026-06-01 13:25:53 IST)" executed successfully
2026-06-01 13:25:53,056 [INFO] apscheduler.executors.default - Running job "startup.<locals>._expiry_job (trigger: interval[0:01:00], next run at: 2026-06-01 13:26:53 IST)" (scheduled at 2026-06-01 13:25:53.051327+05:30)
2026-06-01 13:25:54,722 [INFO] apscheduler.executors.default - Job "startup.<locals>._expiry_job (trigger: interval[0:01:00], next run at: 2026-06-01 13:26:53 IST)" executed successfully
2026-06-01 13:29:13,013 [INFO] backend.main - SchoolSync API started. Schema managed externally — skipping create_all.
2026-06-01 13:29:13,016 [INFO] apscheduler.scheduler - Adding job tentatively -- it will be properly scheduled when the scheduler starts
2026-06-01 13:29:13,018 [INFO] apscheduler.scheduler - Added job "startup.<locals>._expiry_job" to job store "default"
2026-06-01 13:29:13,018 [INFO] apscheduler.scheduler - Scheduler started
2026-06-01 13:29:13,053 [WARNING] backend.auth - Invalid or expired JWT token received.
2026-06-01 13:29:13,056 [WARNING] backend.auth - Invalid or expired JWT token received.
2026-06-01 13:30:13,022 [INFO] apscheduler.executors.default - Running job "startup.<locals>._expiry_job (trigger: interval[0:01:00], next run at: 2026-06-01 13:31:13 IST)" (scheduled at 2026-06-01 13:30:13.016146+05:30)
2026-06-01 13:30:18,274 [INFO] apscheduler.executors.default - Job "startup.<locals>._expiry_job (trigger: interval[0:01:00], next run at: 2026-06-01 13:31:13 IST)" executed successfully
2026-06-01 13:31:13,021 [INFO] apscheduler.executors.default - Running job "startup.<locals>._expiry_job (trigger: interval[0:01:00], next run at: 2026-06-01 13:32:13 IST)" (scheduled at 2026-06-01 13:31:13.016146+05:30)
2026-06-01 13:31:14,614 [INFO] apscheduler.executors.default - Job "startup.<locals>._expiry_job (trigger: interval[0:01:00], next run at: 2026-06-01 13:32:13 IST)" executed successfully
2026-06-01 13:32:13,028 [INFO] apscheduler.executors.default - Running job "startup.<locals>._expiry_job (trigger: interval[0:01:00], next run at: 2026-06-01 13:33:13 IST)" (scheduled at 2026-06-01 13:32:13.016146+05:30)
2026-06-01 13:32:14,501 [INFO] apscheduler.executors.default - Job "startup.<locals>._expiry_job (trigger: interval[0:01:00], next run at: 2026-06-01 13:33:13 IST)" executed successfully
2026-06-01 13:33:13,031 [INFO] apscheduler.executors.default - Running job "startup.<locals>._expiry_job (trigger: interval[0:01:00], next run at: 2026-06-01 13:34:13 IST)" (scheduled at 2026-06-01 13:33:13.016146+05:30)
2026-06-01 13:33:14,421 [INFO] apscheduler.executors.default - Job "startup.<locals>._expiry_job (trigger: interval[0:01:00], next run at: 2026-06-01 13:34:13 IST)" executed successfully
2026-06-01 13:34:13,018 [INFO] apscheduler.executors.default - Running job "startup.<locals>._expiry_job (trigger: interval[0:01:00], next run at: 2026-06-01 13:35:13 IST)" (scheduled at 2026-06-01 13:34:13.016146+05:30)
2026-06-01 13:34:14,731 [INFO] apscheduler.executors.default - Job "startup.<locals>._expiry_job (trigger: interval[0:01:00], next run at: 2026-06-01 13:35:13 IST)" executed successfully
2026-06-01 13:35:13,023 [INFO] apscheduler.executors.default - Running job "startup.<locals>._expiry_job (trigger: interval[0:01:00], next run at: 2026-06-01 13:36:13 IST)" (scheduled at 2026-06-01 13:35:13.016146+05:30)
2026-06-01 13:35:14,627 [INFO] apscheduler.executors.default - Job "startup.<locals>._expiry_job (trigger: interval[0:01:00], next run at: 2026-06-01 13:36:13 IST)" executed successfully
2026-06-01 13:35:46,170 [INFO] apscheduler.scheduler - Scheduler has been shut down
